# Noesis .obj export.
#
mtllib model.mtl
g
v  0.386774 0.139311 0.655737
v  -0.804627 0.135689 68.200935
v  0.482034 0.401052 0.655737
v  -0.711324 0.390641 68.200935
v  0.661462 0.614474 0.655737
v  -0.537116 0.598518 68.200935
v  0.902222 0.753662 0.655737
v  -0.302229 0.734198 68.200935
v  1.176909 0.802095 0.655737
v  -0.034718 0.781273 68.200935
v  1.450945 0.753662 0.655737
v  0.232140 0.734198 68.200935
v  1.692357 0.614474 0.655737
v  0.467027 0.598518 68.200935
v  1.871132 0.401052 0.655737
v  0.641888 0.390641 68.200935
v  1.966392 0.139311 0.655737
v  0.734538 0.135689 68.200935
v  1.966392 -0.139292 0.655737
v  0.734538 -0.135671 68.200935
v  1.871132 -0.401033 0.655737
v  0.641888 -0.390622 68.200935
v  1.692357 -0.614455 0.655737
v  0.467027 -0.598499 68.200935
v  1.450945 -0.753756 0.655737
v  0.232140 -0.734179 68.200935
v  1.176909 -0.802076 0.655737
v  -0.034718 -0.781367 68.200935
v  0.902222 -0.753756 0.655737
v  -0.302229 -0.734179 68.200935
v  0.661462 -0.614455 0.655737
v  -0.537116 -0.598499 68.200935
v  0.482034 -0.401033 0.655737
v  -0.711324 -0.390622 68.200935
v  0.386774 -0.139292 0.655737
v  -0.804627 -0.135671 68.200935
v  0.386774 0.139311 0.655737
v  -0.804627 0.135689 68.200935
v  -18.968599 -0.028960 -12.791604
v  -18.945765 -0.057703 -12.982871
v  -18.932062 -0.112699 -12.773094
v  -18.919012 -0.166450 -12.890323
v  -18.834192 -0.259921 -12.726820
v  -18.853765 -0.256979 -13.004466
v  -18.780689 -0.359729 -12.844048
v  -18.731754 -0.429210 -12.933512
v  -18.609093 -0.487262 -12.603421
v  -18.573206 -0.566022 -12.699055
v  -18.258066 -0.726824 -12.390559
v  -18.522966 -0.608457 -12.847133
v  -18.204563 -0.773785 -12.544806
v  -18.102127 -0.813052 -12.840963
v  -17.740009 -0.939340 -12.177696
v  -17.621912 -0.985736 -12.492363
v  -17.005333 -1.132619 -12.103658
v  -17.436613 -1.026474 -12.976702
v  -16.789368 -1.180147 -12.612676
v  -16.483360 -1.220206 -13.312962
v  -16.012281 -1.300550 -12.220886
v  -15.654078 -1.345362 -12.945851
v  -14.706046 -1.429214 -12.554062
v  -15.209097 -1.379310 -13.815810
v  -14.190598 -1.465765 -13.442531
v  -13.600118 -1.487831 -14.417377
v  -13.041608 -1.501976 -13.050740
v  -12.387838 -1.524835 -14.022503
v  -11.079646 -1.502769 -13.612203
v  -11.697530 -1.532530 -15.022030
v  -10.369763 -1.510464 -14.583965
v  -9.672931 -1.502656 -15.518708
v  -9.009375 -1.448565 -14.145901
v  -8.325591 -1.441096 -15.037455
v  -6.982818 -1.359280 -14.574711
v  -7.686175 -1.419029 -15.854969
v  -6.374721 -1.338459 -15.342866
v  -5.838394 -1.304397 -16.006132
v  -5.106981 -1.247364 -14.836932
v  -4.607193 -1.215453 -15.450839
v  -3.444500 -1.125490 -14.901716
v  -4.198750 -1.174262 -15.941348
v  -3.068681 -1.087355 -15.345950
v  -2.797255 -1.043674 -15.651361
v  -2.030609 -1.010745 -14.735128
v  -1.783324 -0.970572 -15.009690
v  -0.880965 -0.918292 -14.334084
v  -1.620208 -0.923497 -15.182447
v  -0.730246 -0.873254 -14.485247
v  -0.643468 -0.817805 -14.571626
v  0.057932 -0.822558 -13.747941
v  0.142100 -0.762809 -13.825066
v  0.833713 -0.677599 -13.019891
v  0.203432 -0.653609 -13.880594
v  0.895697 -0.574848 -13.069250
v  0.965511 -0.405673 -13.124780
v  1.409839 -0.506726 -12.242481
v  1.478348 -0.366859 -12.291841
v  1.730200 -0.356335 -11.483581
v  1.532503 -0.192477 -12.325775
v  1.783049 -0.190893 -11.517515
v  1.800666 0.008836 -11.526770
v  1.903755 -0.192817 -10.721596
v  1.921372 0.008610 -10.730850
v  2.041425 0.008383 -9.934931
v  2.024461 -0.194741 -9.925675
v  1.971612 -0.363577 -9.897911
v  1.850906 -0.359956 -10.690746
v  1.783049 -0.492580 -10.650641
v  1.661691 -0.487375 -11.440392
v  1.598402 -0.584128 -11.397202
v  1.346550 -0.604157 -12.199291
v  1.260425 -0.690725 -12.134507
v  0.748240 -0.750587 -12.948936
v  0.609265 -0.830366 -12.828623
v  -0.084958 -0.875404 -13.612203
v  -0.298314 -0.922479 -13.396255
v  -1.108676 -0.956088 -14.090372
v  -1.425774 -0.989697 -13.732516
v  -2.375110 -1.046277 -14.334084
v  -2.797255 -1.074115 -13.828150
v  -3.904488 -1.155138 -14.340254
v  -4.427765 -1.173244 -13.686242
v  -5.673973 -1.266828 -14.124307
v  -6.282071 -1.273391 -13.343812
v  -7.633978 -1.366297 -13.732516
v  -8.299492 -1.359280 -12.856388
v  -9.706860 -1.441096 -13.214243
v  -10.367154 -1.419143 -12.307265
v  -11.752337 -1.480023 -12.665120
v  -12.335641 -1.442680 -11.804417
v  -13.609905 -1.464181 -12.165357
v  -14.063368 -1.414843 -11.437306
v  -15.119057 -1.381234 -11.819841
v  -15.404183 -1.324880 -11.295398
v  -16.262827 -1.247704 -11.696443
v  -16.418766 -1.190784 -11.360182
v  -17.141699 -1.080225 -11.776651
v  -17.208250 -1.025682 -11.616234
v  -17.798731 -0.887965 -12.020364
v  -17.835268 -0.776501 -11.924730
v  -18.291994 -0.632561 -12.291841
v  -18.335709 -0.451050 -12.165357
v  -18.652155 -0.350563 -12.483108
v  -18.686735 -0.186593 -12.384389
v  -18.875950 -0.142913 -12.628100
v  1.904408 -0.497786 -9.857807
v  1.841119 -0.597481 -9.820787
v  1.719760 -0.590804 -10.610537
v  1.634940 -0.683936 -10.551923
v  1.512929 -0.676014 -11.338588
v  1.377869 -0.792797 -11.239869
v  1.122755 -0.797776 -12.026533
v  0.924405 -0.909239 -11.859945
v  0.405043 -0.909239 -12.640441
v  0.125136 -0.979852 -12.365879
v  -0.593228 -0.964575 -13.081590
v  -0.954041 -0.997844 -12.677460
v  -1.814643 -1.016063 -13.279027
v  -2.257014 -1.032245 -12.745329
v  -3.278122 -1.090976 -13.235838
v  -3.794221 -1.096747 -12.581826
v  -4.990190 -1.179468 -12.967446
v  -5.565012 -1.173244 -12.217801
v  -6.903870 -1.266828 -12.529382
v  -7.493046 -1.247364 -11.730377
v  -8.929773 -1.338459 -12.001854
v  -9.475886 -1.304511 -11.224444
v  -10.939365 -1.383271 -11.483581
v  -11.394134 -1.336422 -10.807975
v  -12.800196 -1.393908 -11.094875
v  -13.114684 -1.336988 -10.601282
v  -14.373289 -1.357017 -10.922118
v  -14.561852 -1.295797 -10.601282
v  -15.579697 -1.264904 -10.962222
v  -15.662560 -1.206287 -10.804890
v  -16.493801 -1.133864 -11.199764
v  -16.538168 -0.997731 -11.104131
v  -17.248703 -0.900299 -11.517515
v  -17.307425 -0.635276 -11.375607
v  -17.886812 -0.549727 -11.785907
v  -17.930529 -0.279498 -11.671763
v  -18.372248 -0.233555 -12.057384
v  1.757603 -0.691857 -9.768343
v  1.627763 -0.810223 -9.685049
v  1.503142 -0.801510 -10.462459
v  1.314579 -0.925195 -10.323636
v  1.184739 -0.915689 -11.088706
v  0.924405 -1.026021 -10.869674
v  0.655590 -1.009160 -11.616234
v  0.331315 -1.087807 -11.307738
v  -0.214799 -1.035527 -12.011108
v  -0.599753 -1.069362 -11.594639
v  -1.364442 -1.017987 -12.202376
v  -1.804856 -1.024777 -11.677933
v  -2.732661 -1.037677 -12.156102
v  -3.220052 -1.032132 -11.542195
v  -4.323370 -1.090976 -11.896965
v  -4.825768 -1.074002 -11.230614
v  -6.110472 -1.155138 -11.483581
v  -6.583509 -1.125490 -10.820314
v  -8.003925 -1.215453 -11.008497
v  -8.407802 -1.174262 -10.419270
v  -9.908471 -1.260265 -10.588943
v  -10.197513 -1.209003 -10.153963
v  -11.699488 -1.281992 -10.342145
v  -11.882830 -1.223374 -10.055244
v  -13.305203 -1.276447 -10.295871
v  -13.395244 -1.216698 -10.150878
v  -14.651239 -1.236161 -10.450119
v  -14.703436 -1.089391 -10.363740
v  -15.711494 -1.062799 -10.715425
v  -15.785223 -0.748437 -10.576602
v  -16.604719 -0.703060 -10.962222
v  -16.663441 -0.353053 -10.835739
v  -17.358969 -0.320236 -11.252209
v  1.444420 -0.934700 -9.558565
v  1.199093 -1.047182 -9.370383
v  1.061423 -1.036545 -10.120028
v  0.758027 -1.124471 -9.860891
v  0.611222 -1.112929 -10.585857
v  0.260196 -1.165775 -10.252682
v  -0.034066 -1.135561 -10.937543
v  -0.424892 -1.151404 -10.533413
v  -1.012111 -1.080565 -11.134980
v  -1.434256 -1.068683 -10.650641
v  -2.255709 -1.017761 -11.131895
v  -2.685031 -0.997392 -10.598197
v  -3.682650 -1.015950 -10.940628
v  -4.085221 -0.989583 -10.397675
v  -5.261615 -1.046277 -10.625961
v  -5.606117 -1.010631 -10.135453
v  -6.957372 -1.087241 -10.277361
v  -7.204656 -1.043448 -9.910251
v  -8.676617 -1.126735 -10.015140
v  -8.838428 -1.073775 -9.765258
v  -10.371069 -1.153101 -9.885571
v  -10.456542 -1.094710 -9.752918
v  -11.972218 -1.164191 -9.916421
v  -12.025067 -1.022853 -9.836212
v  -13.448746 -1.071173 -10.067584
v  -13.527041 -0.752964 -9.947270
v  -14.781733 -0.766656 -10.234172
v  -14.850241 -0.384285 -10.123114
v  -15.849817 -0.375459 -10.456289
v  0.905484 -1.136127 -9.132841
v  0.577946 -1.190218 -8.852110
v  0.419397 -1.177997 -9.552396
v  0.058584 -1.195989 -9.213050
v  -0.114319 -1.183428 -9.882486
v  -0.496663 -1.164870 -9.499951
v  -0.824201 -1.134656 -10.107689
v  -1.205893 -1.086110 -9.697389
v  -1.836826 -1.034395 -10.184813
v  -2.189157 -0.978381 -9.768343
v  -3.059546 -0.964122 -10.120028
v  -3.355765 -0.921913 -9.734408
v  -4.402971 -0.955862 -9.959610
v  -4.613065 -0.917953 -9.666539
v  -5.833175 -0.970233 -9.802278
v  -5.970192 -0.923045 -9.598670
v  -7.354071 -0.993544 -9.681964
v  -7.431714 -0.936964 -9.564735
v  -8.919987 -1.016289 -9.641859
v  -8.970879 -0.887399 -9.567821
v  -10.508739 -0.959143 -9.675794
v  -10.580510 -0.671941 -9.570906
v  -12.100754 -0.717884 -9.725153
v  -12.166000 -0.357693 -9.626434
v  -13.595551 -0.376477 -9.842381
v  0.231488 -1.208550 -8.540529
v  -0.122148 -1.189765 -8.219693
v  -0.309406 -1.177318 -8.858279
v  -0.661085 -1.123227 -8.518934
v  -0.862044 -1.111345 -9.129756
v  -1.184361 -1.023758 -8.802751
v  -1.541260 -1.006897 -9.336449
v  -1.811380 -0.906976 -9.049547
v  -2.469718 -0.907655 -9.438252
v  -2.658280 -0.829234 -9.219220
v  -3.552157 -0.874838 -9.478356
v  -3.673516 -0.821879 -9.324109
v  -4.740948 -0.872688 -9.487612
v  -4.812719 -0.817126 -9.385808
v  -6.044573 -0.867143 -9.490697
v  -6.093508 -0.750474 -9.422828
v  -7.480649 -0.814750 -9.493781
v  -7.543938 -0.567493 -9.401233
v  -9.038083 -0.620000 -9.469102
v  -9.095500 -0.305525 -9.385808
v  -10.642494 -0.333137 -9.481441
v  -0.460125 -1.135222 -7.908112
v  -0.760259 -1.045938 -7.639720
v  -0.972310 -1.034848 -8.219693
v  -1.224814 -0.923724 -7.985236
v  -1.444695 -0.913539 -8.546699
v  -1.624123 -0.791665 -8.377026
v  -1.994723 -0.796305 -8.861364
v  -2.113472 -0.689481 -8.747221
v  -2.777681 -0.749569 -9.086567
v  -2.850757 -0.675562 -9.006358
v  -3.745287 -0.761677 -9.231560
v  -3.794874 -0.652364 -9.172946
v  -4.861654 -0.704078 -9.321024
v  -4.919071 -0.486696 -9.250070
v  -6.152883 -0.520871 -9.339534
v  -6.201818 -0.252113 -9.271665
v  -7.596787 -0.277461 -9.327193
v  -1.004934 -0.933795 -7.423773
v  -1.175227 -0.810563 -7.288035
v  -1.399675 -0.801170 -7.834073
v  -1.515161 -0.683936 -7.738439
v  -1.741567 -0.675222 -8.275222
v  -1.816600 -0.581525 -8.213523
v  -2.188505 -0.601328 -8.676267
v  -2.243312 -0.502765 -8.629992
v  -2.902954 -0.572133 -8.953914
v  -2.959719 -0.404541 -8.898384
v  -3.851638 -0.452295 -9.108161
v  -3.896658 -0.217939 -9.058802
v  -4.965396 -0.233215 -9.191455
v  -1.288756 -0.692649 -7.204741
v  -1.363789 -0.596349 -7.152297
v  -1.590195 -0.588880 -7.682910
v  -1.645654 -0.489186 -7.642806
v  -1.872060 -0.483414 -8.170334
v  -1.928824 -0.354185 -8.130229
v  -2.299424 -0.364708 -8.583718
v  -2.342487 -0.194967 -8.552869
v  -3.003434 -0.204246 -8.858279
v  -12.975057 -1.495074 -15.419990
v  -12.358477 -1.487039 -16.385582
v  -14.160585 -1.406129 -15.762420
v  -13.624911 -1.398321 -16.715673
v  -14.751719 -1.266036 -16.953215
v  -13.115989 -1.376594 -17.591801
v  -14.309347 -1.246233 -17.801579
v  -13.907429 -1.214548 -18.545053
v  -15.316101 -1.079660 -17.921892
v  -14.959203 -1.052501 -18.628347
v  -15.771522 -0.862164 -18.631433
v  -14.653196 -1.017874 -19.205236
v  -15.490309 -0.835006 -19.171301
v  -15.273691 -0.804339 -19.563091
v  -16.086662 -0.638332 -19.094177
v  -15.877221 -0.625205 -19.455118
v  -16.234772 -0.460556 -19.353313
v  -15.731069 -0.603705 -19.692659
v  -16.082094 -0.467911 -19.569262
v  -16.015543 -0.430908 -19.692659
v  -16.251083 -0.369688 -19.467457
v  -16.252388 -0.320010 -19.529156
v  -16.491842 -0.222691 -19.285444
v  -16.239992 -0.236271 -19.609365
v  -16.487928 -0.103986 -19.347143
v  -16.430511 0.090538 -19.464373
v  -16.765879 -0.029526 -18.952269
v  -16.762615 0.168280 -18.973864
v  -17.054920 0.209357 -18.477184
v  -11.018967 -1.524496 -15.981452
v  -10.382813 -1.501184 -16.860666
v  -9.021118 -1.479797 -16.376328
v  -8.445644 -1.442341 -17.116718
v  -7.122446 -1.383044 -16.564510
v  -6.658543 -1.336309 -17.129057
v  -5.398633 -1.260265 -16.536745
v  -5.077620 -1.209116 -16.910025
v  -3.901878 -1.126848 -16.280693
v  -3.708749 -1.074115 -16.493555
v  -2.619785 -0.993997 -15.845714
v  -2.525177 -0.937416 -15.944433
v  -1.530820 -0.867709 -15.274997
v  -1.469489 -0.750587 -15.333611
v  -0.582789 -0.704531 -14.630239
v  -0.509060 -0.486017 -14.695024
v  0.274550 -0.452295 -13.939209
v  0.331967 -0.214204 -13.985483
v  1.020318 -0.201191 -13.164884
v  1.039239 0.007591 -13.177223
v  1.550119 0.008723 -12.338115
v  -11.777783 -1.464294 -17.274050
v  -11.261031 -1.427177 -18.042206
v  -9.820388 -1.463275 -17.622650
v  -9.354528 -1.413824 -18.236559
v  -7.970650 -1.393568 -17.709030
v  -7.620929 -1.336761 -18.131670
v  -6.319261 -1.281992 -17.530102
v  -6.097423 -1.223487 -17.779984
v  -4.868831 -1.153327 -17.141397
v  -4.763784 -1.095050 -17.255541
v  -3.608922 -1.016629 -16.601530
v  -3.544327 -0.887286 -16.666313
v  -2.462540 -0.814750 -16.006132
v  -2.380330 -0.566248 -16.086342
v  -1.392498 -0.519852 -15.404565
v  -1.328556 -0.247247 -15.463179
v  -0.449033 -0.228802 -14.747468
v  -0.429459 0.000802 -14.765978
v  0.351541 0.005215 -14.000908
v  -12.659264 -1.341741 -18.356871
v  -12.275614 -1.296589 -18.980034
v  -13.565537 -1.173923 -19.149706
v  -13.305857 -1.126961 -19.593941
v  -14.418309 -0.978267 -19.627874
v  -14.258455 -0.933116 -19.905521
v  -15.124276 -0.767335 -19.822227
v  -15.045328 -0.720826 -19.957966
v  -15.655383 -0.562174 -19.822227
v  -15.608405 -0.480698 -19.908606
v  -15.985530 -0.356561 -19.779037
v  -15.941162 -0.252000 -19.874672
v  -16.202801 -0.126052 -19.705000
v  -16.095797 -0.079203 -19.819143
v  -16.176702 0.036674 -19.769783
v  -10.831057 -1.378971 -18.665367
v  -10.509391 -1.322956 -19.118856
v  -9.009375 -1.356225 -18.674622
v  -8.783622 -1.295231 -18.952269
v  -7.393219 -1.276333 -18.396976
v  -7.282952 -1.216698 -18.523458
v  -5.989114 -1.164417 -17.900297
v  -5.921257 -1.022627 -17.971252
v  -4.697233 -0.959030 -17.323410
v  -4.602626 -0.670356 -17.415958
v  -3.456245 -0.618642 -16.749607
v  -3.381211 -0.299641 -16.820562
v  -2.311168 -0.272030 -16.151125
v  -2.288332 -0.011872 -16.172720
v  -1.307677 -0.005083 -15.484774
v  -11.986572 -1.244083 -19.433523
v  -11.793443 -1.187615 -19.729679
v  -13.130996 -1.075360 -19.883926
v  -13.044218 -1.020929 -20.028919
v  -14.176897 -0.882081 -20.047430
v  -14.123395 -0.768693 -20.136894
v  -14.991826 -0.624526 -20.047430
v  -14.921360 -0.437697 -20.161573
v  -15.547073 -0.338795 -20.013494
v  -15.496834 -0.165771 -20.093704
v  -15.903319 -0.125486 -19.945625
v  -15.893533 0.015060 -19.964136
v  -15.482479 0.009515 -20.118383
v  -14.845021 0.003631 -20.284971
v  -14.862638 -0.211375 -20.257206
v  -13.981157 -0.257658 -20.368265
v  -14.047056 -0.536713 -20.263376
v  -12.904591 -0.623734 -20.247952
v  -12.988106 -0.893623 -20.118383
v  -11.639461 -0.992752 -19.957966
v  -11.699488 -1.130582 -19.871588
v  -10.195556 -1.204476 -19.544580
v  -10.297340 -1.263320 -19.405758
v  -13.960931 -0.003046 -20.402201
v  -12.808678 -0.010854 -20.399115
v  -12.831514 -0.299867 -20.362095
v  -11.468514 -0.335400 -20.201677
v  -11.548116 -0.693781 -20.090618
v  -10.032439 -0.741874 -19.751274
v  -10.130961 -1.059743 -19.627874
v  -8.607456 -1.087807 -19.162046
v  -8.675312 -1.235596 -19.081837
v  -11.442416 -0.019341 -20.238697
v  -9.917605 -0.028168 -19.893181
v  -9.946314 -0.361314 -19.856163
v  -8.413673 -0.373535 -19.371824
v  -8.504366 -0.762583 -19.273104
v  -7.111353 -0.750361 -18.702387
v  -7.214443 -1.070494 -18.594414
v  -8.383660 -0.034392 -19.405758
v  -6.990647 -0.034957 -18.822701
v  -7.020661 -0.367990 -18.791851
v  -5.734653 -0.350563 -18.153265
v  -5.821430 -0.716073 -18.069971
v  -5.705291 -0.031676 -18.181028
v  -4.494317 -0.026131 -17.517763
v  -4.521720 -0.326800 -17.493082
v  -14.700174 -1.399679 -14.775233
v  -15.672999 -1.268299 -15.077559
v  -16.104931 -1.250420 -14.152071
v  -16.857224 -1.085770 -14.442058
v  -17.176931 -1.060422 -13.643053
v  -17.719130 -0.872349 -13.923784
v  -17.942272 -0.845643 -13.294452
v  -18.301781 -0.654401 -13.547419
v  -18.436188 -0.635616 -13.124780
v  -18.614964 -0.474361 -13.322217
v  -18.679558 -0.467798 -13.069250
v  -18.747414 -0.351469 -13.201903
v  -18.796349 -0.325328 -13.081590
v  -18.827667 -0.263316 -13.134034
v  -18.877254 -0.186254 -13.081590
v  -18.845936 -0.154116 -13.214243
v  -18.894871 -0.003385 -13.177223
v  -18.822449 0.053874 -13.479549
v  -18.797655 -0.259469 -13.238923
v  -18.757854 -0.227444 -13.482635
v  -18.701090 -0.336079 -13.442531
v  -18.618879 -0.308807 -13.828150
v  -18.510569 -0.469156 -13.723262
v  -18.339624 -0.472098 -14.287809
v  -18.107346 -0.671262 -14.139731
v  -17.865282 -0.683709 -14.855442
v  -17.443789 -0.891926 -14.676515
v  -17.129953 -0.902676 -15.512538
v  -16.491842 -1.100368 -15.321271
v  -16.100365 -1.104216 -16.231335
v  -15.213012 -1.273618 -16.030811
v  -18.676949 -0.192025 -13.874425
v  -18.525576 -0.177767 -14.420463
v  -18.463593 -0.299528 -14.374188
v  -18.256107 -0.296586 -15.043625
v  -18.119743 -0.476172 -14.972671
v  -17.868544 -0.474588 -15.734655
v  -17.589289 -0.689367 -15.648276
v  -17.287849 -0.688575 -16.465792
v  -16.791325 -0.904713 -16.373241
v  -16.441603 -0.898376 -17.203096
v  -15.702360 -1.097086 -17.110548
v  -18.323965 -0.172222 -15.077559
v  -18.094297 -0.162377 -15.808695
v  -18.019917 -0.288891 -15.784015
v  -17.758930 -0.278480 -16.546000
v  -17.593204 -0.468703 -16.518236
v  -17.300247 -0.460103 -17.274050
v  -16.972057 -0.681899 -17.252457
v  -16.656263 -0.670356 -17.974337
v  -16.096449 -0.884004 -17.971252
v  -17.839836 -0.150834 -16.561424
v  -17.566452 -0.140197 -17.280220
v  -17.479675 -0.267843 -17.277136
v  -17.193243 -0.259129 -17.943487
v  -17.002724 -0.450145 -17.961996
v  -16.714333 -0.440526 -18.551224
v  -16.353519 -0.654627 -18.594414
v  -16.913336 -0.254490 -18.514204
v  -16.649740 -0.270219 -18.964609
v  -17.007942 -0.131031 -18.492609
v  -16.741085 -0.154455 -18.946098
v  -16.416157 -0.322386 -19.285444
v  -16.452696 -0.440753 -19.020138
v  -1.703071 -0.358145 -7.605786
v  -1.746134 -0.195193 -7.578021
v  -1.477318 -0.362106 -7.081343
v  -1.520381 -0.197117 -7.056663
v  -1.279621 -0.199493 -6.242234
v  -1.235906 -0.366632 -6.263828
v  -1.177837 -0.501633 -6.291593
v  -0.963828 -0.372290 -4.860171
v  -0.905759 -0.509894 -4.881766
v  -0.618022 -0.518947 -3.175783
v  -0.848994 -0.615473 -4.906446
v  -0.561257 -0.627016 -3.194293
v  -0.488834 -0.728521 -3.215888
v  -0.274173 -0.638219 -1.479055
v  -0.203054 -0.741421 -1.491395
v  0.008345 -0.738592 -0.183372
v  -0.102575 -0.863409 -1.509905
v  0.102952 -0.853225 -0.180287
v  0.245842 -0.991394 -0.189542
v  0.156454 -0.795060 0.310221
v  0.320875 -0.965141 0.307136
v  0.347626 -0.939340 0.371921
v  0.504870 -1.096294 0.304052
v  0.523792 -1.063138 0.371921
v  0.717574 -1.153780 0.371921
v  0.549238 -1.019684 0.436705
v  0.735191 -1.106592 0.436705
v  0.768466 -1.028058 0.501489
v  0.933540 -1.159551 0.436705
v  0.952461 -1.077283 0.501489
v  1.142981 -1.094031 0.501489
v  0.991609 -0.941037 0.575528
v  1.157335 -0.955748 0.575528
v  1.176909 -0.802076 0.655737
v  1.323061 -0.941037 0.575528
v  1.450945 -0.753756 0.655737
v  1.484220 -0.898036 0.575528
v  1.634940 -0.827537 0.575528
v  1.516844 -1.028058 0.501489
v  1.689747 -0.947374 0.501489
v  1.726285 -1.019684 0.436705
v  1.845686 -0.838061 0.501489
v  1.894621 -0.902110 0.436705
v  2.040121 -0.756925 0.436705
v  1.927896 -0.939340 0.371921
v  2.081226 -0.784423 0.375006
v  2.119069 -0.795060 0.310221
v  2.198669 -0.612418 0.378091
v  2.224116 -0.627129 0.334901
v  2.316766 -0.452295 0.310221
v  2.239122 -0.635729 0.307136
v  2.281533 -0.571454 0.288627
v  2.254129 -0.644556 0.270117
v  2.291320 -0.543503 -0.331450
v  2.241732 -0.645348 -0.334535
v  2.186925 -0.638219 -2.080623
v  2.176486 -0.738479 -0.325280
v  2.113849 -0.740856 -2.068283
v  2.010107 -0.862956 -2.049773
v  2.035553 -0.727503 -4.372748
v  1.923982 -0.848585 -4.335728
v  1.838509 -0.833874 -6.621684
v  1.768695 -0.974873 -4.277114
v  1.672130 -0.959596 -6.535305
v  1.448987 -1.074341 -6.408822
v  1.566431 -0.945677 -8.420216
v  1.330239 -1.059291 -8.256713
v  1.048374 -1.149367 -8.046935
v  1.332848 -1.077283 0.501489
v  1.341983 -1.159551 0.436705
v  1.137761 -1.177657 0.436705
v  1.137761 -1.227787 0.371921
v  0.924405 -1.209003 0.371921
v  0.917881 -1.246572 0.304052
v  0.704525 -1.189652 0.304052
v  0.636668 -1.207871 -0.217307
v  0.427880 -1.113042 -0.201882
v  0.229530 -1.107384 -1.587029
v  0.038358 -0.990036 -1.540755
v  -0.236330 -0.974759 -3.314607
v  -0.385092 -0.849264 -3.252907
v  -0.667609 -0.834779 -4.998995
v  -0.775918 -0.715055 -4.943465
v  -1.047344 -0.702607 -6.371802
v  -1.121725 -0.604836 -6.325528
v  -1.419901 -0.495070 -7.115277
v  -0.936425 -0.821426 -6.442756
v  -0.771351 -0.945338 -6.563069
v  -0.510365 -0.959370 -5.091544
v  -0.289180 -1.073888 -5.233452
v  -0.030151 -1.090636 -3.410240
v  0.217133 -1.183541 -3.530554
v  0.455283 -1.201760 -1.648728
v  0.700610 -1.259359 -1.716597
v  0.861116 -1.265696 -0.235816
v  1.092089 -1.285386 -0.254326
v  1.137761 -1.266036 0.304052
v  1.357642 -1.246572 0.304052
v  1.351117 -1.209003 0.371921
v  1.557949 -1.153780 0.371921
v  1.540332 -1.106592 0.436705
v  -0.536464 -1.058499 -6.745082
v  -0.250032 -1.148801 -6.979539
v  -0.021016 -1.165436 -5.415464
v  0.277160 -1.221337 -5.625242
v  0.488559 -1.240348 -3.669377
v  0.771076 -1.259699 -3.817455
v  0.954419 -1.278936 -1.790636
v  1.206923 -1.259359 -1.861590
v  1.322409 -1.265696 -0.269751
v  1.546205 -1.207871 -0.288261
v  1.570998 -1.189652 0.304052
v  1.770653 -1.096294 0.304052
v  1.751731 -1.063138 0.371921
v  0.070981 -1.203910 -7.247931
v  0.406348 -1.222808 -7.531747
v  0.587081 -1.240348 -5.841189
v  0.893740 -1.221450 -6.054051
v  1.050331 -1.240461 -3.956278
v  1.317189 -1.183768 -4.085846
v  1.449640 -1.201874 -1.923290
v  1.674088 -1.107610 -1.978819
v  1.754341 -1.113042 -0.300601
v  1.937031 -0.991394 -0.309856
v  1.954648 -0.965141 0.307136
v  0.736495 -1.204250 -7.800138
v  1.184739 -1.165775 -6.245318
v  1.561864 -1.090976 -4.193820
v  1.865912 -0.990036 -2.022008
v  2.080573 -0.853225 -0.316025
v  2.204542 -0.704870 0.288627
v  1.743249 -0.820521 -8.531274
v  1.868522 -0.701249 -8.605313
v  1.957258 -0.713697 -6.677213
v  2.036858 -0.615586 -6.714232
v  2.111892 -0.626903 -4.397428
v  2.171918 -0.519852 -4.415937
v  2.244995 -0.528452 -2.089877
v  2.305674 -0.385191 -2.099132
v  2.344169 -0.404994 -0.328365
v  2.393757 -0.214431 -0.331450
v  2.382012 -0.224728 0.307136
v  2.346127 -0.214431 0.371921
v  2.288710 -0.424684 0.375006
v  2.244342 -0.402731 0.436705
v  2.157564 -0.588767 0.436705
v  2.090360 -0.547011 0.501489
v  1.980746 -0.703173 0.501489
v  1.889401 -0.614228 0.575528
v  1.771305 -0.732142 0.575528
v  1.692357 -0.614455 0.655737
v  1.871132 -0.401033 0.655737
v  1.984661 -0.477869 0.575528
v  2.055127 -0.326800 0.575528
v  2.170614 -0.374101 0.501489
v  2.220201 -0.189988 0.501489
v  2.297844 -0.204472 0.436705
v  2.351999 -0.208320 -2.105302
v  2.282838 -0.204472 -4.446787
v  2.234555 -0.379080 -4.434447
v  2.163436 -0.373082 -6.769762
v  2.098842 -0.511365 -6.741997
v  2.013370 -0.503897 -8.685522
v  1.950733 -0.605402 -8.651587
v  2.079921 -0.367764 -8.716372
v  2.132118 -0.197230 -8.744136
v  2.213676 -0.200512 -6.788271
v  2.098190 -0.165998 0.575528
v  1.966392 -0.139292 0.655737
v  0.830450 -0.898036 0.575528
v  0.679731 -0.827537 0.575528
v  0.902222 -0.753756 0.655737
v  0.661462 -0.614455 0.655737
v  0.595563 -0.947374 0.501489
v  0.439624 -0.838061 0.501489
v  0.380902 -0.902110 0.436705
v  0.236055 -0.756925 0.436705
v  0.194297 -0.784423 0.375006
v  0.076853 -0.612418 0.378091
v  0.051407 -0.627129 0.334901
v  0.036401 -0.635729 0.307136
v  -0.041243 -0.452295 0.310221
v  -0.006010 -0.571454 0.288627
v  -0.105837 -0.543390 -0.177202
v  0.021394 -0.644556 0.270117
v  -0.056250 -0.645348 -0.183372
v  -0.330285 -0.528000 -1.469800
v  -0.388354 -0.384964 -1.463631
v  -0.676091 -0.378514 -3.160359
v  -0.720459 -0.205717 -3.151104
v  -1.007543 -0.202436 -4.841662
v  -0.158034 -0.404994 -0.171032
v  -0.207621 -0.214544 -0.171032
v  -0.106489 -0.224728 0.307136
v  -0.070604 -0.214431 0.371921
v  -0.013187 -0.424684 0.375006
v  0.031181 -0.402731 0.436705
v  0.117959 -0.588767 0.436705
v  0.194950 -0.547011 0.501489
v  0.304564 -0.703173 0.501489
v  0.425270 -0.614228 0.575528
v  0.542713 -0.732142 0.575528
v  0.482034 -0.401033 0.655737
v  0.329357 -0.477869 0.575528
v  0.259544 -0.326800 0.575528
v  0.114696 -0.374101 0.501489
v  0.065109 -0.189988 0.501489
v  -0.021669 -0.204472 0.436705
v  0.386774 -0.139292 0.655737
v  0.215828 -0.165998 0.575528
v  0.070981 -0.704870 0.288627
v  -1.971887 -0.193270 -8.102465
v  -18.795044 -0.110209 -13.482635
v  -18.702394 -0.069698 -13.889850
v  -18.714138 0.107060 -13.896019
v  -18.555590 0.148929 -14.448227
v  -18.548412 -0.047971 -14.438972
v  -18.348759 -0.035184 -15.092984
v  -0.432722 -0.208999 -1.457461
v  -0.804627 0.135689 68.200935
v  -0.804627 -0.135671 68.200935
v  -0.813761 0.137274 68.278061
v  -0.813761 -0.137255 68.278061
v  -0.829421 0.140103 68.333588
v  -0.829421 -0.140084 68.333588
v  -0.845080 0.142932 68.376778
v  -0.845080 -0.142913 68.376778
v  -0.854867 0.144516 68.410713
v  -0.854867 -0.144610 68.410713
v  -0.850299 0.143837 68.679108
v  -0.850299 -0.143818 68.679108
v  -0.824853 -0.139292 69.422577
v  -0.729593 -0.401146 69.422577
v  -0.720459 -0.395828 70.983566
v  -0.543641 -0.606534 70.983566
v  -0.776571 -0.444261 73.883430
v  -0.578221 -0.680654 73.883430
v  -0.828768 -0.481264 75.990463
v  -0.614107 -0.737348 75.990463
v  -0.919461 -0.533432 77.742714
v  -0.681311 -0.817239 77.742714
v  -0.951432 -0.551764 79.498062
v  -0.704800 -0.845416 79.498062
v  -0.937730 -0.543842 80.164413
v  -0.695013 -0.833308 80.164413
v  -0.711324 -0.390622 68.200935
v  -0.719806 -0.395375 68.278061
v  -0.733508 -0.403410 68.333588
v  -0.747862 -0.411444 68.376778
v  -0.755692 -0.416197 68.410713
v  -0.752430 -0.414047 68.679108
v  -0.550818 -0.614681 69.422577
v  -0.305491 -0.743911 70.983566
v  -0.310711 -0.834892 73.883430
v  -0.324413 -0.904486 75.990463
v  -0.360298 -1.002484 77.742714
v  -0.372695 -1.037111 79.498062
v  -0.367475 -1.022174 80.164413
v  -0.537116 -0.598499 68.200935
v  -0.542988 -0.605741 68.278061
v  -0.553428 -0.618076 68.333588
v  -0.563867 -0.630410 68.376778
v  -0.570392 -0.637766 68.410713
v  -0.567130 -0.634371 68.679108
v  -0.309406 -0.753982 69.422577
v  -0.034718 -0.791665 70.983566
v  -0.006662 -0.888531 73.883430
v  0.004430 -0.962538 75.990463
v  0.004430 -1.066872 77.742714
v  0.004430 -1.103650 79.498062
v  0.004430 -1.087807 80.164413
v  -0.302229 -0.734179 68.200935
v  -0.305491 -0.743006 68.278061
v  -0.310711 -0.758169 68.333588
v  -0.316583 -0.773333 68.376778
v  -0.319845 -0.782273 68.410713
v  -0.317888 -0.778199 68.679108
v  -0.034718 -0.802302 69.422577
v  0.236055 -0.743911 70.983566
v  0.296734 -0.834892 73.883430
v  0.333925 -0.904486 75.990463
v  0.369158 -1.002484 77.742714
v  0.382207 -1.037111 79.498062
v  0.376335 -1.022174 80.164413
v  -0.034718 -0.781367 68.200935
v  -0.034718 -0.790760 68.278061
v  -0.034718 -0.806828 68.333588
v  -0.034718 -0.822897 68.376778
v  -0.034718 -0.832516 68.410713
v  -0.034718 -0.828103 68.679108
v  0.239317 -0.753982 69.422577
v  0.474205 -0.606534 70.983566
v  0.564245 -0.680654 73.883430
v  0.622967 -0.737348 75.990463
v  0.690170 -0.817239 77.742714
v  0.713659 -0.845416 79.498062
v  0.703872 -0.833308 80.164413
v  0.232140 -0.734179 68.200935
v  0.235402 -0.743006 68.278061
v  0.241275 -0.758169 68.333588
v  0.246494 -0.773333 68.376778
v  0.249757 -0.782273 68.410713
v  0.248452 -0.778199 68.679108
v  0.480729 -0.614681 69.422577
v  0.650370 -0.395828 70.983566
v  0.762594 -0.444261 73.883430
v  0.838280 -0.481264 75.990463
v  0.928320 -0.533432 77.742714
v  0.960291 -0.551764 79.498062
v  0.946589 -0.543842 80.164413
v  0.467027 -0.598499 68.200935
v  0.473552 -0.605741 68.278061
v  0.483339 -0.618076 68.333588
v  0.493778 -0.630410 68.376778
v  0.500303 -0.637766 68.410713
v  0.497041 -0.634371 68.679108
v  0.660157 -0.401146 69.422577
v  0.744978 -0.137481 70.983566
v  0.868293 -0.154229 73.883430
v  0.952461 -0.167129 75.990463
v  1.054898 -0.185235 77.742714
v  1.091436 -0.191685 79.498062
v  1.075777 -0.188856 80.164413
v  0.641888 -0.390622 68.200935
v  0.649718 -0.395375 68.278061
v  0.663419 -0.403410 68.333588
v  0.677774 -0.411444 68.376778
v  0.686256 -0.416197 68.410713
v  0.682341 -0.414047 68.679108
v  0.755417 -0.139292 69.422577
v  0.744978 0.137500 70.983566
v  0.868293 0.154248 73.883430
v  0.952461 0.167148 75.990463
v  1.054898 0.185254 77.742714
v  1.091436 0.191591 79.498062
v  1.075777 0.188875 80.164413
v  0.734538 -0.135671 68.200935
v  0.743673 -0.137255 68.278061
v  0.759332 -0.140084 68.333588
v  0.775643 -0.142913 68.376778
v  0.784778 -0.144610 68.410713
v  0.780863 -0.143818 68.679108
v  0.755417 0.139311 69.422577
v  0.650370 0.395847 70.983566
v  0.762594 0.444280 73.883430
v  0.838280 0.481283 75.990463
v  0.928320 0.533450 77.742714
v  0.960291 0.551782 79.498062
v  0.946589 0.543861 80.164413
v  0.734538 0.135689 68.200935
v  0.743673 0.137274 68.278061
v  0.759332 0.140103 68.333588
v  0.775643 0.142932 68.376778
v  0.784778 0.144516 68.410713
v  0.780863 0.143837 68.679108
v  0.660157 0.401165 69.422577
v  0.474205 0.606439 70.983566
v  0.564245 0.680673 73.883430
v  0.622967 0.737366 75.990463
v  0.690170 0.817258 77.742714
v  0.713659 0.845435 79.498062
v  0.703872 0.833327 80.164413
v  0.641888 0.390641 68.200935
v  0.649718 0.395394 68.278061
v  0.663419 0.403428 68.333588
v  0.677774 0.411463 68.376778
v  0.686256 0.416216 68.410713
v  0.682341 0.414066 68.679108
v  0.480729 0.614587 69.422577
v  0.236055 0.743930 70.983566
v  0.296734 0.834911 73.883430
v  0.333925 0.904505 75.990463
v  0.369158 1.002503 77.742714
v  0.382207 1.037130 79.498062
v  0.376335 1.022193 80.164413
v  0.467027 0.598518 68.200935
v  0.473552 0.605760 68.278061
v  0.483339 0.618095 68.333588
v  0.493778 0.630429 68.376778
v  0.500303 0.637785 68.410713
v  0.497041 0.634390 68.679108
v  0.239317 0.754001 69.422577
v  -0.034718 0.791684 70.983566
v  -0.006662 0.888436 73.883430
v  0.004430 0.962557 75.990463
v  0.004430 1.066891 77.742714
v  0.004430 1.103669 79.498062
v  0.004430 1.087713 80.164413
v  0.232140 0.734198 68.200935
v  0.235402 0.743025 68.278061
v  0.241275 0.758188 68.333588
v  0.246494 0.773352 68.376778
v  0.249757 0.782291 68.410713
v  0.248452 0.778104 68.679108
v  -0.034718 0.802321 69.422577
v  -0.305491 0.743930 70.983566
v  -0.310711 0.834911 73.883430
v  -0.324413 0.904505 75.990463
v  -0.360298 1.002503 77.742714
v  -0.372695 1.037130 79.498062
v  -0.367475 1.022193 80.164413
v  -0.034718 0.781273 68.200935
v  -0.034718 0.790779 68.278061
v  -0.034718 0.806847 68.333588
v  -0.034718 0.822916 68.376778
v  -0.034718 0.832535 68.410713
v  -0.034718 0.828122 68.679108
v  -0.309406 0.754001 69.422577
v  -0.543641 0.606439 70.983566
v  -0.578221 0.680673 73.883430
v  -0.614107 0.737366 75.990463
v  -0.681311 0.817258 77.742714
v  -0.704800 0.845435 79.498062
v  -0.695013 0.833327 80.164413
v  -0.302229 0.734198 68.200935
v  -0.305491 0.743025 68.278061
v  -0.310711 0.758188 68.333588
v  -0.316583 0.773352 68.376778
v  -0.319845 0.782291 68.410713
v  -0.317888 0.778104 68.679108
v  -0.550818 0.614587 69.422577
v  -0.720459 0.395847 70.983566
v  -0.776571 0.444280 73.883430
v  -0.828768 0.481283 75.990463
v  -0.919461 0.533450 77.742714
v  -0.951432 0.551782 79.498062
v  -0.937730 0.543861 80.164413
v  -0.537116 0.598518 68.200935
v  -0.542988 0.605760 68.278061
v  -0.553428 0.618095 68.333588
v  -0.563867 0.630429 68.376778
v  -0.570392 0.637785 68.410713
v  -0.567130 0.634390 68.679108
v  -0.729593 0.401165 69.422577
v  -0.814414 0.137500 70.983566
v  -0.881618 0.154248 73.883430
v  -0.943602 0.167148 75.990463
v  -1.046039 0.185254 77.742714
v  -1.082577 0.191591 79.498062
v  -1.066918 0.188875 80.164413
v  -0.711324 0.390641 68.200935
v  -0.719806 0.395394 68.278061
v  -0.733508 0.403428 68.333588
v  -0.747862 0.411463 68.376778
v  -0.755692 0.416216 68.410713
v  -0.752430 0.414066 68.679108
v  -0.824853 0.139311 69.422577
v  -0.804627 0.135689 68.200935
v  -0.813761 0.137274 68.278061
v  -0.829421 0.140103 68.333588
v  -0.845080 0.142932 68.376778
v  -0.854867 0.144516 68.410713
v  -0.850299 0.143837 68.679108
v  -0.824853 0.139311 69.422577
v  -0.814414 -0.137481 70.983566
v  -0.814414 0.137500 70.983566
v  -0.881618 0.154248 73.883430
v  -0.881618 -0.154229 73.883430
v  -0.943602 0.167148 75.990463
v  -0.943602 -0.167129 75.990463
v  -1.046039 0.185254 77.742714
v  -1.046039 -0.185235 77.742714
v  -1.082577 0.191591 79.498062
v  -1.082577 -0.191685 79.498062
v  -1.066918 0.188875 80.164413
v  -1.066918 -0.188856 80.164413
v  2.149082 0.007704 -8.750306
v  -3.355765 -0.019115 -16.845242
v  -17.284588 -0.132842 -17.937317
v  -17.316559 0.003970 -17.931147
v  -17.596466 0.000575 -17.280220
v  -17.868544 -0.008364 -16.564510
v  -17.608210 0.232329 -17.280220
v  -17.878983 0.226558 -16.567595
v  -18.121048 -0.021152 -15.817949
v  -18.130182 0.208905 -15.824120
v  -18.356588 0.182085 -15.099154
v  -17.329607 0.226558 -17.928062
v  -17.040565 0.000236 -18.483355
v  0.902222 0.753662 0.655737
v  1.176909 0.802095 0.655737
v  0.991609 0.941056 0.575528
v  1.157335 0.955767 0.575528
v  1.142981 1.094050 0.501489
v  1.323061 0.941056 0.575528
v  1.332848 1.077302 0.501489
v  1.516844 1.028077 0.501489
v  1.341983 1.159570 0.436705
v  1.540332 1.106611 0.436705
v  1.557949 1.153799 0.371921
v  1.726285 1.019703 0.436705
v  1.751731 1.063157 0.371921
v  1.927244 0.940490 0.371921
v  1.770653 1.096313 0.304052
v  1.951385 0.969799 0.304052
v  1.942903 0.994016 -0.309856
v  2.107324 0.813637 0.304052
v  2.104715 0.832988 -0.319110
v  2.235860 0.647064 -0.325280
v  2.047298 0.849735 -2.055943
v  2.184968 0.657248 -2.080623
v  2.107977 0.665283 -4.397428
v  2.285447 0.447561 -2.096047
v  2.213676 0.451069 -4.428277
v  2.277618 0.228595 -4.446787
v  2.141905 0.454690 -6.760507
v  2.208457 0.230179 -6.785187
v  2.126246 0.231084 -8.741052
v  2.230640 0.006120 -6.794441
v  2.149082 0.007704 -8.750306
v  2.132118 -0.197230 -8.744136
v  1.450945 0.753662 0.655737
v  1.484220 0.898055 0.575528
v  1.634940 0.827556 0.575528
v  1.689747 0.947393 0.501489
v  1.845686 0.838080 0.501489
v  1.894621 0.902129 0.436705
v  2.040121 0.756830 0.436705
v  2.077964 0.789081 0.371921
v  2.201279 0.613908 0.371921
v  2.233903 0.633032 0.304052
v  2.327205 0.432963 0.304052
v  2.331772 0.442129 -0.328365
v  2.391147 0.224408 -0.331450
v  2.346779 0.227010 -2.105302
v  2.367658 0.002046 -2.108387
v  2.299149 0.004083 -4.449872
v  2.282838 -0.204472 -4.446787
v  2.213676 -0.200512 -6.788271
v  1.692357 0.614474 0.655737
v  1.771305 0.732161 0.575528
v  1.889401 0.614247 0.575528
v  1.980746 0.703192 0.501489
v  2.090360 0.547030 0.501489
v  2.157564 0.588786 0.436705
v  2.244342 0.402749 0.436705
v  2.291320 0.419837 0.371921
v  2.346779 0.213205 0.371921
v  2.384622 0.219881 0.304052
v  2.403543 0.000009 0.304052
v  2.410721 0.000462 -0.331450
v  2.393757 -0.214431 -0.331450
v  2.351999 -0.208320 -2.105302
v  1.871132 0.401052 0.655737
v  1.984661 0.477888 0.575528
v  2.055127 0.326818 0.575528
v  2.170614 0.374120 0.501489
v  2.220201 0.190007 0.501489
v  2.297844 0.204491 0.436705
v  2.315461 0.000009 0.436705
v  2.365700 0.000009 0.371921
v  2.346127 -0.214431 0.371921
v  2.382012 -0.224728 0.307136
v  1.966392 0.139311 0.655737
v  2.098190 0.165903 0.575528
v  2.113197 0.000009 0.575528
v  2.236512 0.000009 0.501489
v  2.220201 -0.189988 0.501489
v  2.297844 -0.204472 0.436705
v  1.966392 -0.139292 0.655737
v  2.098190 -0.165998 0.575528
v  1.875047 1.017214 -2.022008
v  1.674088 1.152215 -1.978819
v  1.778482 1.039959 -4.280199
v  1.561864 1.180279 -4.193820
v  1.448987 1.208229 -6.408822
v  1.317189 1.281671 -4.085846
v  1.184739 1.312451 -6.245318
v  0.893740 1.371068 -6.054051
v  1.048374 1.337572 -8.046935
v  0.736495 1.396190 -7.800138
v  0.577946 1.409656 -8.852110
v  0.406348 1.406148 -7.531747
v  0.230835 1.418369 -8.540529
v  -0.122148 1.376613 -8.219693
v  0.058584 1.425159 -9.213050
v  -0.309406 1.381592 -8.858279
v  -0.496663 1.386684 -9.499951
v  -0.661085 1.290384 -8.518934
v  -0.862044 1.292874 -9.129756
v  -1.184361 1.154138 -8.802751
v  -1.205893 1.294345 -9.697389
v  -1.541912 1.151875 -9.336449
v  -2.189157 1.146896 -9.768343
v  -1.819862 0.980210 -9.040293
v  -2.478199 0.971157 -9.425912
v  -2.692208 0.785234 -9.182200
v  -3.364247 0.973647 -9.722069
v  -3.585433 0.783310 -9.435167
v  -4.645036 0.803226 -9.623350
v  -3.738762 0.588107 -9.240815
v  -4.804237 0.600215 -9.401233
v  -4.906674 0.397205 -9.262409
v  -6.033482 0.626242 -9.509206
v  -6.141138 0.411802 -9.354959
v  -7.532194 0.433869 -9.419743
v  -6.198555 0.197249 -9.277834
v  -7.593525 0.204152 -9.333364
v  -7.614404 -0.026583 -9.302514
v  -9.092237 0.212865 -9.391977
v  -9.114421 -0.035070 -9.358044
v  -10.662721 -0.043218 -9.450592
v  -9.095500 -0.305525 -9.385808
v  -10.642494 -0.333137 -9.481441
v  -6.218129 -0.018436 -9.250070
v  -4.981055 -0.011533 -9.169861
v  -4.962134 0.193402 -9.194540
v  -3.893396 0.193515 -9.061887
v  -3.838589 0.391546 -9.123587
v  -2.943407 0.396412 -8.913809
v  -2.843580 0.592407 -9.015613
v  -2.179371 0.603158 -8.685522
v  -2.029304 0.796097 -8.827430
v  -1.658704 0.803339 -8.346176
v  -1.453830 0.985868 -8.537444
v  -1.233949 0.989829 -7.979066
v  -0.972310 1.155044 -8.219693
v  -0.760259 1.155949 -7.639720
v  -0.460125 1.287895 -7.908112
v  -0.250032 1.282010 -6.979539
v  0.070981 1.366994 -7.251016
v  0.277160 1.348210 -5.625242
v  0.587081 1.383176 -5.844274
v  0.771076 1.354886 -3.817455
v  1.050331 1.340175 -3.956278
v  1.206923 1.309282 -1.861590
v  1.449640 1.250778 -1.923290
v  1.546205 1.220111 -0.288261
v  1.754341 1.124151 -0.300601
v  -3.911665 -0.006214 -9.043377
v  -3.017788 -0.002933 -8.845940
v  -2.998867 0.197815 -8.861364
v  -2.337920 0.203247 -8.555954
v  -2.280503 0.405126 -8.599143
v  -1.908598 0.410897 -8.142569
v  -1.807466 0.610400 -8.219693
v  -1.581713 0.615832 -7.689080
v  -1.434908 0.808658 -7.803223
v  -1.210460 0.814090 -7.260271
v  -1.014068 0.993676 -7.417603
v  -0.780486 0.996392 -6.556900
v  -0.536464 1.154591 -6.745082
v  -0.289180 1.148707 -5.233452
v  -0.021016 1.269110 -5.415464
v  0.217133 1.252702 -3.530554
v  0.488559 1.324898 -3.669377
v  0.700610 1.301700 -1.716597
v  0.954419 1.326596 -1.790636
v  1.092089 1.297287 -0.254326
v  1.322409 1.278163 -0.269751
v  1.357642 1.246591 0.304052
v  1.570998 1.189671 0.304052
v  -2.356841 -0.001235 -8.540529
v  -1.986241 -0.000443 -8.093209
v  -1.967319 0.206755 -8.105550
v  -1.741567 0.209244 -7.581106
v  -1.682845 0.415310 -7.618126
v  -1.457092 0.419610 -7.093683
v  -1.356612 0.621263 -7.155382
v  -1.115853 0.626695 -6.328612
v  -0.972310 0.818956 -6.418077
v  -0.704147 0.823143 -4.980485
v  -0.519500 0.996845 -5.085373
v  -0.245464 0.996053 -3.311522
v  -0.030151 1.140559 -3.410240
v  0.229530 1.132298 -1.587029
v  0.455283 1.236293 -1.648728
v  0.636668 1.216490 -0.217307
v  0.861116 1.276239 -0.235816
v  0.917881 1.246591 0.304052
v  1.137761 1.266055 0.304052
v  1.137761 1.227806 0.371921
v  1.351117 1.209022 0.371921
v  -1.760488 -0.000217 -7.571851
v  -1.535388 0.000123 -7.050493
v  -1.515814 0.211620 -7.059748
v  -1.274402 0.214223 -6.245318
v  -1.215680 0.424137 -6.273083
v  -0.943602 0.428890 -4.866342
v  -0.845080 0.632353 -4.909531
v  -0.558648 0.637898 -3.194293
v  -0.421630 0.826877 -3.240567
v  -0.139113 0.830611 -1.503735
v  0.029223 0.995260 -1.537670
v  0.239970 0.988471 -0.189542
v  0.427880 1.119285 -0.201882
v  0.504870 1.096313 0.304052
v  0.704525 1.189671 0.304052
v  0.717574 1.153799 0.371921
v  0.924405 1.209022 0.371921
v  0.933540 1.159570 0.436705
v  1.137761 1.177563 0.436705
v  -1.293976 0.000236 -6.236063
v  -1.021898 0.000236 -4.838577
v  -1.002324 0.216939 -4.844747
v  -0.715239 0.219768 -3.151104
v  -0.656517 0.433982 -3.166528
v  -0.369433 0.438961 -1.463631
v  -0.272868 0.643556 -1.479055
v  -0.051030 0.643669 -0.174117
v  0.078811 0.828235 -0.180287
v  0.168198 0.813637 0.304052
v  0.324138 0.969799 0.304052
v  0.348279 0.940490 0.371921
v  0.523792 1.063157 0.371921
v  0.549238 1.019703 0.436705
v  0.735191 1.106611 0.436705
v  0.768466 1.028077 0.501489
v  0.952461 1.077302 0.501489
v  -0.734813 0.000123 -3.144934
v  -0.447729 0.000123 -1.454376
v  -0.428155 0.222597 -1.457461
v  -0.204359 0.223276 -0.171032
v  -0.146290 0.439979 -0.171032
v  -0.051682 0.432963 0.304052
v  0.041620 0.633032 0.304052
v  0.074243 0.613908 0.371921
v  0.197559 0.789081 0.371921
v  0.236055 0.756830 0.436705
v  0.380902 0.902129 0.436705
v  0.439624 0.838080 0.501489
v  0.595563 0.947393 0.501489
v  0.679731 0.827556 0.575528
v  0.830450 0.898055 0.575528
v  0.661462 0.614474 0.655737
v  0.542713 0.732161 0.575528
v  0.425270 0.614247 0.575528
v  0.304564 0.703192 0.501489
v  0.194950 0.547030 0.501489
v  0.117959 0.588786 0.436705
v  0.031181 0.402749 0.436705
v  -0.015797 0.419837 0.371921
v  -0.071256 0.213205 0.371921
v  -0.109099 0.219881 0.304052
v  -0.128021 0.000009 0.304052
v  -0.223933 0.000009 -0.167947
v  -0.207621 -0.214544 -0.171032
v  -0.432722 -0.208999 -1.457461
v  0.482034 0.401052 0.655737
v  0.329357 0.477888 0.575528
v  0.259544 0.326818 0.575528
v  0.114696 0.374120 0.501489
v  0.065109 0.190007 0.501489
v  -0.021669 0.204491 0.436705
v  -0.039938 0.000009 0.436705
v  -0.089525 0.000009 0.371921
v  -0.070604 -0.214431 0.371921
v  -0.106489 -0.224728 0.307136
v  0.386774 0.139311 0.655737
v  0.215828 0.165903 0.575528
v  0.201474 0.000009 0.575528
v  0.048797 0.000009 0.501489
v  0.065109 -0.189988 0.501489
v  -0.021669 -0.204472 0.436705
v  1.961825 0.865012 -4.348068
v  1.876352 0.880289 -6.640193
v  2.030986 0.673431 -6.711147
v  1.942903 0.679541 -8.645417
v  2.057737 0.457067 -8.707117
v  1.948775 0.457067 -9.885571
v  2.018589 0.230745 -9.922591
v  2.041425 0.008383 -9.934931
v  1.897883 0.229839 -10.718511
v  1.921372 0.008610 -10.730850
v  1.800666 0.008836 -11.526770
v  1.681265 1.062704 -6.538390
v  1.576218 1.081036 -8.423301
v  1.330239 1.230975 -8.256713
v  1.199093 1.243196 -9.370383
v  0.904831 1.351152 -9.132841
v  0.758027 1.358847 -9.860891
v  0.418745 1.417351 -9.552396
v  0.260196 1.425046 -10.252682
v  -0.114319 1.431949 -9.882486
v  -0.424892 1.437833 -10.533413
v  -0.824853 1.390871 -10.107689
v  -1.434256 1.393021 -10.653727
v  -1.836826 1.293666 -10.184813
v  -2.685031 1.308603 -10.598197
v  -3.059546 1.155610 -10.120028
v  -4.085221 1.194763 -10.397675
v  -4.411453 1.002616 -9.947270
v  -5.613294 1.053991 -10.123114
v  -5.863841 0.841475 -9.756003
v  -7.235322 0.895000 -9.860891
v  -7.417360 0.663699 -9.586330
v  -8.902370 0.706813 -9.669624
v  -9.026339 0.459669 -9.484527
v  -10.568766 0.485470 -9.586330
v  -10.639232 0.221692 -9.484527
v  -12.163390 0.229726 -9.632605
v  -12.188184 -0.050460 -9.595585
v  -12.166000 -0.357693 -9.626434
v  -13.618387 -0.056005 -9.808447
v  -13.595551 -0.376477 -9.842381
v  -14.850241 -0.384285 -10.123114
v  1.781092 0.892397 -8.552869
v  1.666258 0.898055 -9.709728
v  1.454207 1.090655 -9.564735
v  1.323714 1.095747 -10.329805
v  1.061423 1.250099 -10.120028
v  0.923753 1.257002 -10.869674
v  0.611222 1.366542 -10.585857
v  0.330662 1.373218 -11.307738
v  -0.034718 1.431722 -10.937543
v  -0.599753 1.436362 -11.594639
v  -1.012111 1.441794 -11.134980
v  -1.804856 1.462729 -11.677933
v  -2.256361 1.412032 -11.131895
v  -3.220052 1.466236 -11.542195
v  -3.682650 1.356923 -10.940628
v  -4.825768 1.433533 -11.230614
v  -5.261615 1.259605 -10.625961
v  -6.583509 1.345494 -10.820314
v  -6.964549 1.123585 -10.265021
v  -8.415631 1.201892 -10.406930
v  -8.707283 0.955767 -9.968865
v  -10.227527 1.015969 -10.107689
v  -10.436968 0.749814 -9.783768
v  -11.949382 0.788628 -9.953441
v  -12.089009 0.508894 -9.740579
v  -13.515298 0.527453 -9.965780
v  -13.592288 0.236063 -9.848552
v  -14.846978 0.238892 -10.126198
v  -14.872425 -0.058495 -10.083009
v  -15.871348 -0.056232 -10.416184
v  -15.849817 -0.375459 -10.456289
v  -16.663441 -0.353053 -10.835739
v  1.540985 0.900545 -10.490224
v  1.415712 0.902921 -11.267633
v  1.193873 1.100953 -11.094875
v  0.934192 1.104687 -11.866116
v  0.655590 1.262660 -11.616234
v  0.125136 1.265828 -12.365879
v  -0.214799 1.377405 -12.011108
v  -0.954041 1.397548 -12.677460
v  -1.364442 1.457636 -12.202376
v  -2.257014 1.514556 -12.745329
v  -2.732661 1.519762 -12.156102
v  -3.794874 1.607348 -12.581826
v  -4.323370 1.550315 -11.896965
v  -5.565012 1.658950 -12.217801
v  -6.110472 1.533115 -11.483581
v  -7.493046 1.642994 -11.730377
v  -8.003925 1.440888 -11.008497
v  -9.475886 1.534699 -11.224444
v  -9.915648 1.279294 -10.576602
v  -11.401311 1.348436 -10.798719
v  -11.728848 1.070286 -10.295871
v  -13.144045 1.113061 -10.555008
v  -13.371756 0.819408 -10.190983
v  -14.626446 0.833553 -10.493308
v  -14.769988 0.536053 -10.252682
v  -15.774132 0.529377 -10.598197
v  -15.846555 0.236290 -10.462459
v  -16.660179 0.227689 -10.841909
v  -16.682364 -0.051026 -10.795634
v  -17.375280 -0.044463 -11.212104
v  -17.358969 -0.320236 -11.252209
v  -17.930529 -0.279498 -11.671763
v  1.160598 0.903939 -12.054298
v  0.647760 0.901789 -12.862557
v  0.414830 1.105819 -12.649695
v  -0.288527 1.119172 -13.405511
v  -0.593228 1.283255 -13.081590
v  -1.425774 1.331914 -13.732516
v  -1.814643 1.451639 -13.279027
v  -2.797255 1.534812 -13.828150
v  -3.278122 1.601803 -13.235838
v  -4.428418 1.714172 -13.686242
v  -4.990190 1.720283 -12.967446
v  -6.282071 1.844421 -13.343812
v  -6.903870 1.778561 -12.529382
v  -8.299492 1.895456 -12.856388
v  -8.929773 1.750610 -12.001854
v  -10.367154 1.844986 -12.307265
v  -10.939365 1.617533 -11.483581
v  -12.335641 1.680337 -11.804417
v  -12.807373 1.402074 -11.085621
v  -14.069893 1.424367 -11.424967
v  -14.401345 1.131959 -10.875843
v  -15.429630 1.114985 -11.249124
v  -15.639724 0.822350 -10.851164
v  -16.472269 0.786818 -11.246038
v  -16.593628 0.507423 -10.983817
v  -17.296331 0.470533 -11.403372
v  -17.355707 0.212413 -11.261463
v  -17.927265 0.190799 -11.677933
v  -17.944883 -0.037447 -11.631659
v  -18.383991 -0.031110 -12.023449
v  -18.372248 -0.233555 -12.057384
v  -18.686735 -0.186593 -12.384389
v  -0.045810 0.909484 -13.649222
v  -0.841817 0.939812 -14.371103
v  -1.098889 1.159910 -14.099627
v  -2.021474 1.224072 -14.744384
v  -2.375110 1.407280 -14.334084
v  -3.444500 1.504938 -14.901716
v  -3.904488 1.642089 -14.340254
v  -5.106981 1.760116 -14.836932
v  -5.673973 1.837857 -14.124307
v  -6.982818 1.958940 -14.574711
v  -7.634631 1.966069 -13.732516
v  -9.009375 2.072327 -14.145901
v  -9.706860 1.997754 -13.214243
v  -11.080298 2.073345 -13.612203
v  -11.752337 1.915033 -12.665120
v  -13.041608 1.938570 -13.050740
v  -13.609253 1.703761 -12.168442
v  -14.705394 1.668455 -12.557147
v  -15.124928 1.399472 -11.810586
v  -16.017500 1.332367 -12.211631
v  -16.285664 1.064515 -11.650168
v  -17.024906 0.983265 -12.057384
v  -17.189327 0.728087 -11.662508
v  -17.781115 0.648875 -12.066638
v  -17.875069 0.420176 -11.816756
v  -18.323313 0.358164 -12.199291
v  -18.368984 0.163527 -12.066638
v  -18.684126 0.131842 -12.396729
v  -18.697826 -0.025791 -12.353539
v  -18.889000 -0.021717 -12.597251
v  -18.875950 -0.142913 -12.628100
v  -18.932062 -0.112699 -12.773094
v  -1.745481 0.989489 -15.049794
v  -2.759412 1.055349 -15.691466
v  -3.058893 1.307698 -15.355206
v  -4.188963 1.400264 -15.950603
v  -4.607193 1.612554 -15.450839
v  -5.838394 1.717793 -16.006132
v  -6.374721 1.875766 -15.342866
v  -7.686828 1.976819 -15.854969
v  -8.325591 2.064745 -15.037455
v  -9.673584 2.142713 -15.518708
v  -10.369763 2.150634 -14.587050
v  -11.698182 2.175416 -15.022030
v  -12.388491 2.097562 -14.022503
v  -13.600770 2.046187 -14.417377
v  -14.191251 1.893419 -13.442531
v  -15.209097 1.790782 -13.818895
v  -15.653425 1.582566 -12.948936
v  -16.482056 1.454468 -13.319132
v  -16.792629 1.228146 -12.606506
v  -17.438570 1.091674 -12.973617
v  -17.638876 0.875197 -12.449173
v  -18.116480 0.744269 -12.797773
v  -18.241102 0.551896 -12.436833
v  -18.573858 0.438848 -12.745329
v  -18.644978 0.285967 -12.520127
v  -18.845936 0.205283 -12.757669
v  -18.877907 0.096649 -12.637356
v  -18.941196 0.059193 -12.782349
v  -18.968599 -0.028960 -12.791604
v  -18.945765 -0.057703 -12.982871
v  -18.941196 0.096988 -12.911917
v  -18.887041 0.165111 -13.118609
v  -18.784605 0.311202 -12.973617
v  -18.686083 0.421647 -13.297537
v  -18.463593 0.592407 -13.087760
v  -18.310263 0.740648 -13.556674
v  -17.942924 0.928382 -13.294452
v  -17.715216 1.097105 -13.936124
v  -17.174974 1.290497 -13.652308
v  -16.855919 1.454694 -14.448227
v  -16.104279 1.641976 -14.158241
v  -15.673652 1.770187 -15.080644
v  -14.700827 1.932573 -14.778317
v  -14.162542 2.001827 -15.762420
v  -12.976361 2.120986 -15.419990
v  -12.360435 2.111820 -16.385582
v  -11.020271 2.166929 -15.981452
v  -10.384118 2.073798 -16.860666
v  -9.021118 2.050939 -16.376328
v  -8.445644 1.877124 -17.113632
v  -7.123098 1.809680 -16.564510
v  -6.650061 1.570118 -17.141397
v  -5.388846 1.490906 -16.549086
v  -5.040430 1.200761 -16.950130
v  -3.864688 1.128677 -16.320797
v  -3.627190 0.829593 -16.576849
v  -2.540184 0.777312 -15.925923
v  -1.541912 0.730916 -15.259572
v  -2.395337 0.503236 -16.070915
v  -1.407505 0.475738 -15.392225
v  -1.332471 0.228708 -15.460094
v  -0.524719 0.456161 -14.682684
v  -0.452948 0.222597 -14.744384
v  0.328052 0.220447 -13.982398
v  -0.429459 0.000802 -14.765978
v  0.351541 0.005215 -14.000908
v  -2.315083 0.238440 -16.144955
v  -3.384474 0.249869 -16.817476
v  -3.471251 0.534695 -16.734182
v  -4.618285 0.566041 -17.400534
v  -4.785968 0.881307 -17.227776
v  -6.013907 0.927590 -17.869448
v  -6.282071 1.264357 -17.570208
v  -7.585696 1.312224 -18.171774
v  -7.962168 1.628396 -17.718285
v  -9.347351 1.646728 -18.245813
v  -9.821693 1.897606 -17.622650
v  -11.263640 1.849060 -18.039120
v  -11.780393 2.020612 -17.270966
v  -13.120556 1.905641 -17.588717
v  -13.627522 1.992209 -16.712587
v  -14.756286 1.823033 -16.947044
v  -15.215621 1.832652 -16.030811
v  -16.103626 1.622172 -16.231335
v  -16.492495 1.567402 -15.327441
v  -17.130606 1.332480 -15.518708
v  -17.442484 1.236520 -14.688854
v  -17.871155 0.990847 -14.873952
v  -18.110609 0.877347 -14.161325
v  -18.367027 0.634277 -14.321744
v  -18.547108 0.531187 -13.744856
v  -18.674992 0.315050 -13.859000
v  -18.799612 0.239571 -13.430190
v  -18.822449 0.053874 -13.479549
v  -18.894871 -0.003385 -13.177223
v  -4.525635 0.261524 -17.489998
v  -5.737915 0.272614 -18.150179
v  -5.836437 0.594670 -18.054546
v  -7.126360 0.617868 -18.686962
v  -7.309051 0.963688 -18.489525
v  -8.702064 0.978965 -19.047903
v  -8.976098 1.329312 -18.714727
v  -10.479378 1.300569 -19.158960
v  -10.825184 1.606104 -18.674622
v  -12.273657 1.516593 -18.983118
v  -12.664483 1.744047 -18.350702
v  -13.915258 1.595240 -18.532715
v  -14.315872 1.743141 -17.795408
v  -15.325235 1.542054 -17.909552
v  -15.708885 1.613119 -17.104378
v  -16.448780 1.371521 -17.196926
v  -16.795238 1.379329 -16.373241
v  -17.301552 1.108421 -16.465792
v  -17.598423 1.069494 -15.660617
v  -17.904430 0.782405 -15.753165
v  -18.151062 0.721184 -15.003520
v  -18.305042 0.445637 -15.077559
v  -18.507959 0.385549 -14.417377
v  -18.555590 0.148929 -14.448227
v  -18.714138 0.107060 -13.896019
v  -7.024576 0.282346 -18.788767
v  -8.417588 0.288683 -19.368738
v  -8.520025 0.629298 -19.257679
v  -10.048751 0.622508 -19.729679
v  -10.221654 0.962670 -19.504477
v  -11.725586 0.917858 -19.828398
v  -11.961126 1.232672 -19.470543
v  -13.285630 1.132412 -19.627874
v  -13.567494 1.388495 -19.146622
v  -14.659069 1.229843 -19.195980
v  -14.970947 1.411240 -18.609838
v  -15.785875 1.200648 -18.609838
v  -16.107540 1.311093 -17.952742
v  -16.678448 1.055123 -17.952742
v  -16.990326 1.102877 -17.243200
v  -17.346573 0.811826 -17.264795
v  -17.634310 0.813976 -16.524405
v  -17.818304 0.513987 -16.555254
v  -18.073418 0.489431 -15.808695
v  -18.130182 0.208905 -15.824120
v  -18.356588 0.182085 -15.099154
v  -9.950229 0.289249 -19.853077
v  -11.473735 0.282459 -20.195507
v  -11.565732 0.598065 -20.062855
v  -12.923512 0.556196 -20.217102
v  -13.070969 0.847925 -19.982645
v  -14.205606 0.758980 -19.994986
v  -14.403302 1.007142 -19.652555
v  -15.261947 0.863994 -19.581600
v  -15.499444 1.048672 -19.152792
v  -16.109499 0.849735 -19.069498
v  -16.379620 0.967762 -18.566648
v  -16.770445 0.717111 -18.517290
v  -17.054268 0.778670 -17.940401
v  -17.262403 0.497239 -17.928062
v  -17.543617 0.515797 -17.274050
v  -17.608210 0.232329 -17.280220
v  -17.878983 0.226558 -16.567595
v  -12.838038 0.266730 -20.352840
v  -13.988987 0.244211 -20.355927
v  -14.069241 0.501426 -20.223272
v  -14.948763 0.437829 -20.115299
v  -15.077299 0.656909 -19.899351
v  -15.706275 0.550538 -19.757442
v  -15.883093 0.710095 -19.464373
v  -16.288927 0.552688 -19.356398
v  -16.510113 0.638124 -18.992373
v  -16.720858 0.411689 -18.949184
v  -16.985760 0.460462 -18.483355
v  -17.054920 0.209357 -18.477184
v  -17.329607 0.226558 -17.928062
v  -14.872425 0.216713 -20.238697
v  -15.509231 0.188536 -20.072109
v  -15.582307 0.372762 -19.957966
v  -15.992707 0.313239 -19.812973
v  -16.114065 0.448353 -19.627874
v  -16.293493 0.353751 -19.538412
v  -16.472921 0.357485 -19.331718
v  -16.430511 0.090538 -19.464373
v  -16.762615 0.168280 -18.973864
v  -16.251083 0.229160 -19.658724
v  -16.119286 0.144177 -19.794462
v  -16.176702 0.036674 -19.769783
v  -15.893533 0.015060 -19.964136
v  -15.920283 0.163414 -19.924030
v  -15.482479 0.009515 -20.118383
v  -14.845021 0.003631 -20.284971
v  -13.960931 -0.003046 -20.402201
v  -12.808678 -0.010854 -20.399115
v  -11.442416 -0.019341 -20.238697
v  -9.917605 -0.028168 -19.893181
v  -8.383660 -0.034392 -19.405758
v  -6.990647 -0.034957 -18.822701
v  -5.705291 -0.031676 -18.181028
v  -4.494317 -0.026131 -17.517763
v  -3.355765 -0.019115 -16.845242
v  -2.288332 -0.011872 -16.172720
v  -1.307677 -0.005083 -15.484774
v  0.215828 -0.165998 0.575528
v  0.386774 -0.139292 0.655737
v  -0.720459 -0.205717 -3.151104
v  -1.007543 -0.202436 -4.841662
v  -1.279621 -0.199493 -6.242234
v  -1.520381 -0.197117 -7.056663
v  -1.746134 -0.195193 -7.578021
v  -1.971887 -0.193270 -8.102465
v  -2.342487 -0.194967 -8.552869
v  -3.003434 -0.204246 -8.858279
v  -3.896658 -0.217939 -9.058802
v  -4.965396 -0.233215 -9.191455
v  -6.201818 -0.252113 -9.271665
v  -7.596787 -0.277461 -9.327193
v  1.039239 0.007591 -13.177223
v  1.015751 0.223050 -13.161798
v  1.526631 0.226897 -12.322690
v  0.945937 0.447222 -13.109355
v  1.456164 0.452427 -12.276416
v  1.335458 0.679881 -12.190037
v  1.706711 0.454917 -11.471241
v  1.587310 0.681465 -11.391032
v  1.709321 0.681465 -10.604367
v  0.258239 0.446203 -13.926869
v  0.135575 0.677504 -13.818895
v  -0.651950 0.696855 -14.562370
v  0.824578 0.675128 -13.013721
v  1.550119 0.008723 -12.338115
v  1.777177 0.228821 -11.514430
v  1.828069 0.456048 -10.678406
v  1.831984 0.681465 -9.814617
v  0.946589 0.543861 80.164413
v  1.018360 0.178691 80.290894
v  1.075777 0.188875 80.164413
v  1.018360 -0.178672 80.290894
v  1.075777 -0.188856 80.164413
v  0.895697 -0.514534 80.290894
v  0.946589 -0.543842 80.164413
v  0.666029 -0.788383 80.290894
v  0.703872 -0.833308 80.164413
v  0.356761 -0.967064 80.290894
v  0.376335 -1.022174 80.164413
v  0.004430 -1.029190 80.290894
v  0.004430 -1.087807 80.164413
v  -0.347249 -0.967064 80.290894
v  -0.367475 -1.022174 80.164413
v  -0.657170 -0.788383 80.290894
v  -0.695013 -0.833308 80.164413
v  -0.886837 -0.514534 80.290894
v  -0.937730 -0.543842 80.164413
v  -1.008848 -0.178672 80.290894
v  -1.066918 -0.188856 80.164413
v  -1.008848 0.178691 80.290894
v  -1.066918 0.188875 80.164413
v  -0.886837 0.514552 80.290894
v  -0.937730 0.543861 80.164413
v  -0.657170 0.788402 80.290894
v  -0.695013 0.833327 80.164413
v  -0.347249 0.967083 80.290894
v  -0.367475 1.022193 80.164413
v  0.004430 1.029209 80.290894
v  0.004430 1.087713 80.164413
v  0.356761 0.967083 80.290894
v  0.376335 1.022193 80.164413
v  0.666029 0.788402 80.290894
v  0.703872 0.833327 80.164413
v  0.895697 0.514552 80.290894
v  0.928320 0.162848 80.426636
v  0.928320 -0.162829 80.426636
v  0.816749 -0.468930 80.426636
v  0.607307 -0.718450 80.426636
v  0.325443 -0.881288 80.426636
v  0.004430 -0.937869 80.426636
v  -0.315931 -0.881288 80.426636
v  -0.598448 -0.718450 80.426636
v  -0.807889 -0.468930 80.426636
v  -0.918808 -0.162829 80.426636
v  -0.918808 0.162848 80.426636
v  -0.807889 0.468949 80.426636
v  -0.598448 0.718355 80.426636
v  -0.315931 0.881307 80.426636
v  0.004430 0.937775 80.426636
v  0.325443 0.881307 80.426636
v  0.607307 0.718355 80.426636
v  0.816749 0.468949 80.426636
v  0.829798 0.145534 80.537689
v  0.829798 -0.145516 80.537689
v  0.729971 -0.418913 80.537689
v  0.542713 -0.641840 80.537689
v  0.290862 -0.787252 80.537689
v  0.004430 -0.837835 80.537689
v  -0.282002 -0.787252 80.537689
v  -0.533854 -0.641840 80.537689
v  -0.721111 -0.418913 80.537689
v  -0.820286 -0.145516 80.537689
v  -0.820286 0.145534 80.537689
v  -0.721111 0.418931 80.537689
v  -0.533854 0.641745 80.537689
v  -0.282002 0.787270 80.537689
v  0.004430 0.837853 80.537689
v  0.290862 0.787270 80.537689
v  0.542713 0.641745 80.537689
v  0.729971 0.418931 80.537689
v  0.746282 0.130824 80.602478
v  0.746282 -0.130805 80.602478
v  0.656895 -0.376590 80.602478
v  0.488559 -0.576999 80.602478
v  0.262153 -0.707813 80.602478
v  0.004430 -0.753303 80.602478
v  -0.253294 -0.707813 80.602478
v  -0.479699 -0.576999 80.602478
v  -0.648035 -0.376590 80.602478
v  -0.737423 -0.130805 80.602478
v  -0.737423 0.130824 80.602478
v  -0.648035 0.376609 80.602478
v  -0.479699 0.577017 80.602478
v  -0.253294 0.707832 80.602478
v  0.004430 0.753209 80.602478
v  0.262153 0.707832 80.602478
v  0.488559 0.577017 80.602478
v  0.656895 0.376609 80.602478
v  0.666029 0.116678 80.633324
v  0.666029 -0.116660 80.633324
v  0.586429 -0.335852 80.633324
v  0.436362 -0.514534 80.633324
v  0.234097 -0.631089 80.633324
v  0.004430 -0.671601 80.633324
v  -0.225238 -0.631089 80.633324
v  -0.427502 -0.514534 80.633324
v  -0.576917 -0.335852 80.633324
v  -0.657170 -0.116660 80.633324
v  -0.657170 0.116678 80.633324
v  -0.576917 0.335758 80.633324
v  -0.427502 0.514439 80.633324
v  -0.225238 0.631108 80.633324
v  0.004430 0.671620 80.633324
v  0.234097 0.631108 80.633324
v  0.436362 0.514439 80.633324
v  0.586429 0.335758 80.633324
v  0.575989 0.100723 80.661087
v  0.575989 -0.100817 80.661087
v  0.506828 -0.290135 80.661087
v  0.377640 -0.444487 80.661087
v  0.202779 -0.545313 80.661087
v  0.004430 -0.580280 80.661087
v  -0.193920 -0.545313 80.661087
v  -0.368780 -0.444487 80.661087
v  -0.497968 -0.290135 80.661087
v  -0.567130 -0.100817 80.661087
v  -0.567130 0.100723 80.661087
v  -0.497968 0.290154 80.661087
v  -0.368780 0.444506 80.661087
v  -0.193920 0.545332 80.661087
v  0.004430 0.580299 80.661087
v  0.202779 0.545332 80.661087
v  0.377640 0.444506 80.661087
v  0.506828 0.290154 80.661087
v  0.385469 0.067227 80.676514
v  0.339797 0.193515 80.676514
v  0.253019 0.296604 80.676514
v  0.136880 0.363822 80.676514
v  0.004430 0.387133 80.676514
v  -0.128021 0.363822 80.676514
v  -0.244159 0.296604 80.676514
v  -0.330937 0.193515 80.676514
v  -0.376610 0.067227 80.676514
v  -0.376610 -0.067208 80.676514
v  -0.330937 -0.193609 80.676514
v  -0.244159 -0.296586 80.676514
v  -0.128021 -0.363803 80.676514
v  0.004430 -0.387114 80.676514
v  0.136880 -0.363803 80.676514
v  0.253019 -0.296586 80.676514
v  0.339797 -0.193609 80.676514
v  0.385469 -0.067208 80.676514
v  0.004430 0.000009 80.682686

vt  0.119826 -0.000500 0.000000
vt  0.119826 -0.999499 0.000000
vt  0.114347 -0.000500 0.000000
vt  0.114347 -0.999499 0.000000
vt  0.107650 -0.000500 0.000000
vt  0.107650 -0.999499 0.000000
vt  0.100953 -0.000500 0.000000
vt  0.100953 -0.999499 0.000000
vt  0.094378 -0.000500 0.000000
vt  0.094378 -0.999499 0.000000
vt  0.087681 -0.000500 0.000000
vt  0.087681 -0.999499 0.000000
vt  0.080984 -0.000500 0.000000
vt  0.080984 -0.999499 0.000000
vt  0.074287 -0.000500 0.000000
vt  0.074287 -0.999499 0.000000
vt  0.067590 -0.000500 0.000000
vt  0.067590 -0.999499 0.000000
vt  0.060893 -0.000500 0.000000
vt  0.060893 -0.999499 0.000000
vt  0.054318 -0.000500 0.000000
vt  0.054318 -0.999499 0.000000
vt  0.047622 -0.000500 0.000000
vt  0.047622 -0.999499 0.000000
vt  0.040925 -0.000500 0.000000
vt  0.040925 -0.999499 0.000000
vt  0.034228 -0.000500 0.000000
vt  0.034228 -0.999499 0.000000
vt  0.027531 -0.000500 0.000000
vt  0.027531 -0.999499 0.000000
vt  0.020834 -0.000500 0.000000
vt  0.020834 -0.999499 0.000000
vt  0.014259 -0.000500 0.000000
vt  0.014259 -0.999499 0.000000
vt  0.007562 -0.000500 0.000000
vt  0.007562 -0.999499 0.000000
vt  0.000500 -0.000500 0.000000
vt  0.000500 -0.999499 0.000000
vt  0.656548 -0.432615 0.000000
vt  0.655940 -0.429322 0.000000
vt  0.657766 -0.432249 0.000000
vt  0.657644 -0.429932 0.000000
vt  0.659958 -0.431517 0.000000
vt  0.658375 -0.427493 0.000000
vt  0.660566 -0.428956 0.000000
vt  0.661053 -0.427005 0.000000
vt  0.664097 -0.430907 0.000000
vt  0.664463 -0.428834 0.000000
vt  0.669699 -0.430786 0.000000
vt  0.664463 -0.426273 0.000000
vt  0.669699 -0.428102 0.000000
vt  0.669455 -0.423224 0.000000
vt  0.676639 -0.429932 0.000000
vt  0.676517 -0.424687 0.000000
vt  0.685040 -0.426029 0.000000
vt  0.676395 -0.416638 0.000000
vt  0.685162 -0.417370 0.000000
vt  0.685406 -0.405417 0.000000
vt  0.695390 -0.417735 0.000000
vt  0.696121 -0.405173 0.000000
vt  0.708053 -0.404563 0.000000
vt  0.697095 -0.389806 0.000000
vt  0.709758 -0.388586 0.000000
vt  0.711950 -0.370902 0.000000
vt  0.724004 -0.386879 0.000000
vt  0.726804 -0.368584 0.000000
vt  0.742999 -0.365901 0.000000
vt  0.729848 -0.349802 0.000000
vt  0.746164 -0.347119 0.000000
vt  0.749330 -0.329068 0.000000
vt  0.763089 -0.344070 0.000000
vt  0.766255 -0.326507 0.000000
vt  0.783180 -0.323458 0.000000
vt  0.769177 -0.310286 0.000000
vt  0.785980 -0.307969 0.000000
vt  0.788415 -0.294553 0.000000
vt  0.802418 -0.305651 0.000000
vt  0.804610 -0.293089 0.000000
vt  0.820317 -0.291992 0.000000
vt  0.806558 -0.282966 0.000000
vt  0.822022 -0.282722 0.000000
vt  0.823361 -0.276258 0.000000
vt  0.836511 -0.283332 0.000000
vt  0.837729 -0.277478 0.000000
vt  0.851122 -0.279795 0.000000
vt  0.838581 -0.273697 0.000000
vt  0.851853 -0.276380 0.000000
vt  0.852340 -0.274307 0.000000
vt  0.864273 -0.280161 0.000000
vt  0.864760 -0.278210 0.000000
vt  0.876570 -0.282966 0.000000
vt  0.865368 -0.276136 0.000000
vt  0.877301 -0.281015 0.000000
vt  0.878275 -0.278332 0.000000
vt  0.887529 -0.287113 0.000000
vt  0.888503 -0.284796 0.000000
vt  0.896417 -0.292601 0.000000
vt  0.889599 -0.282235 0.000000
vt  0.897635 -0.290162 0.000000
vt  0.899218 -0.287479 0.000000
vt  0.904697 -0.298944 0.000000
vt  0.906402 -0.296382 0.000000
vt  0.913464 -0.305408 0.000000
vt  0.911759 -0.307969 0.000000
vt  0.910420 -0.310286 0.000000
vt  0.903358 -0.301261 0.000000
vt  0.902384 -0.303456 0.000000
vt  0.895443 -0.294797 0.000000
vt  0.894713 -0.296504 0.000000
vt  0.886920 -0.288943 0.000000
vt  0.886311 -0.290894 0.000000
vt  0.876083 -0.284918 0.000000
vt  0.875231 -0.287967 0.000000
vt  0.863542 -0.283332 0.000000
vt  0.862568 -0.288089 0.000000
vt  0.850027 -0.285040 0.000000
vt  0.848565 -0.292601 0.000000
vt  0.835050 -0.291748 0.000000
vt  0.833224 -0.302237 0.000000
vt  0.818247 -0.303578 0.000000
vt  0.816055 -0.317116 0.000000
vt  0.799983 -0.320287 0.000000
vt  0.797182 -0.336142 0.000000
vt  0.780258 -0.340289 0.000000
vt  0.777213 -0.357852 0.000000
vt  0.759923 -0.362364 0.000000
vt  0.756758 -0.380049 0.000000
vt  0.739833 -0.383952 0.000000
vt  0.737276 -0.400295 0.000000
vt  0.721690 -0.403222 0.000000
vt  0.719864 -0.416516 0.000000
vt  0.706836 -0.417735 0.000000
vt  0.705983 -0.427005 0.000000
vt  0.694903 -0.426883 0.000000
vt  0.694660 -0.432615 0.000000
vt  0.685040 -0.431517 0.000000
vt  0.684919 -0.434322 0.000000
vt  0.676639 -0.432615 0.000000
vt  0.676274 -0.435054 0.000000
vt  0.669455 -0.432981 0.000000
vt  0.668603 -0.436518 0.000000
vt  0.663489 -0.433835 0.000000
vt  0.662515 -0.436884 0.000000
vt  0.659227 -0.434079 0.000000
vt  0.909324 -0.312481 0.000000
vt  0.908472 -0.314189 0.000000
vt  0.901531 -0.305286 0.000000
vt  0.900801 -0.307359 0.000000
vt  0.894104 -0.298578 0.000000
vt  0.893130 -0.301627 0.000000
vt  0.885337 -0.293943 0.000000
vt  0.884363 -0.298212 0.000000
vt  0.874257 -0.292358 0.000000
vt  0.873039 -0.298578 0.000000
vt  0.861229 -0.294919 0.000000
vt  0.859767 -0.303578 0.000000
vt  0.846983 -0.302237 0.000000
vt  0.845278 -0.313457 0.000000
vt  0.831275 -0.314677 0.000000
vt  0.829084 -0.328337 0.000000
vt  0.813620 -0.331874 0.000000
vt  0.811063 -0.347363 0.000000
vt  0.794382 -0.352729 0.000000
vt  0.791825 -0.368706 0.000000
vt  0.774291 -0.374804 0.000000
vt  0.771856 -0.389928 0.000000
vt  0.754201 -0.395904 0.000000
vt  0.752131 -0.408832 0.000000
vt  0.735206 -0.413589 0.000000
vt  0.733867 -0.422858 0.000000
vt  0.718768 -0.425907 0.000000
vt  0.718038 -0.431761 0.000000
vt  0.705496 -0.432981 0.000000
vt  0.705131 -0.435786 0.000000
vt  0.694538 -0.435542 0.000000
vt  0.694172 -0.438225 0.000000
vt  0.684553 -0.436884 0.000000
vt  0.683823 -0.441762 0.000000
vt  0.675421 -0.439201 0.000000
vt  0.674447 -0.443958 0.000000
vt  0.667629 -0.440421 0.000000
vt  0.907620 -0.316262 0.000000
vt  0.906645 -0.319189 0.000000
vt  0.899827 -0.310286 0.000000
vt  0.898609 -0.314433 0.000000
vt  0.892034 -0.305773 0.000000
vt  0.890695 -0.311384 0.000000
vt  0.883146 -0.304066 0.000000
vt  0.881806 -0.311262 0.000000
vt  0.871578 -0.306505 0.000000
vt  0.870117 -0.315652 0.000000
vt  0.858185 -0.313823 0.000000
vt  0.856480 -0.325044 0.000000
vt  0.843330 -0.325897 0.000000
vt  0.841503 -0.339069 0.000000
vt  0.826892 -0.342606 0.000000
vt  0.824822 -0.356510 0.000000
vt  0.808750 -0.362364 0.000000
vt  0.806680 -0.375902 0.000000
vt  0.789511 -0.383098 0.000000
vt  0.787685 -0.394806 0.000000
vt  0.769908 -0.402368 0.000000
vt  0.768690 -0.410784 0.000000
vt  0.750791 -0.417735 0.000000
vt  0.750061 -0.423224 0.000000
vt  0.733136 -0.428590 0.000000
vt  0.732771 -0.431395 0.000000
vt  0.717672 -0.434688 0.000000
vt  0.717551 -0.437493 0.000000
vt  0.704887 -0.438591 0.000000
vt  0.704522 -0.444201 0.000000
vt  0.693564 -0.443592 0.000000
vt  0.692711 -0.449690 0.000000
vt  0.682849 -0.447251 0.000000
vt  0.905428 -0.323214 0.000000
vt  0.904088 -0.328459 0.000000
vt  0.897392 -0.319921 0.000000
vt  0.896052 -0.326507 0.000000
vt  0.889355 -0.318336 0.000000
vt  0.888016 -0.326263 0.000000
vt  0.880345 -0.319677 0.000000
vt  0.878884 -0.328946 0.000000
vt  0.868656 -0.325897 0.000000
vt  0.867073 -0.336752 0.000000
vt  0.854775 -0.336996 0.000000
vt  0.853192 -0.348826 0.000000
vt  0.839555 -0.351875 0.000000
vt  0.837972 -0.363462 0.000000
vt  0.822996 -0.369072 0.000000
vt  0.821534 -0.379195 0.000000
vt  0.805097 -0.386757 0.000000
vt  0.804123 -0.394197 0.000000
vt  0.786589 -0.402734 0.000000
vt  0.785980 -0.407613 0.000000
vt  0.767960 -0.416028 0.000000
vt  0.767594 -0.418711 0.000000
vt  0.749695 -0.426029 0.000000
vt  0.749817 -0.428834 0.000000
vt  0.732771 -0.434200 0.000000
vt  0.732892 -0.439933 0.000000
vt  0.717307 -0.443226 0.000000
vt  0.717185 -0.449934 0.000000
vt  0.703913 -0.450787 0.000000
vt  0.902749 -0.334801 0.000000
vt  0.901410 -0.341996 0.000000
vt  0.894713 -0.334191 0.000000
vt  0.893373 -0.342484 0.000000
vt  0.886677 -0.335045 0.000000
vt  0.885337 -0.344192 0.000000
vt  0.877423 -0.338825 0.000000
vt  0.876083 -0.348582 0.000000
vt  0.865490 -0.347485 0.000000
vt  0.864151 -0.357120 0.000000
vt  0.851609 -0.359437 0.000000
vt  0.850392 -0.367975 0.000000
vt  0.836633 -0.372731 0.000000
vt  0.835659 -0.378951 0.000000
vt  0.820560 -0.386025 0.000000
vt  0.820073 -0.390172 0.000000
vt  0.803514 -0.398831 0.000000
vt  0.803270 -0.401270 0.000000
vt  0.785737 -0.410296 0.000000
vt  0.785859 -0.412857 0.000000
vt  0.767716 -0.421394 0.000000
vt  0.768203 -0.426517 0.000000
vt  0.750061 -0.434200 0.000000
vt  0.750670 -0.440421 0.000000
vt  0.733136 -0.446397 0.000000
vt  0.900192 -0.349802 0.000000
vt  0.898974 -0.358096 0.000000
vt  0.892034 -0.351266 0.000000
vt  0.890817 -0.359803 0.000000
vt  0.883998 -0.353339 0.000000
vt  0.882780 -0.361632 0.000000
vt  0.874744 -0.357486 0.000000
vt  0.873526 -0.364925 0.000000
vt  0.862933 -0.365047 0.000000
vt  0.861959 -0.370536 0.000000
vt  0.849418 -0.373585 0.000000
vt  0.848931 -0.377244 0.000000
vt  0.835172 -0.382854 0.000000
vt  0.834928 -0.385171 0.000000
vt  0.819830 -0.392611 0.000000
vt  0.819952 -0.395172 0.000000
vt  0.803392 -0.403832 0.000000
vt  0.803879 -0.408222 0.000000
vt  0.786346 -0.417614 0.000000
vt  0.787198 -0.422980 0.000000
vt  0.768934 -0.432371 0.000000
vt  0.897757 -0.366023 0.000000
vt  0.896661 -0.373219 0.000000
vt  0.889721 -0.367609 0.000000
vt  0.888747 -0.373951 0.000000
vt  0.881684 -0.368584 0.000000
vt  0.880832 -0.373585 0.000000
vt  0.872674 -0.370292 0.000000
vt  0.871944 -0.373951 0.000000
vt  0.861350 -0.374073 0.000000
vt  0.860985 -0.376390 0.000000
vt  0.848565 -0.379561 0.000000
vt  0.848565 -0.381878 0.000000
vt  0.834928 -0.387611 0.000000
vt  0.835293 -0.391635 0.000000
vt  0.820439 -0.399319 0.000000
vt  0.821169 -0.403954 0.000000
vt  0.804731 -0.413223 0.000000
vt  0.895565 -0.379195 0.000000
vt  0.894591 -0.383586 0.000000
vt  0.887894 -0.378585 0.000000
vt  0.887042 -0.381878 0.000000
vt  0.880101 -0.377122 0.000000
vt  0.879614 -0.379561 0.000000
vt  0.871578 -0.376512 0.000000
vt  0.871091 -0.378707 0.000000
vt  0.860863 -0.378829 0.000000
vt  0.860741 -0.382122 0.000000
vt  0.848809 -0.385659 0.000000
vt  0.849174 -0.389928 0.000000
vt  0.836024 -0.396026 0.000000
vt  0.893739 -0.386635 0.000000
vt  0.893130 -0.388830 0.000000
vt  0.886433 -0.384074 0.000000
vt  0.885824 -0.386147 0.000000
vt  0.879006 -0.381634 0.000000
vt  0.878397 -0.384196 0.000000
vt  0.870726 -0.381634 0.000000
vt  0.870239 -0.384805 0.000000
vt  0.860741 -0.385781 0.000000
vt  0.714263 -0.352485 0.000000
vt  0.716577 -0.334923 0.000000
vt  0.699895 -0.355290 0.000000
vt  0.701478 -0.338460 0.000000
vt  0.688206 -0.342118 0.000000
vt  0.703061 -0.322848 0.000000
vt  0.689424 -0.327361 0.000000
vt  0.690520 -0.314555 0.000000
vt  0.677978 -0.331752 0.000000
vt  0.678831 -0.319677 0.000000
vt  0.669820 -0.324190 0.000000
vt  0.679683 -0.309798 0.000000
vt  0.670794 -0.315043 0.000000
vt  0.671525 -0.308335 0.000000
vt  0.664219 -0.319189 0.000000
vt  0.665193 -0.312969 0.000000
vt  0.661053 -0.316018 0.000000
vt  0.665802 -0.308944 0.000000
vt  0.662149 -0.312237 0.000000
vt  0.662149 -0.310042 0.000000
vt  0.660079 -0.314311 0.000000
vt  0.659592 -0.313335 0.000000
vt  0.657157 -0.317970 0.000000
vt  0.658862 -0.311872 0.000000
vt  0.655940 -0.316628 0.000000
vt  0.654113 -0.313579 0.000000
vt  0.653504 -0.323946 0.000000
vt  0.651191 -0.322970 0.000000
vt  0.649243 -0.332483 0.000000
vt  0.732649 -0.331630 0.000000
vt  0.735449 -0.315043 0.000000
vt  0.752252 -0.312359 0.000000
vt  0.754809 -0.297968 0.000000
vt  0.771612 -0.296138 0.000000
vt  0.773804 -0.284796 0.000000
vt  0.790364 -0.283698 0.000000
vt  0.791947 -0.275893 0.000000
vt  0.807897 -0.275893 0.000000
vt  0.808993 -0.271258 0.000000
vt  0.824213 -0.272112 0.000000
vt  0.824822 -0.269794 0.000000
vt  0.839068 -0.271502 0.000000
vt  0.839677 -0.269185 0.000000
vt  0.852949 -0.272234 0.000000
vt  0.853801 -0.268575 0.000000
vt  0.866343 -0.272843 0.000000
vt  0.867438 -0.269063 0.000000
vt  0.879371 -0.275161 0.000000
vt  0.880467 -0.271990 0.000000
vt  0.890938 -0.279429 0.000000
vt  0.718646 -0.318580 0.000000
vt  0.720595 -0.304432 0.000000
vt  0.737763 -0.300529 0.000000
vt  0.739711 -0.288821 0.000000
vt  0.756879 -0.286259 0.000000
vt  0.758462 -0.277844 0.000000
vt  0.775387 -0.276624 0.000000
vt  0.776483 -0.271380 0.000000
vt  0.792921 -0.271014 0.000000
vt  0.793529 -0.268453 0.000000
vt  0.809480 -0.268819 0.000000
vt  0.809967 -0.266257 0.000000
vt  0.825309 -0.267355 0.000000
vt  0.826161 -0.263086 0.000000
vt  0.840529 -0.265282 0.000000
vt  0.841382 -0.260769 0.000000
vt  0.854897 -0.264306 0.000000
vt  0.855749 -0.260647 0.000000
vt  0.868412 -0.265648 0.000000
vt  0.704522 -0.309310 0.000000
vt  0.705740 -0.298212 0.000000
vt  0.691494 -0.304066 0.000000
vt  0.692224 -0.296260 0.000000
vt  0.680413 -0.302602 0.000000
vt  0.680779 -0.297846 0.000000
vt  0.672012 -0.303944 0.000000
vt  0.672134 -0.301383 0.000000
vt  0.665924 -0.306627 0.000000
vt  0.665559 -0.304676 0.000000
vt  0.661784 -0.308457 0.000000
vt  0.661175 -0.306383 0.000000
vt  0.658131 -0.309676 0.000000
vt  0.658375 -0.307115 0.000000
vt  0.656548 -0.307603 0.000000
vt  0.722299 -0.292967 0.000000
vt  0.723517 -0.284552 0.000000
vt  0.741294 -0.280283 0.000000
vt  0.742268 -0.274917 0.000000
vt  0.759558 -0.272478 0.000000
vt  0.760045 -0.269794 0.000000
vt  0.776970 -0.268697 0.000000
vt  0.777457 -0.266013 0.000000
vt  0.794016 -0.265770 0.000000
vt  0.794747 -0.260769 0.000000
vt  0.810819 -0.261623 0.000000
vt  0.811672 -0.256256 0.000000
vt  0.827014 -0.258086 0.000000
vt  0.827623 -0.253817 0.000000
vt  0.842112 -0.256866 0.000000
vt  0.706592 -0.290040 0.000000
vt  0.707201 -0.284674 0.000000
vt  0.692711 -0.291138 0.000000
vt  0.692833 -0.288455 0.000000
vt  0.680901 -0.295285 0.000000
vt  0.680657 -0.292967 0.000000
vt  0.671768 -0.299431 0.000000
vt  0.671038 -0.296016 0.000000
vt  0.664950 -0.301993 0.000000
vt  0.663976 -0.299309 0.000000
vt  0.660323 -0.304310 0.000000
vt  0.659105 -0.302846 0.000000
vt  0.662636 -0.297114 0.000000
vt  0.668603 -0.289552 0.000000
vt  0.669942 -0.292479 0.000000
vt  0.678831 -0.284430 0.000000
vt  0.679926 -0.288943 0.000000
vt  0.691981 -0.281381 0.000000
vt  0.692590 -0.286015 0.000000
vt  0.707444 -0.279307 0.000000
vt  0.707566 -0.281869 0.000000
vt  0.724734 -0.276258 0.000000
vt  0.724369 -0.279064 0.000000
vt  0.677491 -0.280893 0.000000
vt  0.689911 -0.271746 0.000000
vt  0.691007 -0.276014 0.000000
vt  0.706349 -0.268209 0.000000
vt  0.707079 -0.274063 0.000000
vt  0.724734 -0.267965 0.000000
vt  0.724734 -0.273575 0.000000
vt  0.742999 -0.269307 0.000000
vt  0.742755 -0.272112 0.000000
vt  0.705496 -0.263208 0.000000
vt  0.723882 -0.256256 0.000000
vt  0.724369 -0.261623 0.000000
vt  0.743364 -0.257232 0.000000
vt  0.743242 -0.263696 0.000000
vt  0.761019 -0.261501 0.000000
vt  0.760410 -0.266989 0.000000
vt  0.743242 -0.251622 0.000000
vt  0.761628 -0.249549 0.000000
vt  0.761506 -0.255037 0.000000
vt  0.778796 -0.254427 0.000000
vt  0.778188 -0.260647 0.000000
vt  0.779162 -0.249183 0.000000
vt  0.796086 -0.249914 0.000000
vt  0.795599 -0.254915 0.000000
vt  0.698312 -0.372853 0.000000
vt  0.686380 -0.374804 0.000000
vt  0.685771 -0.390904 0.000000
vt  0.676030 -0.391757 0.000000
vt  0.676152 -0.405295 0.000000
vt  0.668603 -0.405173 0.000000
vt  0.669090 -0.415662 0.000000
vt  0.663489 -0.414808 0.000000
vt  0.664097 -0.421760 0.000000
vt  0.660566 -0.420541 0.000000
vt  0.661175 -0.424687 0.000000
vt  0.659105 -0.423590 0.000000
vt  0.659105 -0.425785 0.000000
vt  0.658009 -0.425419 0.000000
vt  0.657157 -0.426761 0.000000
vt  0.656427 -0.424809 0.000000
vt  0.654600 -0.426273 0.000000
vt  0.653017 -0.421272 0.000000
vt  0.657644 -0.423712 0.000000
vt  0.656548 -0.419809 0.000000
vt  0.658131 -0.419687 0.000000
vt  0.656914 -0.413589 0.000000
vt  0.659592 -0.414077 0.000000
vt  0.658618 -0.404441 0.000000
vt  0.662758 -0.404807 0.000000
vt  0.662028 -0.392611 0.000000
vt  0.668116 -0.392245 0.000000
vt  0.667872 -0.377976 0.000000
vt  0.676152 -0.376512 0.000000
vt  0.676395 -0.360901 0.000000
vt  0.687232 -0.358218 0.000000
vt  0.655209 -0.413467 0.000000
vt  0.653991 -0.404198 0.000000
vt  0.655818 -0.404320 0.000000
vt  0.654844 -0.392855 0.000000
vt  0.657766 -0.392733 0.000000
vt  0.657157 -0.379683 0.000000
vt  0.661540 -0.379073 0.000000
vt  0.661419 -0.364925 0.000000
vt  0.667872 -0.363218 0.000000
vt  0.668237 -0.348826 0.000000
vt  0.677126 -0.345777 0.000000
vt  0.653017 -0.392855 0.000000
vt  0.652287 -0.380171 0.000000
vt  0.654113 -0.380049 0.000000
vt  0.653748 -0.366755 0.000000
vt  0.656792 -0.366145 0.000000
vt  0.656914 -0.352973 0.000000
vt  0.661662 -0.351388 0.000000
vt  0.662271 -0.338825 0.000000
vt  0.668968 -0.335654 0.000000
vt  0.651921 -0.367121 0.000000
vt  0.651921 -0.354437 0.000000
vt  0.653870 -0.353949 0.000000
vt  0.654357 -0.342118 0.000000
vt  0.657522 -0.340899 0.000000
vt  0.658496 -0.330410 0.000000
vt  0.663123 -0.327971 0.000000
vt  0.655331 -0.331874 0.000000
vt  0.656792 -0.323702 0.000000
vt  0.653504 -0.332605 0.000000
vt  0.654965 -0.324190 0.000000
vt  0.658618 -0.317726 0.000000
vt  0.659714 -0.321995 0.000000
vt  0.885094 -0.388464 0.000000
vt  0.883998 -0.391148 0.000000
vt  0.891425 -0.393221 0.000000
vt  0.890329 -0.395782 0.000000
vt  0.899218 -0.403832 0.000000
vt  0.900436 -0.401392 0.000000
vt  0.901531 -0.399075 0.000000
vt  0.914560 -0.416516 0.000000
vt  0.915656 -0.414442 0.000000
vt  0.932337 -0.433225 0.000000
vt  0.916508 -0.412613 0.000000
vt  0.933189 -0.431517 0.000000
vt  0.934163 -0.429688 0.000000
vt  0.949992 -0.450056 0.000000
vt  0.950966 -0.448348 0.000000
vt  0.963873 -0.461764 0.000000
vt  0.952306 -0.446275 0.000000
vt  0.965091 -0.459813 0.000000
vt  0.966674 -0.457373 0.000000
vt  0.969596 -0.464935 0.000000
vt  0.971301 -0.462008 0.000000
vt  0.971909 -0.462618 0.000000
vt  0.973005 -0.459325 0.000000
vt  0.973614 -0.460179 0.000000
vt  0.975319 -0.457739 0.000000
vt  0.974345 -0.460910 0.000000
vt  0.976049 -0.458593 0.000000
vt  0.976902 -0.459691 0.000000
vt  0.977754 -0.456398 0.000000
vt  0.978606 -0.457495 0.000000
vt  0.980433 -0.455422 0.000000
vt  0.980189 -0.459325 0.000000
vt  0.981772 -0.457251 0.000000
vt  0.983720 -0.459447 0.000000
vt  0.983598 -0.455300 0.000000
vt  0.987008 -0.455666 0.000000
vt  0.985303 -0.453349 0.000000
vt  0.987129 -0.451519 0.000000
vt  0.984085 -0.451397 0.000000
vt  0.985912 -0.449568 0.000000
vt  0.985181 -0.448226 0.000000
vt  0.987860 -0.447738 0.000000
vt  0.987251 -0.446397 0.000000
vt  0.989321 -0.444567 0.000000
vt  0.986764 -0.445299 0.000000
vt  0.988834 -0.443470 0.000000
vt  0.988591 -0.442372 0.000000
vt  0.991026 -0.441762 0.000000
vt  0.990782 -0.441030 0.000000
vt  0.992730 -0.439079 0.000000
vt  0.990539 -0.440543 0.000000
vt  0.991269 -0.439689 0.000000
vt  0.990295 -0.440055 0.000000
vt  0.987616 -0.431029 0.000000
vt  0.986399 -0.432127 0.000000
vt  0.972883 -0.409930 0.000000
vt  0.985303 -0.433347 0.000000
vt  0.971788 -0.411515 0.000000
vt  0.970326 -0.413467 0.000000
vt  0.952671 -0.382732 0.000000
vt  0.951332 -0.385171 0.000000
vt  0.932215 -0.356632 0.000000
vt  0.949871 -0.388098 0.000000
vt  0.930876 -0.360047 0.000000
vt  0.929415 -0.364560 0.000000
vt  0.915047 -0.336752 0.000000
vt  0.913708 -0.341753 0.000000
vt  0.912368 -0.347607 0.000000
vt  0.982137 -0.453349 0.000000
vt  0.981407 -0.452129 0.000000
vt  0.979580 -0.454202 0.000000
vt  0.978971 -0.453227 0.000000
vt  0.977145 -0.455422 0.000000
vt  0.976536 -0.454690 0.000000
vt  0.974710 -0.456886 0.000000
vt  0.970205 -0.452007 0.000000
vt  0.968378 -0.454690 0.000000
vt  0.955472 -0.440421 0.000000
vt  0.953767 -0.443592 0.000000
vt  0.936720 -0.424321 0.000000
vt  0.935381 -0.427371 0.000000
vt  0.918456 -0.408100 0.000000
vt  0.917482 -0.410662 0.000000
vt  0.902993 -0.395172 0.000000
vt  0.902262 -0.397246 0.000000
vt  0.892399 -0.390782 0.000000
vt  0.903967 -0.392245 0.000000
vt  0.905063 -0.388220 0.000000
vt  0.919674 -0.404563 0.000000
vt  0.921013 -0.399807 0.000000
vt  0.938303 -0.420419 0.000000
vt  0.939886 -0.415906 0.000000
vt  0.957298 -0.437006 0.000000
vt  0.959124 -0.433225 0.000000
vt  0.972031 -0.449324 0.000000
vt  0.973979 -0.446641 0.000000
vt  0.978363 -0.452373 0.000000
vt  0.980311 -0.450300 0.000000
vt  0.980798 -0.451153 0.000000
vt  0.982746 -0.449202 0.000000
vt  0.983233 -0.450178 0.000000
vt  0.906158 -0.382854 0.000000
vt  0.907376 -0.376268 0.000000
vt  0.922353 -0.394319 0.000000
vt  0.923692 -0.388098 0.000000
vt  0.941469 -0.410906 0.000000
vt  0.943174 -0.405905 0.000000
vt  0.961073 -0.429566 0.000000
vt  0.962899 -0.425907 0.000000
vt  0.975927 -0.444079 0.000000
vt  0.977997 -0.441640 0.000000
vt  0.982137 -0.448226 0.000000
vt  0.984207 -0.446275 0.000000
vt  0.984694 -0.447251 0.000000
vt  0.908594 -0.368950 0.000000
vt  0.909811 -0.361511 0.000000
vt  0.925031 -0.381756 0.000000
vt  0.926492 -0.375536 0.000000
vt  0.944757 -0.400905 0.000000
vt  0.946461 -0.396270 0.000000
vt  0.964847 -0.422370 0.000000
vt  0.966795 -0.418955 0.000000
vt  0.979946 -0.439201 0.000000
vt  0.982015 -0.436884 0.000000
vt  0.986277 -0.444323 0.000000
vt  0.911029 -0.354315 0.000000
vt  0.927832 -0.369804 0.000000
vt  0.948166 -0.391879 0.000000
vt  0.968622 -0.416028 0.000000
vt  0.983964 -0.434932 0.000000
vt  0.989686 -0.441030 0.000000
vt  0.916386 -0.332971 0.000000
vt  0.917482 -0.330166 0.000000
vt  0.933433 -0.353949 0.000000
vt  0.934407 -0.352119 0.000000
vt  0.953645 -0.381025 0.000000
vt  0.954741 -0.379439 0.000000
vt  0.974101 -0.408466 0.000000
vt  0.975440 -0.406637 0.000000
vt  0.989199 -0.429566 0.000000
vt  0.991269 -0.427493 0.000000
vt  0.995653 -0.437128 0.000000
vt  0.996018 -0.438469 0.000000
vt  0.993339 -0.440055 0.000000
vt  0.993826 -0.441274 0.000000
vt  0.991513 -0.442860 0.000000
vt  0.992122 -0.444445 0.000000
vt  0.989930 -0.446031 0.000000
vt  0.991026 -0.448104 0.000000
vt  0.989078 -0.449690 0.000000
vt  0.990417 -0.452129 0.000000
vt  0.994070 -0.449202 0.000000
vt  0.992974 -0.446641 0.000000
vt  0.995044 -0.445299 0.000000
vt  0.994313 -0.442982 0.000000
vt  0.996870 -0.441640 0.000000
vt  0.996383 -0.439811 0.000000
vt  0.977267 -0.404441 0.000000
vt  0.957785 -0.375170 0.000000
vt  0.956080 -0.377366 0.000000
vt  0.936599 -0.348217 0.000000
vt  0.935259 -0.350412 0.000000
vt  0.919187 -0.326385 0.000000
vt  0.918334 -0.328093 0.000000
vt  0.920404 -0.324190 0.000000
vt  0.921866 -0.321873 0.000000
vt  0.938182 -0.345899 0.000000
vt  0.997357 -0.444323 0.000000
vt  0.997844 -0.447251 0.000000
vt  0.978484 -0.461520 0.000000
vt  0.977023 -0.463716 0.000000
vt  0.980554 -0.463594 0.000000
vt  0.977632 -0.467984 0.000000
vt  0.975319 -0.462130 0.000000
vt  0.973736 -0.464447 0.000000
vt  0.972640 -0.463472 0.000000
vt  0.971179 -0.466155 0.000000
vt  0.970326 -0.465423 0.000000
vt  0.968865 -0.468228 0.000000
vt  0.968378 -0.467740 0.000000
vt  0.968013 -0.467496 0.000000
vt  0.966674 -0.470423 0.000000
vt  0.967282 -0.468350 0.000000
vt  0.962047 -0.464813 0.000000
vt  0.967648 -0.467131 0.000000
vt  0.962899 -0.463228 0.000000
vt  0.948896 -0.451763 0.000000
vt  0.947679 -0.453837 0.000000
vt  0.930998 -0.435298 0.000000
vt  0.929536 -0.437737 0.000000
vt  0.913099 -0.418955 0.000000
vt  0.960951 -0.466887 0.000000
vt  0.959368 -0.469692 0.000000
vt  0.964969 -0.474204 0.000000
vt  0.965943 -0.474814 0.000000
vt  0.967404 -0.471277 0.000000
vt  0.968256 -0.472009 0.000000
vt  0.969596 -0.468960 0.000000
vt  0.970813 -0.469814 0.000000
vt  0.972275 -0.467131 0.000000
vt  0.974101 -0.468594 0.000000
vt  0.975440 -0.466155 0.000000
vt  0.975319 -0.472741 0.000000
vt  0.972883 -0.471277 0.000000
vt  0.971788 -0.474082 0.000000
vt  0.969596 -0.472863 0.000000
vt  0.968500 -0.476156 0.000000
vt  0.966917 -0.475424 0.000000
vt  0.973614 -0.477985 0.000000
vt  0.970813 -0.477131 0.000000
vt  0.968378 -0.466277 0.000000
vt  0.877545 -0.387001 0.000000
vt  0.655087 -0.420419 0.000000
vt  0.653626 -0.413711 0.000000
vt  0.651434 -0.414321 0.000000
vt  0.649851 -0.404807 0.000000
vt  0.652287 -0.404441 0.000000
vt  0.651313 -0.393099 0.000000
vt  0.946096 -0.456276 0.000000
vt  0.141012 -0.669101 0.000000
vt  0.145274 -0.669101 0.000000
vt  0.141012 -0.670931 0.000000
vt  0.145274 -0.670931 0.000000
vt  0.141012 -0.672272 0.000000
vt  0.145274 -0.672272 0.000000
vt  0.141012 -0.673370 0.000000
vt  0.145274 -0.673370 0.000000
vt  0.141012 -0.677639 0.000000
vt  0.145274 -0.677639 0.000000
vt  0.141012 -0.691542 0.000000
vt  0.145274 -0.691542 0.000000
vt  0.145274 -0.715325 0.000000
vt  0.149292 -0.715325 0.000000
vt  0.149292 -0.781063 0.000000
vt  0.153310 -0.781063 0.000000
vt  0.149292 -0.839362 0.000000
vt  0.153310 -0.839362 0.000000
vt  0.149292 -0.889244 0.000000
vt  0.153310 -0.889244 0.000000
vt  0.149292 -0.934493 0.000000
vt  0.153310 -0.934493 0.000000
vt  0.149292 -0.965837 0.000000
vt  0.153310 -0.965837 0.000000
vt  0.149292 -0.983156 0.000000
vt  0.153310 -0.983156 0.000000
vt  0.149292 -0.669101 0.000000
vt  0.149292 -0.670931 0.000000
vt  0.149292 -0.672272 0.000000
vt  0.149292 -0.673370 0.000000
vt  0.149292 -0.677639 0.000000
vt  0.149292 -0.691542 0.000000
vt  0.153310 -0.715325 0.000000
vt  0.157328 -0.781063 0.000000
vt  0.157328 -0.839362 0.000000
vt  0.157328 -0.889244 0.000000
vt  0.157328 -0.934493 0.000000
vt  0.157328 -0.965837 0.000000
vt  0.157328 -0.983156 0.000000
vt  0.153310 -0.669101 0.000000
vt  0.153310 -0.670931 0.000000
vt  0.153310 -0.672272 0.000000
vt  0.153310 -0.673370 0.000000
vt  0.153310 -0.677639 0.000000
vt  0.153310 -0.691542 0.000000
vt  0.157328 -0.715325 0.000000
vt  0.161225 -0.781063 0.000000
vt  0.161225 -0.839362 0.000000
vt  0.161225 -0.889244 0.000000
vt  0.161225 -0.934493 0.000000
vt  0.161225 -0.965837 0.000000
vt  0.161225 -0.983156 0.000000
vt  0.157328 -0.669101 0.000000
vt  0.157328 -0.670931 0.000000
vt  0.157328 -0.672272 0.000000
vt  0.157328 -0.673370 0.000000
vt  0.157328 -0.677639 0.000000
vt  0.157328 -0.691542 0.000000
vt  0.161225 -0.715325 0.000000
vt  0.165243 -0.781063 0.000000
vt  0.165243 -0.839362 0.000000
vt  0.165243 -0.889244 0.000000
vt  0.165243 -0.934493 0.000000
vt  0.165243 -0.965837 0.000000
vt  0.165243 -0.983156 0.000000
vt  0.161225 -0.669101 0.000000
vt  0.161225 -0.670931 0.000000
vt  0.161225 -0.672272 0.000000
vt  0.161225 -0.673370 0.000000
vt  0.161225 -0.677639 0.000000
vt  0.161225 -0.691542 0.000000
vt  0.165243 -0.715325 0.000000
vt  0.169261 -0.781063 0.000000
vt  0.169261 -0.839362 0.000000
vt  0.169261 -0.889244 0.000000
vt  0.169261 -0.934493 0.000000
vt  0.169261 -0.965837 0.000000
vt  0.169261 -0.983156 0.000000
vt  0.165243 -0.669101 0.000000
vt  0.165243 -0.670931 0.000000
vt  0.165243 -0.672272 0.000000
vt  0.165243 -0.673370 0.000000
vt  0.165243 -0.677639 0.000000
vt  0.165243 -0.691542 0.000000
vt  0.169261 -0.715325 0.000000
vt  0.173279 -0.781063 0.000000
vt  0.173279 -0.839362 0.000000
vt  0.173279 -0.889244 0.000000
vt  0.173279 -0.934493 0.000000
vt  0.173279 -0.965837 0.000000
vt  0.173279 -0.983156 0.000000
vt  0.169261 -0.669101 0.000000
vt  0.169261 -0.670931 0.000000
vt  0.169261 -0.672272 0.000000
vt  0.169261 -0.673370 0.000000
vt  0.169261 -0.677639 0.000000
vt  0.169261 -0.691542 0.000000
vt  0.173279 -0.715325 0.000000
vt  0.177297 -0.781063 0.000000
vt  0.177297 -0.839362 0.000000
vt  0.177297 -0.889244 0.000000
vt  0.177297 -0.934493 0.000000
vt  0.177297 -0.965837 0.000000
vt  0.177297 -0.983156 0.000000
vt  0.173279 -0.669101 0.000000
vt  0.173279 -0.670931 0.000000
vt  0.173279 -0.672272 0.000000
vt  0.173279 -0.673370 0.000000
vt  0.173279 -0.677639 0.000000
vt  0.173279 -0.691542 0.000000
vt  0.177297 -0.715325 0.000000
vt  0.181315 -0.781063 0.000000
vt  0.181315 -0.839362 0.000000
vt  0.181315 -0.889244 0.000000
vt  0.181315 -0.934493 0.000000
vt  0.181315 -0.965837 0.000000
vt  0.181315 -0.983156 0.000000
vt  0.177297 -0.669101 0.000000
vt  0.177297 -0.670931 0.000000
vt  0.177297 -0.672272 0.000000
vt  0.177297 -0.673370 0.000000
vt  0.177297 -0.677639 0.000000
vt  0.177297 -0.691542 0.000000
vt  0.181315 -0.715325 0.000000
vt  0.185333 -0.781063 0.000000
vt  0.185333 -0.839362 0.000000
vt  0.185333 -0.889244 0.000000
vt  0.185333 -0.934493 0.000000
vt  0.185333 -0.965837 0.000000
vt  0.185333 -0.983156 0.000000
vt  0.181315 -0.669101 0.000000
vt  0.181315 -0.670931 0.000000
vt  0.181315 -0.672272 0.000000
vt  0.181315 -0.673370 0.000000
vt  0.181315 -0.677639 0.000000
vt  0.181315 -0.691542 0.000000
vt  0.185333 -0.715325 0.000000
vt  0.189351 -0.781063 0.000000
vt  0.189351 -0.839362 0.000000
vt  0.189351 -0.889244 0.000000
vt  0.189351 -0.934493 0.000000
vt  0.189351 -0.965837 0.000000
vt  0.189351 -0.983156 0.000000
vt  0.185333 -0.669101 0.000000
vt  0.185333 -0.670931 0.000000
vt  0.185333 -0.672272 0.000000
vt  0.185333 -0.673370 0.000000
vt  0.185333 -0.677639 0.000000
vt  0.185333 -0.691542 0.000000
vt  0.189351 -0.715325 0.000000
vt  0.193369 -0.781063 0.000000
vt  0.193369 -0.839362 0.000000
vt  0.193369 -0.889244 0.000000
vt  0.193369 -0.934493 0.000000
vt  0.193369 -0.965837 0.000000
vt  0.193369 -0.983156 0.000000
vt  0.189351 -0.669101 0.000000
vt  0.189351 -0.670931 0.000000
vt  0.189351 -0.672272 0.000000
vt  0.189351 -0.673370 0.000000
vt  0.189351 -0.677639 0.000000
vt  0.189351 -0.691542 0.000000
vt  0.193369 -0.715325 0.000000
vt  0.197388 -0.781063 0.000000
vt  0.197388 -0.839362 0.000000
vt  0.197388 -0.889244 0.000000
vt  0.197388 -0.934493 0.000000
vt  0.197388 -0.965837 0.000000
vt  0.197388 -0.983156 0.000000
vt  0.193369 -0.669101 0.000000
vt  0.193369 -0.670931 0.000000
vt  0.193369 -0.672272 0.000000
vt  0.193369 -0.673370 0.000000
vt  0.193369 -0.677639 0.000000
vt  0.193369 -0.691542 0.000000
vt  0.197388 -0.715325 0.000000
vt  0.201406 -0.781063 0.000000
vt  0.201406 -0.839362 0.000000
vt  0.201406 -0.889244 0.000000
vt  0.201406 -0.934493 0.000000
vt  0.201406 -0.965837 0.000000
vt  0.201406 -0.983156 0.000000
vt  0.197388 -0.669101 0.000000
vt  0.197388 -0.670931 0.000000
vt  0.197388 -0.672272 0.000000
vt  0.197388 -0.673370 0.000000
vt  0.197388 -0.677639 0.000000
vt  0.197388 -0.691542 0.000000
vt  0.201406 -0.715325 0.000000
vt  0.205424 -0.781063 0.000000
vt  0.205424 -0.839362 0.000000
vt  0.205424 -0.889244 0.000000
vt  0.205424 -0.934493 0.000000
vt  0.205424 -0.965837 0.000000
vt  0.205424 -0.983156 0.000000
vt  0.201406 -0.669101 0.000000
vt  0.201406 -0.670931 0.000000
vt  0.201406 -0.672272 0.000000
vt  0.201406 -0.673370 0.000000
vt  0.201406 -0.677639 0.000000
vt  0.201406 -0.691542 0.000000
vt  0.205424 -0.715325 0.000000
vt  0.209442 -0.781063 0.000000
vt  0.209442 -0.839362 0.000000
vt  0.209442 -0.889244 0.000000
vt  0.209442 -0.934493 0.000000
vt  0.209442 -0.965837 0.000000
vt  0.209442 -0.983156 0.000000
vt  0.205424 -0.669101 0.000000
vt  0.205424 -0.670931 0.000000
vt  0.205424 -0.672272 0.000000
vt  0.205424 -0.673370 0.000000
vt  0.205424 -0.677639 0.000000
vt  0.205424 -0.691542 0.000000
vt  0.209442 -0.715325 0.000000
vt  0.212729 -0.781063 0.000000
vt  0.212729 -0.839362 0.000000
vt  0.212729 -0.889244 0.000000
vt  0.212729 -0.934493 0.000000
vt  0.212729 -0.965837 0.000000
vt  0.212729 -0.983156 0.000000
vt  0.209442 -0.669101 0.000000
vt  0.209442 -0.670931 0.000000
vt  0.209442 -0.672272 0.000000
vt  0.209442 -0.673370 0.000000
vt  0.209442 -0.677639 0.000000
vt  0.209442 -0.691542 0.000000
vt  0.212729 -0.715325 0.000000
vt  0.212729 -0.669101 0.000000
vt  0.212729 -0.670931 0.000000
vt  0.212729 -0.672272 0.000000
vt  0.212729 -0.673370 0.000000
vt  0.212729 -0.677639 0.000000
vt  0.212729 -0.691542 0.000000
vt  0.141012 -0.715325 0.000000
vt  0.145274 -0.781063 0.000000
vt  0.141012 -0.781063 0.000000
vt  0.141012 -0.839362 0.000000
vt  0.145274 -0.839362 0.000000
vt  0.141012 -0.889244 0.000000
vt  0.145274 -0.889244 0.000000
vt  0.141012 -0.934493 0.000000
vt  0.145274 -0.934493 0.000000
vt  0.141012 -0.965837 0.000000
vt  0.145274 -0.965837 0.000000
vt  0.141012 -0.983156 0.000000
vt  0.145274 -0.983156 0.000000
vt  0.923692 -0.319311 0.000000
vt  0.812281 -0.251622 0.000000
vt  0.652530 -0.342728 0.000000
vt  0.650704 -0.342850 0.000000
vt  0.650217 -0.354559 0.000000
vt  0.650095 -0.367365 0.000000
vt  0.647295 -0.354681 0.000000
vt  0.647173 -0.367487 0.000000
vt  0.650460 -0.380415 0.000000
vt  0.647660 -0.380659 0.000000
vt  0.648634 -0.393465 0.000000
vt  0.648025 -0.342850 0.000000
vt  0.651800 -0.332727 0.000000
vt  0.525655 -0.378097 0.000000
vt  0.519567 -0.374804 0.000000
vt  0.524925 -0.373097 0.000000
vt  0.521759 -0.371390 0.000000
vt  0.523342 -0.368706 0.000000
vt  0.518471 -0.369926 0.000000
vt  0.520054 -0.367243 0.000000
vt  0.516645 -0.365779 0.000000
vt  0.520907 -0.365413 0.000000
vt  0.517497 -0.364072 0.000000
vt  0.517984 -0.362730 0.000000
vt  0.513966 -0.362730 0.000000
vt  0.514453 -0.361389 0.000000
vt  0.510922 -0.360047 0.000000
vt  0.514940 -0.360047 0.000000
vt  0.511409 -0.358827 0.000000
vt  0.515306 -0.348704 0.000000
vt  0.507756 -0.357608 0.000000
vt  0.511409 -0.347119 0.000000
vt  0.507391 -0.345655 0.000000
vt  0.524438 -0.316628 0.000000
vt  0.520298 -0.314433 0.000000
vt  0.539780 -0.272478 0.000000
vt  0.516158 -0.312359 0.000000
vt  0.535640 -0.269916 0.000000
vt  0.531500 -0.267721 0.000000
vt  0.555487 -0.227351 0.000000
vt  0.551469 -0.224912 0.000000
vt  0.567906 -0.189543 0.000000
vt  0.547329 -0.222839 0.000000
vt  0.564010 -0.187347 0.000000
vt  0.560114 -0.185762 0.000000
vt  0.513357 -0.371999 0.000000
vt  0.515306 -0.368584 0.000000
vt  0.512018 -0.367243 0.000000
vt  0.513236 -0.364560 0.000000
vt  0.509826 -0.363340 0.000000
vt  0.510435 -0.361511 0.000000
vt  0.506904 -0.360413 0.000000
vt  0.507269 -0.358949 0.000000
vt  0.503617 -0.357974 0.000000
vt  0.503982 -0.356632 0.000000
vt  0.500207 -0.355656 0.000000
vt  0.503373 -0.344314 0.000000
vt  0.499111 -0.342972 0.000000
vt  0.512018 -0.310408 0.000000
vt  0.507878 -0.308579 0.000000
vt  0.527482 -0.265648 0.000000
vt  0.523585 -0.263940 0.000000
vt  0.543554 -0.221253 0.000000
vt  0.507148 -0.369438 0.000000
vt  0.508609 -0.366145 0.000000
vt  0.505321 -0.365047 0.000000
vt  0.506295 -0.362242 0.000000
vt  0.502764 -0.361267 0.000000
vt  0.503251 -0.359437 0.000000
vt  0.499598 -0.358461 0.000000
vt  0.499842 -0.356998 0.000000
vt  0.495946 -0.356266 0.000000
vt  0.496189 -0.354803 0.000000
vt  0.491927 -0.354193 0.000000
vt  0.494850 -0.341631 0.000000
vt  0.490588 -0.340411 0.000000
vt  0.503860 -0.306993 0.000000
vt  0.500816 -0.367487 0.000000
vt  0.501912 -0.364072 0.000000
vt  0.498503 -0.363340 0.000000
vt  0.499111 -0.360413 0.000000
vt  0.495337 -0.359803 0.000000
vt  0.495702 -0.357852 0.000000
vt  0.491684 -0.357364 0.000000
vt  0.491806 -0.355778 0.000000
vt  0.487301 -0.355412 0.000000
vt  0.487301 -0.353705 0.000000
vt  0.494484 -0.366267 0.000000
vt  0.494971 -0.362852 0.000000
vt  0.491440 -0.362486 0.000000
vt  0.491562 -0.359437 0.000000
vt  0.487422 -0.359437 0.000000
vt  0.487301 -0.357120 0.000000
vt  0.488275 -0.366145 0.000000
vt  0.487788 -0.362608 0.000000
vt  0.528456 -0.319067 0.000000
vt  0.532474 -0.321751 0.000000
vt  0.548059 -0.278698 0.000000
vt  0.552077 -0.282357 0.000000
vt  0.572046 -0.242231 0.000000
vt  0.556095 -0.286503 0.000000
vt  0.576064 -0.247475 0.000000
vt  0.580082 -0.253451 0.000000
vt  0.592502 -0.214545 0.000000
vt  0.596764 -0.221619 0.000000
vt  0.607235 -0.202715 0.000000
vt  0.601025 -0.229303 0.000000
vt  0.611862 -0.211008 0.000000
vt  0.616489 -0.219911 0.000000
vt  0.619655 -0.199056 0.000000
vt  0.624647 -0.208447 0.000000
vt  0.632440 -0.196860 0.000000
vt  0.629517 -0.217838 0.000000
vt  0.637797 -0.206739 0.000000
vt  0.642789 -0.216009 0.000000
vt  0.648147 -0.196860 0.000000
vt  0.653626 -0.206739 0.000000
vt  0.669577 -0.200275 0.000000
vt  0.658618 -0.215521 0.000000
vt  0.674934 -0.209545 0.000000
vt  0.679318 -0.216862 0.000000
vt  0.695147 -0.205276 0.000000
vt  0.699652 -0.212838 0.000000
vt  0.722299 -0.209911 0.000000
vt  0.702939 -0.218814 0.000000
vt  0.725465 -0.216131 0.000000
vt  0.727657 -0.221131 0.000000
vt  0.750426 -0.214301 0.000000
vt  0.752618 -0.219546 0.000000
vt  0.780014 -0.218326 0.000000
vt  0.753957 -0.224058 0.000000
vt  0.781232 -0.223083 0.000000
vt  0.781840 -0.227595 0.000000
vt  0.810089 -0.221863 0.000000
vt  0.810698 -0.226619 0.000000
vt  0.840042 -0.224912 0.000000
vt  0.810576 -0.231864 0.000000
vt  0.840286 -0.230400 0.000000
vt  0.754444 -0.228327 0.000000
vt  0.729727 -0.229669 0.000000
vt  0.728996 -0.225522 0.000000
vt  0.706836 -0.227839 0.000000
vt  0.705253 -0.223692 0.000000
vt  0.685406 -0.227473 0.000000
vt  0.682727 -0.222717 0.000000
vt  0.666289 -0.228205 0.000000
vt  0.662758 -0.222473 0.000000
vt  0.651191 -0.230644 0.000000
vt  0.647295 -0.224058 0.000000
vt  0.638162 -0.234059 0.000000
vt  0.634023 -0.226497 0.000000
vt  0.625256 -0.236620 0.000000
vt  0.620994 -0.228571 0.000000
vt  0.609549 -0.245158 0.000000
vt  0.605287 -0.237230 0.000000
vt  0.588240 -0.266501 0.000000
vt  0.584101 -0.259793 0.000000
vt  0.564132 -0.295894 0.000000
vt  0.560114 -0.291016 0.000000
vt  0.540510 -0.327605 0.000000
vt  0.536492 -0.324556 0.000000
vt  0.522855 -0.352119 0.000000
vt  0.519202 -0.350290 0.000000
vt  0.707810 -0.231986 0.000000
vt  0.688937 -0.235767 0.000000
vt  0.687476 -0.231742 0.000000
vt  0.671890 -0.237230 0.000000
vt  0.669333 -0.232962 0.000000
vt  0.657766 -0.240401 0.000000
vt  0.654600 -0.236011 0.000000
vt  0.645103 -0.244914 0.000000
vt  0.641815 -0.240035 0.000000
vt  0.632805 -0.249183 0.000000
vt  0.629274 -0.243572 0.000000
vt  0.617341 -0.258574 0.000000
vt  0.613567 -0.252354 0.000000
vt  0.596033 -0.278942 0.000000
vt  0.592137 -0.272965 0.000000
vt  0.572046 -0.305773 0.000000
vt  0.568150 -0.300895 0.000000
vt  0.548303 -0.334191 0.000000
vt  0.544406 -0.330898 0.000000
vt  0.530282 -0.355900 0.000000
vt  0.526629 -0.353949 0.000000
vt  0.522002 -0.362852 0.000000
vt  0.518471 -0.361389 0.000000
vt  0.674082 -0.241255 0.000000
vt  0.663367 -0.247963 0.000000
vt  0.660688 -0.244304 0.000000
vt  0.651313 -0.252476 0.000000
vt  0.648269 -0.248939 0.000000
vt  0.639502 -0.257476 0.000000
vt  0.636214 -0.253695 0.000000
vt  0.624403 -0.267843 0.000000
vt  0.620994 -0.263696 0.000000
vt  0.603461 -0.288455 0.000000
vt  0.599808 -0.284186 0.000000
vt  0.579717 -0.314433 0.000000
vt  0.575943 -0.310286 0.000000
vt  0.555974 -0.340777 0.000000
vt  0.552199 -0.337606 0.000000
vt  0.537466 -0.360169 0.000000
vt  0.533813 -0.357974 0.000000
vt  0.528821 -0.366023 0.000000
vt  0.525412 -0.364438 0.000000
vt  0.524925 -0.365657 0.000000
vt  0.521394 -0.364072 0.000000
vt  0.654235 -0.255647 0.000000
vt  0.645955 -0.263818 0.000000
vt  0.642789 -0.260769 0.000000
vt  0.631344 -0.274307 0.000000
vt  0.627935 -0.271258 0.000000
vt  0.610523 -0.295163 0.000000
vt  0.606992 -0.291992 0.000000
vt  0.587023 -0.321019 0.000000
vt  0.583370 -0.317970 0.000000
vt  0.563401 -0.346631 0.000000
vt  0.559748 -0.343826 0.000000
vt  0.544406 -0.364682 0.000000
vt  0.540875 -0.362364 0.000000
vt  0.535518 -0.369682 0.000000
vt  0.532230 -0.367853 0.000000
vt  0.531622 -0.368950 0.000000
vt  0.528212 -0.367243 0.000000
vt  0.527603 -0.368584 0.000000
vt  0.524194 -0.366999 0.000000
vt  0.634753 -0.277112 0.000000
vt  0.617585 -0.300529 0.000000
vt  0.614054 -0.297846 0.000000
vt  0.594328 -0.326507 0.000000
vt  0.590676 -0.323824 0.000000
vt  0.570707 -0.351997 0.000000
vt  0.567054 -0.349436 0.000000
vt  0.551347 -0.369560 0.000000
vt  0.547816 -0.367121 0.000000
vt  0.542093 -0.373951 0.000000
vt  0.538805 -0.371755 0.000000
vt  0.538075 -0.372853 0.000000
vt  0.534787 -0.370902 0.000000
vt  0.534057 -0.372121 0.000000
vt  0.530891 -0.370292 0.000000
vt  0.529795 -0.371999 0.000000
vt  0.526629 -0.370292 0.000000
vt  0.597981 -0.329068 0.000000
vt  0.577891 -0.357364 0.000000
vt  0.574360 -0.354681 0.000000
vt  0.558044 -0.375048 0.000000
vt  0.554756 -0.372243 0.000000
vt  0.548303 -0.378951 0.000000
vt  0.545259 -0.376390 0.000000
vt  0.544406 -0.377488 0.000000
vt  0.541241 -0.375048 0.000000
vt  0.540388 -0.376268 0.000000
vt  0.537223 -0.374195 0.000000
vt  0.536127 -0.375780 0.000000
vt  0.532961 -0.373829 0.000000
vt  0.531013 -0.376512 0.000000
vt  0.527969 -0.374683 0.000000
vt  0.531378 -0.381756 0.000000
vt  0.534057 -0.378463 0.000000
vt  0.536857 -0.380537 0.000000
vt  0.539049 -0.377976 0.000000
vt  0.541971 -0.380293 0.000000
vt  0.543432 -0.378707 0.000000
vt  0.546355 -0.381269 0.000000
vt  0.547329 -0.380049 0.000000
vt  0.550373 -0.382976 0.000000
vt  0.551469 -0.381878 0.000000
vt  0.554391 -0.385171 0.000000
vt  0.561453 -0.378097 0.000000
vt  0.564862 -0.381269 0.000000
vt  0.581422 -0.359925 0.000000
vt  0.536614 -0.385903 0.000000
vt  0.539658 -0.382732 0.000000
vt  0.542215 -0.385171 0.000000
vt  0.544772 -0.382732 0.000000
vt  0.547450 -0.385537 0.000000
vt  0.549155 -0.384074 0.000000
vt  0.551834 -0.387245 0.000000
vt  0.553173 -0.386147 0.000000
vt  0.555974 -0.389928 0.000000
vt  0.557435 -0.388952 0.000000
vt  0.541362 -0.390538 0.000000
vt  0.544772 -0.387855 0.000000
vt  0.546963 -0.390782 0.000000
vt  0.550007 -0.388708 0.000000
vt  0.552321 -0.392123 0.000000
vt  0.554513 -0.390904 0.000000
vt  0.543919 -0.275405 0.000000
vt  0.563766 -0.233571 0.000000
vt  0.559627 -0.230156 0.000000
vt  0.575943 -0.195153 0.000000
vt  0.571803 -0.191982 0.000000
vt  0.582031 -0.171248 0.000000
vt  0.578134 -0.168565 0.000000
vt  0.574360 -0.166492 0.000000
vt  0.585440 -0.154905 0.000000
vt  0.581787 -0.152588 0.000000
vt  0.589580 -0.139050 0.000000
vt  0.567906 -0.237596 0.000000
vt  0.584222 -0.203325 0.000000
vt  0.588362 -0.208569 0.000000
vt  0.598468 -0.188567 0.000000
vt  0.602730 -0.195153 0.000000
vt  0.610157 -0.182347 0.000000
vt  0.614784 -0.190274 0.000000
vt  0.621846 -0.177834 0.000000
vt  0.627082 -0.186981 0.000000
vt  0.636580 -0.176005 0.000000
vt  0.642424 -0.186372 0.000000
vt  0.657157 -0.178200 0.000000
vt  0.663610 -0.189665 0.000000
vt  0.682849 -0.183810 0.000000
vt  0.689424 -0.195397 0.000000
vt  0.711463 -0.191250 0.000000
vt  0.717672 -0.201861 0.000000
vt  0.742390 -0.199056 0.000000
vt  0.747138 -0.207715 0.000000
vt  0.774291 -0.205764 0.000000
vt  0.777701 -0.212838 0.000000
vt  0.806193 -0.211130 0.000000
vt  0.808628 -0.216862 0.000000
vt  0.837607 -0.214667 0.000000
vt  0.839312 -0.219911 0.000000
vt  0.867560 -0.216618 0.000000
vt  0.868656 -0.221863 0.000000
vt  0.869143 -0.227717 0.000000
vt  0.895200 -0.217350 0.000000
vt  0.896174 -0.223326 0.000000
vt  0.919796 -0.217350 0.000000
vt  0.580082 -0.198812 0.000000
vt  0.590067 -0.178322 0.000000
vt  0.594328 -0.182957 0.000000
vt  0.601391 -0.169663 0.000000
vt  0.605652 -0.175517 0.000000
vt  0.612471 -0.162589 0.000000
vt  0.616976 -0.169541 0.000000
vt  0.625743 -0.157588 0.000000
vt  0.630979 -0.166248 0.000000
vt  0.644494 -0.156125 0.000000
vt  0.650704 -0.166736 0.000000
vt  0.668359 -0.158808 0.000000
vt  0.675543 -0.171370 0.000000
vt  0.696242 -0.165516 0.000000
vt  0.704279 -0.178932 0.000000
vt  0.727900 -0.174785 0.000000
vt  0.735815 -0.187957 0.000000
vt  0.762115 -0.184908 0.000000
vt  0.769177 -0.196739 0.000000
vt  0.797061 -0.194177 0.000000
vt  0.802540 -0.203690 0.000000
vt  0.831032 -0.200885 0.000000
vt  0.835050 -0.208569 0.000000
vt  0.862811 -0.205032 0.000000
vt  0.865734 -0.211252 0.000000
vt  0.891547 -0.206496 0.000000
vt  0.893739 -0.211984 0.000000
vt  0.916265 -0.206252 0.000000
vt  0.918213 -0.211374 0.000000
vt  0.936355 -0.204788 0.000000
vt  0.938669 -0.210398 0.000000
vt  0.953889 -0.202593 0.000000
vt  0.597251 -0.164906 0.000000
vt  0.604191 -0.151734 0.000000
vt  0.608331 -0.156613 0.000000
vt  0.616732 -0.144294 0.000000
vt  0.621116 -0.150393 0.000000
vt  0.633657 -0.138806 0.000000
vt  0.638771 -0.146734 0.000000
vt  0.654965 -0.136733 0.000000
vt  0.661419 -0.147222 0.000000
vt  0.680292 -0.139294 0.000000
vt  0.688084 -0.151978 0.000000
vt  0.709880 -0.146002 0.000000
vt  0.719012 -0.160516 0.000000
vt  0.743851 -0.155881 0.000000
vt  0.753592 -0.171004 0.000000
vt  0.780379 -0.167102 0.000000
vt  0.789511 -0.181737 0.000000
vt  0.817273 -0.177956 0.000000
vt  0.825187 -0.190884 0.000000
vt  0.852462 -0.186738 0.000000
vt  0.858550 -0.197104 0.000000
vt  0.883876 -0.191982 0.000000
vt  0.888381 -0.200153 0.000000
vt  0.910542 -0.194299 0.000000
vt  0.913829 -0.200763 0.000000
vt  0.931606 -0.194421 0.000000
vt  0.934163 -0.199788 0.000000
vt  0.948775 -0.192958 0.000000
vt  0.951088 -0.197470 0.000000
vt  0.963873 -0.189665 0.000000
vt  0.967039 -0.193933 0.000000
vt  0.977510 -0.185030 0.000000
vt  0.612714 -0.139172 0.000000
vt  0.624769 -0.126732 0.000000
vt  0.629030 -0.132220 0.000000
vt  0.644250 -0.120512 0.000000
vt  0.649243 -0.127951 0.000000
vt  0.666776 -0.118072 0.000000
vt  0.673108 -0.127829 0.000000
vt  0.693320 -0.119780 0.000000
vt  0.701235 -0.132220 0.000000
vt  0.724369 -0.125756 0.000000
vt  0.733867 -0.140514 0.000000
vt  0.759193 -0.135025 0.000000
vt  0.769908 -0.151246 0.000000
vt  0.796452 -0.146246 0.000000
vt  0.807532 -0.162711 0.000000
vt  0.834076 -0.157710 0.000000
vt  0.844182 -0.173322 0.000000
vt  0.869265 -0.167711 0.000000
vt  0.877666 -0.181371 0.000000
vt  0.899949 -0.175273 0.000000
vt  0.906037 -0.186006 0.000000
vt  0.924057 -0.179664 0.000000
vt  0.928319 -0.188079 0.000000
vt  0.943052 -0.181493 0.000000
vt  0.946096 -0.187835 0.000000
vt  0.958759 -0.180761 0.000000
vt  0.961316 -0.185518 0.000000
vt  0.971788 -0.178200 0.000000
vt  0.974345 -0.181615 0.000000
vt  0.982259 -0.174175 0.000000
vt  0.985303 -0.176737 0.000000
vt  0.990539 -0.169541 0.000000
vt  0.639745 -0.114535 0.000000
vt  0.656427 -0.103315 0.000000
vt  0.661175 -0.109901 0.000000
vt  0.680048 -0.100022 0.000000
vt  0.686258 -0.109047 0.000000
vt  0.707688 -0.100632 0.000000
vt  0.715481 -0.112340 0.000000
vt  0.739224 -0.105144 0.000000
vt  0.748843 -0.119414 0.000000
vt  0.774048 -0.112828 0.000000
vt  0.785006 -0.129293 0.000000
vt  0.810698 -0.123073 0.000000
vt  0.822630 -0.140636 0.000000
vt  0.847591 -0.134293 0.000000
vt  0.859037 -0.151734 0.000000
vt  0.882050 -0.145392 0.000000
vt  0.891791 -0.161491 0.000000
vt  0.911029 -0.155149 0.000000
vt  0.918456 -0.168931 0.000000
vt  0.934163 -0.162589 0.000000
vt  0.939156 -0.173200 0.000000
vt  0.952428 -0.166736 0.000000
vt  0.955837 -0.174785 0.000000
vt  0.966674 -0.168321 0.000000
vt  0.969352 -0.173931 0.000000
vt  0.977754 -0.167589 0.000000
vt  0.979946 -0.171370 0.000000
vt  0.985912 -0.165638 0.000000
vt  0.987860 -0.167833 0.000000
vt  0.991269 -0.163321 0.000000
vt  0.993339 -0.164296 0.000000
vt  0.994557 -0.161369 0.000000
vt  0.674812 -0.092826 0.000000
vt  0.695268 -0.082947 0.000000
vt  0.700869 -0.090875 0.000000
vt  0.723395 -0.081971 0.000000
vt  0.730701 -0.092582 0.000000
vt  0.754688 -0.084411 0.000000
vt  0.763698 -0.097705 0.000000
vt  0.788659 -0.090265 0.000000
vt  0.799252 -0.106120 0.000000
vt  0.824213 -0.098924 0.000000
vt  0.835659 -0.116243 0.000000
vt  0.859646 -0.109657 0.000000
vt  0.870969 -0.127829 0.000000
vt  0.892521 -0.121731 0.000000
vt  0.902384 -0.139172 0.000000
vt  0.920404 -0.133440 0.000000
vt  0.927832 -0.149051 0.000000
vt  0.942808 -0.143441 0.000000
vt  0.948044 -0.156491 0.000000
vt  0.959977 -0.150880 0.000000
vt  0.963630 -0.160759 0.000000
vt  0.972883 -0.155515 0.000000
vt  0.975440 -0.162589 0.000000
vt  0.982259 -0.157954 0.000000
vt  0.984085 -0.162467 0.000000
vt  0.988469 -0.158930 0.000000
vt  0.989686 -0.161613 0.000000
vt  0.991635 -0.159540 0.000000
vt  0.993461 -0.159906 0.000000
vt  0.994922 -0.156369 0.000000
vt  0.991756 -0.156979 0.000000
vt  0.991148 -0.152832 0.000000
vt  0.987373 -0.154783 0.000000
vt  0.985790 -0.148441 0.000000
vt  0.980189 -0.151368 0.000000
vt  0.977632 -0.142465 0.000000
vt  0.969839 -0.146246 0.000000
vt  0.966065 -0.134293 0.000000
vt  0.955593 -0.138440 0.000000
vt  0.950358 -0.124049 0.000000
vt  0.936477 -0.128317 0.000000
vt  0.929536 -0.111852 0.000000
vt  0.912125 -0.116365 0.000000
vt  0.903358 -0.098802 0.000000
vt  0.882293 -0.103803 0.000000
vt  0.872431 -0.086362 0.000000
vt  0.848565 -0.092216 0.000000
vt  0.838337 -0.075873 0.000000
vt  0.813498 -0.082825 0.000000
vt  0.804123 -0.068555 0.000000
vt  0.779283 -0.076361 0.000000
vt  0.771247 -0.064531 0.000000
vt  0.746895 -0.073068 0.000000
vt  0.740442 -0.063799 0.000000
vt  0.717185 -0.073312 0.000000
vt  0.712193 -0.066238 0.000000
vt  0.690520 -0.076483 0.000000
vt  0.670429 -0.086972 0.000000
vt  0.686745 -0.071239 0.000000
vt  0.666898 -0.082093 0.000000
vt  0.663976 -0.078068 0.000000
vt  0.648877 -0.093436 0.000000
vt  0.645955 -0.089655 0.000000
vt  0.629517 -0.101973 0.000000
vt  0.643398 -0.086240 0.000000
vt  0.626839 -0.098802 0.000000
vt  0.683701 -0.066726 0.000000
vt  0.705009 -0.055627 0.000000
vt  0.708175 -0.060506 0.000000
vt  0.730944 -0.050017 0.000000
vt  0.735084 -0.056237 0.000000
vt  0.759193 -0.046602 0.000000
vt  0.764550 -0.054652 0.000000
vt  0.789390 -0.046114 0.000000
vt  0.796086 -0.056237 0.000000
vt  0.821534 -0.049041 0.000000
vt  0.829327 -0.061482 0.000000
vt  0.855140 -0.055871 0.000000
vt  0.863299 -0.070263 0.000000
vt  0.887042 -0.065994 0.000000
vt  0.894956 -0.081849 0.000000
vt  0.914925 -0.078556 0.000000
vt  0.922109 -0.094899 0.000000
vt  0.938303 -0.091972 0.000000
vt  0.944513 -0.108193 0.000000
vt  0.956689 -0.105388 0.000000
vt  0.961681 -0.120512 0.000000
vt  0.973370 -0.117585 0.000000
vt  0.974588 -0.131122 0.000000
vt  0.981285 -0.128683 0.000000
vt  0.983842 -0.139782 0.000000
vt  0.988834 -0.138074 0.000000
vt  0.990173 -0.146612 0.000000
vt  0.993826 -0.146002 0.000000
vt  0.994557 -0.152222 0.000000
vt  0.727657 -0.044651 0.000000
vt  0.751644 -0.034284 0.000000
vt  0.754931 -0.040016 0.000000
vt  0.780014 -0.030625 0.000000
vt  0.784154 -0.037699 0.000000
vt  0.810332 -0.030015 0.000000
vt  0.815325 -0.038674 0.000000
vt  0.842721 -0.032942 0.000000
vt  0.848322 -0.043431 0.000000
vt  0.874135 -0.039650 0.000000
vt  0.879980 -0.051968 0.000000
vt  0.902140 -0.049773 0.000000
vt  0.908107 -0.063311 0.000000
vt  0.926127 -0.061847 0.000000
vt  0.932093 -0.076361 0.000000
vt  0.945852 -0.074897 0.000000
vt  0.951332 -0.089899 0.000000
vt  0.961803 -0.088191 0.000000
vt  0.968987 -0.102949 0.000000
vt  0.976780 -0.101241 0.000000
vt  0.980554 -0.115511 0.000000
vt  0.983964 -0.114292 0.000000
vt  0.986764 -0.127098 0.000000
vt  0.991391 -0.126488 0.000000
vt  0.992852 -0.137464 0.000000
vt  0.776970 -0.024649 0.000000
vt  0.803879 -0.016355 0.000000
vt  0.806558 -0.022697 0.000000
vt  0.835172 -0.016721 0.000000
vt  0.838459 -0.024039 0.000000
vt  0.865734 -0.020502 0.000000
vt  0.869387 -0.029283 0.000000
vt  0.893008 -0.028064 0.000000
vt  0.897026 -0.038065 0.000000
vt  0.916265 -0.037943 0.000000
vt  0.920770 -0.049041 0.000000
vt  0.935503 -0.049041 0.000000
vt  0.940495 -0.061116 0.000000
vt  0.951697 -0.060750 0.000000
vt  0.956689 -0.073922 0.000000
vt  0.965091 -0.072946 0.000000
vt  0.969839 -0.086850 0.000000
vt  0.976414 -0.085630 0.000000
vt  0.980554 -0.100144 0.000000
vt  0.985912 -0.098924 0.000000
vt  0.989078 -0.113316 0.000000
vt  0.832980 -0.010257 0.000000
vt  0.861594 -0.006964 0.000000
vt  0.863299 -0.013184 0.000000
vt  0.888016 -0.012696 0.000000
vt  0.889964 -0.019648 0.000000
vt  0.910177 -0.020746 0.000000
vt  0.912733 -0.028551 0.000000
vt  0.928075 -0.030137 0.000000
vt  0.931363 -0.038796 0.000000
vt  0.942687 -0.039772 0.000000
vt  0.946827 -0.049407 0.000000
vt  0.955350 -0.049285 0.000000
vt  0.960220 -0.060140 0.000000
vt  0.966674 -0.059164 0.000000
vt  0.971666 -0.071726 0.000000
vt  0.977145 -0.070141 0.000000
vt  0.981894 -0.084167 0.000000
vt  0.886920 -0.006720 0.000000
vt  0.907985 -0.008793 0.000000
vt  0.908715 -0.014282 0.000000
vt  0.924422 -0.017209 0.000000
vt  0.925762 -0.023063 0.000000
vt  0.937086 -0.025624 0.000000
vt  0.939399 -0.031966 0.000000
vt  0.947314 -0.033186 0.000000
vt  0.950966 -0.040138 0.000000
vt  0.956811 -0.039406 0.000000
vt  0.961681 -0.048431 0.000000
vt  0.966308 -0.046480 0.000000
vt  0.971788 -0.057335 0.000000
vt  0.924057 -0.012330 0.000000
vt  0.935746 -0.016233 0.000000
vt  0.935990 -0.020502 0.000000
vt  0.943417 -0.023185 0.000000
vt  0.944757 -0.027698 0.000000
vt  0.948653 -0.028430 0.000000
vt  0.952184 -0.032088 0.000000
vt  0.954254 -0.026722 0.000000
vt  0.960586 -0.036601 0.000000
vt  0.948775 -0.025137 0.000000
vt  0.947070 -0.021722 0.000000
vt  0.949262 -0.020746 0.000000
vt  0.944026 -0.016599 0.000000
vt  0.943174 -0.019526 0.000000
vt  0.936477 -0.012818 0.000000
vt  0.924666 -0.008184 0.000000
vt  0.908350 -0.004037 0.000000
vt  0.886798 -0.001354 0.000000
vt  0.860863 -0.001232 0.000000
vt  0.831641 -0.004403 0.000000
vt  0.801931 -0.010623 0.000000
vt  0.774656 -0.019038 0.000000
vt  0.749208 -0.028917 0.000000
vt  0.725100 -0.039772 0.000000
vt  0.702452 -0.051115 0.000000
vt  0.681144 -0.062579 0.000000
vt  0.661540 -0.074288 0.000000
vt  0.548912 -0.394075 0.000000
vt  0.544893 -0.396026 0.000000
vt  0.601391 -0.331386 0.000000
vt  0.620994 -0.302846 0.000000
vt  0.637919 -0.279551 0.000000
vt  0.648999 -0.266501 0.000000
vt  0.656914 -0.258574 0.000000
vt  0.665680 -0.251256 0.000000
vt  0.675787 -0.245036 0.000000
vt  0.689911 -0.239913 0.000000
vt  0.708175 -0.236255 0.000000
vt  0.729848 -0.234181 0.000000
vt  0.754322 -0.232962 0.000000
vt  0.781719 -0.232474 0.000000
vt  0.611619 -0.112218 0.000000
vt  0.614419 -0.115145 0.000000
vt  0.601999 -0.128561 0.000000
vt  0.617463 -0.118438 0.000000
vt  0.605287 -0.131488 0.000000
vt  0.608818 -0.135025 0.000000
vt  0.596642 -0.144294 0.000000
vt  0.600295 -0.147709 0.000000
vt  0.593111 -0.160881 0.000000
vt  0.632440 -0.105510 0.000000
vt  0.635849 -0.109535 0.000000
vt  0.652287 -0.097826 0.000000
vt  0.620872 -0.122219 0.000000
vt  0.598834 -0.125878 0.000000
vt  0.592989 -0.141489 0.000000
vt  0.589214 -0.157588 0.000000
vt  0.585927 -0.174419 0.000000
vt  0.316835 -0.830214 0.000000
vt  0.308434 -0.829970 0.000000
vt  0.308921 -0.827409 0.000000
vt  0.300884 -0.829970 0.000000
vt  0.300397 -0.827409 0.000000
vt  0.293822 -0.832532 0.000000
vt  0.292605 -0.830214 0.000000
vt  0.288100 -0.837410 0.000000
vt  0.286151 -0.835703 0.000000
vt  0.284325 -0.843874 0.000000
vt  0.281890 -0.843020 0.000000
vt  0.283107 -0.851314 0.000000
vt  0.280550 -0.851314 0.000000
vt  0.284447 -0.858632 0.000000
vt  0.282011 -0.859485 0.000000
vt  0.288221 -0.865096 0.000000
vt  0.286151 -0.866803 0.000000
vt  0.293944 -0.869974 0.000000
vt  0.292605 -0.872170 0.000000
vt  0.301006 -0.872536 0.000000
vt  0.300519 -0.875097 0.000000
vt  0.308555 -0.872536 0.000000
vt  0.308921 -0.875097 0.000000
vt  0.315496 -0.869974 0.000000
vt  0.316835 -0.872170 0.000000
vt  0.321340 -0.865096 0.000000
vt  0.323288 -0.866803 0.000000
vt  0.324993 -0.858632 0.000000
vt  0.327550 -0.859485 0.000000
vt  0.326332 -0.851192 0.000000
vt  0.328889 -0.851192 0.000000
vt  0.324993 -0.843752 0.000000
vt  0.327428 -0.842898 0.000000
vt  0.321219 -0.837288 0.000000
vt  0.323288 -0.835581 0.000000
vt  0.315496 -0.832532 0.000000
vt  0.307947 -0.832776 0.000000
vt  0.301371 -0.832776 0.000000
vt  0.295283 -0.835093 0.000000
vt  0.290413 -0.839240 0.000000
vt  0.287125 -0.844850 0.000000
vt  0.286030 -0.851314 0.000000
vt  0.287125 -0.857656 0.000000
vt  0.290413 -0.863266 0.000000
vt  0.295405 -0.867413 0.000000
vt  0.301493 -0.869608 0.000000
vt  0.307947 -0.869608 0.000000
vt  0.314035 -0.867413 0.000000
vt  0.319027 -0.863266 0.000000
vt  0.322314 -0.857534 0.000000
vt  0.323410 -0.851192 0.000000
vt  0.322314 -0.844728 0.000000
vt  0.319027 -0.839118 0.000000
vt  0.314035 -0.834971 0.000000
vt  0.307460 -0.835337 0.000000
vt  0.301859 -0.835337 0.000000
vt  0.296623 -0.837288 0.000000
vt  0.292361 -0.840947 0.000000
vt  0.289561 -0.845704 0.000000
vt  0.288708 -0.851192 0.000000
vt  0.289561 -0.856802 0.000000
vt  0.292361 -0.861559 0.000000
vt  0.296745 -0.865096 0.000000
vt  0.301980 -0.867047 0.000000
vt  0.307581 -0.867047 0.000000
vt  0.312817 -0.865096 0.000000
vt  0.317079 -0.861559 0.000000
vt  0.319879 -0.856680 0.000000
vt  0.320731 -0.851192 0.000000
vt  0.319757 -0.845704 0.000000
vt  0.316957 -0.840825 0.000000
vt  0.312695 -0.837288 0.000000
vt  0.307216 -0.837166 0.000000
vt  0.302224 -0.837166 0.000000
vt  0.297597 -0.838874 0.000000
vt  0.293701 -0.842045 0.000000
vt  0.291265 -0.846313 0.000000
vt  0.290413 -0.851192 0.000000
vt  0.291265 -0.856192 0.000000
vt  0.293822 -0.860461 0.000000
vt  0.297597 -0.863632 0.000000
vt  0.302224 -0.865340 0.000000
vt  0.307216 -0.865340 0.000000
vt  0.311843 -0.863632 0.000000
vt  0.315618 -0.860339 0.000000
vt  0.318175 -0.856071 0.000000
vt  0.319027 -0.851192 0.000000
vt  0.318175 -0.846313 0.000000
vt  0.315618 -0.842045 0.000000
vt  0.311843 -0.838874 0.000000
vt  0.306851 -0.838630 0.000000
vt  0.302467 -0.838630 0.000000
vt  0.298327 -0.840093 0.000000
vt  0.294918 -0.843020 0.000000
vt  0.292726 -0.846923 0.000000
vt  0.291874 -0.851192 0.000000
vt  0.292726 -0.855583 0.000000
vt  0.294918 -0.859485 0.000000
vt  0.298327 -0.862291 0.000000
vt  0.302467 -0.863876 0.000000
vt  0.306972 -0.863876 0.000000
vt  0.311112 -0.862291 0.000000
vt  0.314522 -0.859485 0.000000
vt  0.316713 -0.855583 0.000000
vt  0.317444 -0.851192 0.000000
vt  0.316713 -0.846801 0.000000
vt  0.314522 -0.843020 0.000000
vt  0.311112 -0.840093 0.000000
vt  0.306607 -0.840215 0.000000
vt  0.302711 -0.840337 0.000000
vt  0.299180 -0.841557 0.000000
vt  0.296136 -0.844118 0.000000
vt  0.294309 -0.847411 0.000000
vt  0.293579 -0.851192 0.000000
vt  0.294309 -0.855095 0.000000
vt  0.296258 -0.858388 0.000000
vt  0.299180 -0.860827 0.000000
vt  0.302833 -0.862169 0.000000
vt  0.306607 -0.862169 0.000000
vt  0.310260 -0.860827 0.000000
vt  0.313182 -0.858388 0.000000
vt  0.315130 -0.854973 0.000000
vt  0.315861 -0.851192 0.000000
vt  0.315130 -0.847411 0.000000
vt  0.313182 -0.844118 0.000000
vt  0.310260 -0.841557 0.000000
vt  0.305998 -0.843874 0.000000
vt  0.308434 -0.844728 0.000000
vt  0.310382 -0.846435 0.000000
vt  0.311721 -0.848631 0.000000
vt  0.312086 -0.851192 0.000000
vt  0.311721 -0.853753 0.000000
vt  0.310382 -0.855949 0.000000
vt  0.308434 -0.857656 0.000000
vt  0.305998 -0.858510 0.000000
vt  0.303441 -0.858510 0.000000
vt  0.301006 -0.857656 0.000000
vt  0.299058 -0.856071 0.000000
vt  0.297719 -0.853753 0.000000
vt  0.297232 -0.851192 0.000000
vt  0.297719 -0.848631 0.000000
vt  0.299058 -0.846435 0.000000
vt  0.301006 -0.844728 0.000000
vt  0.303441 -0.843874 0.000000
vt  0.304659 -0.851192 0.000000

vn  -0.806760 0.146296 0.572482
vn  -0.982623 0.172837 -0.067674
vn  -0.707859 0.413763 0.572482
vn  -0.864669 0.497763 -0.067674
vn  -0.526546 0.631751 0.568894
vn  -0.641016 0.764912 -0.063314
vn  -0.275620 0.777480 0.565296
vn  -0.341925 0.937592 -0.063314
vn  0.005659 0.829778 0.558065
vn  -0.001887 0.998259 -0.058953
vn  0.289950 0.780084 0.554434
vn  0.338552 0.939363 -0.054590
vn  0.539542 0.636806 0.550793
vn  0.638449 0.767726 -0.054590
vn  0.727903 0.418077 0.543478
vn  0.865875 0.497733 -0.050227
vn  0.827211 0.142667 0.543478
vn  0.983674 0.172809 -0.050227
vn  0.827211 -0.142667 0.543478
vn  0.983674 -0.172809 -0.050227
vn  0.727903 -0.418077 0.543478
vn  0.865875 -0.497733 -0.050227
vn  0.539542 -0.636806 0.550793
vn  0.638449 -0.767726 -0.054590
vn  0.289950 -0.780084 0.554434
vn  0.338552 -0.939363 -0.054590
vn  0.005659 -0.829778 0.558065
vn  -0.001887 -0.998259 -0.058953
vn  -0.275620 -0.777480 0.565296
vn  -0.341925 -0.937592 -0.063314
vn  -0.526546 -0.631751 0.568894
vn  -0.641016 -0.764912 -0.063314
vn  -0.707859 -0.413763 0.572482
vn  -0.864669 -0.497763 -0.067674
vn  -0.806760 -0.146296 0.572482
vn  -0.982623 -0.172837 -0.067674
vn  -0.806760 0.146296 0.572482
vn  -0.982623 0.172837 -0.067674
vn  -0.990834 -0.041528 0.128540
vn  -0.977532 -0.128060 -0.167429
vn  -0.911212 -0.368244 0.184634
vn  -0.892372 -0.451296 -0.002185
vn  -0.798445 -0.550245 0.244371
vn  -0.852604 -0.516944 -0.076390
vn  -0.787825 -0.604122 0.119869
vn  -0.743480 -0.668755 0.002185
vn  -0.717686 -0.616434 0.323938
vn  -0.651573 -0.743573 0.150174
vn  -0.560264 -0.784613 0.265495
vn  -0.549169 -0.835480 -0.019661
vn  -0.432698 -0.900372 0.045863
vn  -0.375372 -0.925945 -0.041497
vn  -0.338345 -0.936335 0.093804
vn  -0.283049 -0.959103 0.002185
vn  -0.209768 -0.977202 0.032765
vn  -0.261070 -0.964606 -0.037131
vn  -0.187674 -0.982210 -0.006554
vn  -0.172729 -0.984424 -0.032765
vn  -0.128005 -0.991579 0.019661
vn  -0.113034 -0.993570 -0.006554
vn  -0.067907 -0.997574 0.015292
vn  -0.105499 -0.994129 -0.024029
vn  -0.060378 -0.998173 -0.002185
vn  -0.052833 -0.998486 -0.015292
vn  -0.015099 -0.999597 0.024029
vn  -0.007551 -0.999912 0.010923
vn  0.022642 -0.999207 0.032765
vn  -0.007552 -0.999969 -0.002185
vn  0.022649 -0.999550 0.019661
vn  0.030202 -0.999522 0.006554
vn  0.045272 -0.998437 0.032765
vn  0.045287 -0.998781 0.019661
vn  0.052817 -0.998200 0.028397
vn  0.052839 -0.998601 0.002185
vn  0.060375 -0.998116 0.010923
vn  0.067911 -0.997632 -0.010923
vn  0.067907 -0.997574 0.015292
vn  0.075446 -0.997128 -0.006554
vn  0.075446 -0.997128 -0.006554
vn  0.090450 -0.995362 -0.032765
vn  0.090450 -0.995362 -0.032765
vn  0.122406 -0.988825 -0.085100
vn  0.090436 -0.995210 -0.037131
vn  0.129847 -0.987491 -0.089453
vn  0.142924 -0.984412 -0.102500
vn  0.211752 -0.954422 -0.210333
vn  0.240921 -0.946521 -0.214603
vn  0.440488 -0.773020 -0.456519
vn  0.309832 -0.924239 -0.223129
vn  0.505690 -0.755119 -0.417221
vn  0.580630 -0.729817 -0.360882
vn  0.639608 -0.516973 -0.568894
vn  0.701046 -0.534558 -0.471999
vn  0.752647 -0.392394 -0.528725
vn  0.766895 -0.551582 -0.328069
vn  0.831439 -0.415373 -0.369018
vn  0.886376 -0.416680 -0.201782
vn  0.889895 -0.216946 -0.401274
vn  0.951290 -0.217126 -0.218868
vn  0.974760 0.007552 -0.223129
vn  0.966789 -0.209873 -0.145853
vn  0.988631 0.007548 -0.150174
vn  0.992761 0.007552 -0.119869
vn  0.971924 -0.202471 -0.119869
vn  0.913857 -0.389253 -0.115530
vn  0.904145 -0.403102 -0.141528
vn  0.837851 -0.529481 -0.132872
vn  0.820047 -0.541696 -0.184634
vn  0.732096 -0.661383 -0.163120
vn  0.665376 -0.696085 -0.269705
vn  0.543338 -0.812738 -0.210333
vn  0.416324 -0.876933 -0.240131
vn  0.297238 -0.939232 -0.171735
vn  0.189535 -0.973424 -0.128540
vn  0.114908 -0.989724 -0.085100
vn  0.088613 -0.994799 -0.050227
vn  0.067895 -0.997403 -0.024029
vn  0.075443 -0.997090 -0.010923
vn  0.060375 -0.998116 0.010923
vn  0.067907 -0.997574 0.015292
vn  0.060346 -0.997640 0.032765
vn  0.060346 -0.997640 0.032765
vn  0.058503 -0.997233 0.045863
vn  0.052793 -0.997743 0.041497
vn  0.050938 -0.997209 0.054590
vn  0.035869 -0.998304 0.045863
vn  0.035845 -0.997617 0.058953
vn  0.020769 -0.998732 0.045863
vn  0.013205 -0.997906 0.063314
vn  -0.022634 -0.998882 0.041497
vn  -0.026423 -0.997052 0.072033
vn  -0.077341 -0.995949 0.045863
vn  -0.096059 -0.990946 0.093804
vn  -0.152207 -0.986319 0.063314
vn  -0.200570 -0.966004 0.163120
vn  -0.266689 -0.955172 0.128540
vn  -0.411057 -0.812564 0.413246
vn  -0.481646 -0.804038 0.348627
vn  -0.579102 -0.580435 0.572482
vn  -0.645473 -0.597440 0.475846
vn  -0.659519 -0.482898 0.576059
vn  -0.724764 -0.522840 0.448727
vn  -0.743715 -0.333049 0.579625
vn  -0.835567 -0.366514 0.409263
vn  0.849187 -0.517171 -0.106846
vn  0.771626 -0.627764 -0.102500
vn  0.754150 -0.644849 -0.124206
vn  0.660856 -0.742230 -0.111189
vn  0.627278 -0.765828 -0.141528
vn  0.524989 -0.841346 -0.128540
vn  0.428808 -0.886078 -0.176038
vn  0.297279 -0.944243 -0.141528
vn  0.189426 -0.972863 -0.132872
vn  0.103680 -0.988855 -0.106846
vn  0.065978 -0.995810 -0.063314
vn  0.028320 -0.998546 -0.045863
vn  0.045295 -0.998952 -0.006554
vn  0.037750 -0.999266 0.006554
vn  0.052823 -0.998315 0.024029
vn  0.045265 -0.998285 0.037131
vn  0.058503 -0.997233 0.045863
vn  0.050926 -0.996961 0.058953
vn  0.050926 -0.996961 0.058953
vn  0.049058 -0.996195 0.072033
vn  0.049073 -0.996500 0.067674
vn  0.039636 -0.995584 0.085100
vn  0.033959 -0.996500 0.076390
vn  0.028310 -0.993396 0.111189
vn  0.007552 -0.995143 0.098153
vn  -0.001887 -0.988658 0.150174
vn  -0.041501 -0.991388 0.124206
vn  -0.075411 -0.967807 0.240131
vn  -0.135435 -0.970902 0.197500
vn  -0.265160 -0.803872 0.532428
vn  -0.341726 -0.812675 0.471999
vn  -0.432749 -0.544377 0.718598
vn  -0.508924 -0.562213 0.651854
vn  -0.526509 -0.434685 0.730641
vn  -0.597566 -0.452789 0.661738
vn  -0.616645 -0.277847 0.736580
vn  -0.683635 -0.293371 0.668264
vn  0.680263 -0.726941 -0.093804
vn  0.581675 -0.808958 -0.085100
vn  0.561491 -0.821641 -0.098153
vn  0.425737 -0.900836 -0.085100
vn  0.387896 -0.915490 -0.106846
vn  0.255752 -0.962990 -0.085100
vn  0.178263 -0.977177 -0.115530
vn  0.084788 -0.991974 -0.093804
vn  0.032077 -0.995474 -0.089453
vn  -0.018881 -0.997529 -0.067674
vn  0.000000 -0.999463 -0.032765
vn  -0.015101 -0.999769 -0.015292
vn  0.030197 -0.999351 0.019661
vn  0.022638 -0.999054 0.037131
vn  0.043407 -0.997794 0.050227
vn  0.041528 -0.996843 0.067674
vn  0.049058 -0.996195 0.072033
vn  0.047163 -0.994874 0.089453
vn  0.047163 -0.994874 0.089453
vn  0.041501 -0.991388 0.124206
vn  0.041523 -0.991921 0.119869
vn  0.028294 -0.983198 0.180338
vn  0.015097 -0.985027 0.171735
vn  -0.003776 -0.954237 0.299027
vn  -0.028287 -0.961339 0.273910
vn  -0.105278 -0.770768 0.628358
vn  -0.173890 -0.790896 0.586724
vn  -0.241677 -0.488831 0.838234
vn  -0.347821 -0.517162 0.782026
vn  -0.358183 -0.391430 0.847636
vn  -0.451023 -0.415061 0.790128
vn  -0.464731 -0.256003 0.847636
vn  -0.544590 -0.265847 0.795454
vn  0.454492 -0.887833 -0.072033
vn  0.317081 -0.946565 -0.058953
vn  0.293908 -0.953435 -0.067674
vn  0.178385 -0.982678 -0.050227
vn  0.148477 -0.986887 -0.063314
vn  0.058503 -0.997233 -0.045863
vn  0.011325 -0.997338 -0.072033
vn  -0.039643 -0.998161 -0.045863
vn  -0.047189 -0.997833 -0.045863
vn  -0.067907 -0.997574 -0.015292
vn  -0.022653 -0.999722 0.006554
vn  -0.022634 -0.998882 0.041497
vn  0.020760 -0.998293 0.054590
vn  0.018862 -0.996556 0.080746
vn  0.039636 -0.995584 0.085100
vn  0.033977 -0.992208 0.119869
vn  0.041501 -0.991388 0.124206
vn  0.039604 -0.980357 0.193215
vn  0.039638 -0.981191 0.188926
vn  0.024533 -0.942892 0.332193
vn  0.018866 -0.948685 0.315658
vn  -0.026399 -0.746370 0.665007
vn  -0.060251 -0.755948 0.651854
vn  -0.106203 -0.445991 0.888714
vn  -0.162602 -0.461429 0.872149
vn  -0.173964 -0.341423 0.923670
vn  -0.259247 -0.363865 0.894647
vn  -0.261703 -0.227218 0.938021
vn  -0.366267 -0.241900 0.898517
vn  0.193264 -0.980074 -0.045863
vn  0.082942 -0.996150 -0.028397
vn  0.075407 -0.996614 -0.032765
vn  -0.015101 -0.999769 -0.015292
vn  -0.022647 -0.999455 -0.024029
vn  -0.090499 -0.995894 0.002185
vn  -0.082971 -0.996492 -0.010923
vn  -0.120454 -0.992024 0.037131
vn  -0.082931 -0.996017 0.032765
vn  -0.082936 -0.991270 0.102500
vn  -0.020766 -0.996156 0.085100
vn  -0.016982 -0.988514 0.150174
vn  0.018869 -0.992077 0.124206
vn  0.013202 -0.978451 0.206059
vn  0.032063 -0.980632 0.193215
vn  0.013207 -0.935636 0.352719
vn  0.026396 -0.938405 0.344528
vn  0.001884 -0.735098 0.677958
vn  -0.001885 -0.738053 0.674740
vn  -0.031972 -0.433832 0.900427
vn  -0.063823 -0.434274 0.898517
vn  -0.072670 -0.313560 0.946784
vn  -0.114380 -0.322812 0.939526
vn  -0.121199 -0.194903 0.973306
vn  -0.174875 -0.208083 0.962351
vn  -0.007551 -0.999912 -0.010923
vn  -0.098015 -0.995163 0.006554
vn  -0.090497 -0.995875 0.006554
vn  -0.172673 -0.984105 0.041497
vn  -0.157790 -0.986600 0.041497
vn  -0.229939 -0.968674 0.093804
vn  -0.157774 -0.981678 0.106846
vn  -0.211437 -0.955424 0.206059
vn  -0.092360 -0.975066 0.201782
vn  -0.109124 -0.932412 0.344528
vn  -0.022628 -0.964998 0.261280
vn  -0.039579 -0.900505 0.433040
vn  -0.005656 -0.927784 0.373076
vn  -0.043337 -0.724857 0.687535
vn  -0.011311 -0.732044 0.681164
vn  -0.039476 -0.433213 0.900427
vn  -0.022560 -0.430479 0.902319
vn  -0.029981 -0.299615 0.953589
vn  -0.039303 -0.306926 0.950921
vn  -0.042603 -0.181857 0.982402
vn  -0.074999 -0.189629 0.978987
vn  -0.187549 -0.981553 0.037131
vn  -0.293818 -0.953144 0.072033
vn  -0.271916 -0.958928 0.080746
vn  -0.394257 -0.908701 0.137202
vn  -0.331322 -0.929310 0.163120
vn  -0.455144 -0.853767 0.252835
vn  -0.276893 -0.898578 0.340423
vn  -0.345117 -0.813473 0.468142
vn  -0.131548 -0.852269 0.506293
vn  -0.193709 -0.684060 0.703234
vn  -0.090304 -0.705200 0.703234
vn  -0.142388 -0.435790 0.888714
vn  -0.078693 -0.431827 0.898517
vn  -0.090751 -0.291474 0.952264
vn  -0.044878 -0.297748 0.953589
vn  -0.047918 -0.171624 0.983996
vn  -0.035372 -0.179025 0.983208
vn  -0.420296 -0.898846 0.124206
vn  -0.561852 -0.807342 0.180338
vn  -0.530530 -0.823299 0.201782
vn  -0.629423 -0.734780 0.252835
vn  -0.551197 -0.768925 0.323938
vn  -0.648000 -0.654670 0.389234
vn  -0.426033 -0.682586 0.593778
vn  -0.505308 -0.517296 0.690702
vn  -0.262781 -0.465186 0.845310
vn  -0.296078 -0.318701 0.900427
vn  -0.160566 -0.293162 0.942483
vn  -0.162626 -0.167924 0.972293
vn  -0.093361 -0.166709 0.981576
vn  -0.664866 -0.712858 0.223129
vn  -0.750625 -0.606873 0.261280
vn  -0.717335 -0.629296 0.299027
vn  -0.793362 -0.507416 0.336311
vn  -0.727025 -0.526348 0.440900
vn  -0.786292 -0.389420 0.479685
vn  -0.560076 -0.373381 0.739528
vn  -0.596219 -0.192930 0.779295
vn  -0.309712 -0.173016 0.934957
vn  -0.045278 -0.998571 -0.028397
vn  -0.037718 -0.998426 -0.041497
vn  -0.084851 -0.995127 -0.050227
vn  -0.077288 -0.995264 -0.058953
vn  -0.133688 -0.987729 -0.080746
vn  -0.071644 -0.994501 -0.076390
vn  -0.120531 -0.987845 -0.098153
vn  -0.114830 -0.986644 -0.115530
vn  -0.191266 -0.973648 -0.124206
vn  -0.180154 -0.973404 -0.141528
vn  -0.286423 -0.940145 -0.184634
vn  -0.172720 -0.969884 -0.171735
vn  -0.272061 -0.939959 -0.206059
vn  -0.264644 -0.931751 -0.248605
vn  -0.416385 -0.872092 -0.257060
vn  -0.393938 -0.873347 -0.286493
vn  -0.567568 -0.741996 -0.356804
vn  -0.385999 -0.834479 -0.393255
vn  -0.540839 -0.725771 -0.425147
vn  -0.536224 -0.613594 -0.579625
vn  -0.655372 -0.604662 -0.452627
vn  -0.687013 -0.482333 -0.543478
vn  -0.759853 -0.403070 -0.510057
vn  -0.707667 -0.336007 -0.621536
vn  -0.796507 -0.194526 -0.572482
vn  -0.791141 0.022670 -0.611214
vn  -0.841428 -0.127916 -0.525011
vn  -0.841403 0.067925 -0.536122
vn  -0.874867 0.090434 -0.475846
vn  0.000000 -0.999883 -0.015292
vn  0.007548 -0.999435 -0.032765
vn  0.037748 -0.999228 -0.010923
vn  0.045272 -0.998437 -0.032765
vn  0.060367 -0.997983 -0.019661
vn  0.073575 -0.996235 -0.045863
vn  0.082918 -0.995864 -0.037131
vn  0.107362 -0.990188 -0.089453
vn  0.122406 -0.988825 -0.085100
vn  0.185752 -0.961655 -0.201782
vn  0.198768 -0.958139 -0.206059
vn  0.374368 -0.781735 -0.498738
vn  0.400085 -0.778554 -0.483514
vn  0.530075 -0.500677 -0.684356
vn  0.583519 -0.506077 -0.635132
vn  0.627071 -0.354045 -0.693855
vn  0.690972 -0.363307 -0.624953
vn  0.720134 -0.208589 -0.661738
vn  0.795961 -0.216536 -0.565296
vn  0.812202 0.015100 -0.583180
vn  0.910588 0.007548 -0.413246
vn  -0.032081 -0.997993 -0.054590
vn  -0.026415 -0.996728 -0.076390
vn  0.013212 -0.998421 -0.054590
vn  0.024541 -0.996070 -0.085100
vn  0.058447 -0.996281 -0.063314
vn  0.073513 -0.990580 -0.115530
vn  0.098014 -0.990333 -0.098153
vn  0.152375 -0.965682 -0.210333
vn  0.169095 -0.963819 -0.206059
vn  0.334408 -0.785131 -0.521287
vn  0.350426 -0.785521 -0.510057
vn  0.468804 -0.487517 -0.736580
vn  0.491949 -0.495955 -0.715552
vn  0.524396 -0.349255 -0.776550
vn  0.570134 -0.351705 -0.742462
vn  0.591268 -0.207608 -0.779295
vn  0.653533 -0.208371 -0.727651
vn  0.666466 0.015120 -0.745382
vn  0.734945 0.015118 -0.677958
vn  -0.060377 -0.993338 -0.098153
vn  -0.050959 -0.990394 -0.128540
vn  -0.107416 -0.983458 -0.145853
vn  -0.098050 -0.976245 -0.193215
vn  -0.165306 -0.961650 -0.218868
vn  -0.165185 -0.927151 -0.336311
vn  -0.262465 -0.893264 -0.364954
vn  -0.257709 -0.736899 -0.624953
vn  -0.383899 -0.695171 -0.607750
vn  -0.360037 -0.512905 -0.779295
vn  -0.532160 -0.466796 -0.706334
vn  -0.496104 -0.382857 -0.779295
vn  -0.709226 -0.234017 -0.665007
vn  -0.623673 -0.171675 -0.762601
vn  -0.695426 0.000000 -0.718598
vn  -0.009442 -0.994231 -0.106846
vn  0.003773 -0.987302 -0.158808
vn  0.045303 -0.989507 -0.137202
vn  0.084846 -0.963782 -0.252835
vn  0.124298 -0.965839 -0.227387
vn  0.267135 -0.783038 -0.561686
vn  0.309884 -0.782677 -0.539805
vn  0.414038 -0.479398 -0.773790
vn  0.443966 -0.484038 -0.754056
vn  0.466937 -0.352336 -0.811067
vn  0.492045 -0.353757 -0.795454
vn  0.512517 -0.206662 -0.833437
vn  0.543261 -0.207121 -0.813615
vn  0.552408 0.015127 -0.833437
vn  0.602343 0.015111 -0.798095
vn  -0.039637 -0.983585 -0.176038
vn  -0.016991 -0.955391 -0.294855
vn  -0.077283 -0.947095 -0.311509
vn  -0.032098 -0.777262 -0.628358
vn  -0.137151 -0.765739 -0.628358
vn  -0.101397 -0.517020 -0.849946
vn  -0.236518 -0.515420 -0.823652
vn  -0.212378 -0.393068 -0.894647
vn  -0.326141 -0.399451 -0.856780
vn  -0.304349 -0.219255 -0.926984
vn  -0.464651 -0.205772 -0.861253
vn  -0.444837 0.041555 -0.894647
vn  -0.297694 0.045235 -0.953589
vn  -0.188058 0.033799 -0.981576
vn  -0.195491 -0.223512 -0.954896
vn  -0.065438 -0.233246 -0.970214
vn  -0.084462 -0.394330 -0.915079
vn  0.032110 -0.389925 -0.920287
vn  0.011325 -0.511809 -0.859025
vn  0.116018 -0.498615 -0.859025
vn  0.054749 -0.778740 -0.624953
vn  0.135318 -0.777094 -0.614666
vn  0.037758 -0.961014 -0.273910
vn  -0.058528 0.029394 -0.997853
vn  0.061544 0.022400 -0.997853
vn  0.056113 -0.231301 -0.971263
vn  0.158227 -0.226155 -0.961155
vn  0.138915 -0.378593 -0.915079
vn  0.232765 -0.362825 -0.902319
vn  0.209453 -0.483447 -0.849946
vn  0.296155 -0.475136 -0.828576
vn  0.203688 -0.778421 -0.593778
vn  0.168910 0.015094 -0.985516
vn  0.262955 0.015105 -0.964690
vn  0.250577 -0.221215 -0.942483
vn  0.336630 -0.214706 -0.916832
vn  0.314487 -0.354544 -0.880566
vn  0.387510 -0.351458 -0.852240
vn  0.367173 -0.477733 -0.798095
vn  0.346248 0.015118 -0.938021
vn  0.415166 0.007562 -0.909715
vn  0.407024 -0.210995 -0.888714
vn  0.453370 -0.212337 -0.865661
vn  0.436886 -0.350133 -0.828576
vn  0.462279 0.007565 -0.886702
vn  0.496613 0.015115 -0.867840
vn  0.485929 -0.213040 -0.847636
vn  -0.097950 -0.994498 -0.037131
vn  -0.152247 -0.986583 -0.058953
vn  -0.159812 -0.986082 -0.045863
vn  -0.235591 -0.969179 -0.072033
vn  -0.248331 -0.966880 -0.058953
vn  -0.345432 -0.933744 -0.093804
vn  -0.357908 -0.930627 -0.076390
vn  -0.495852 -0.858841 -0.128540
vn  -0.504111 -0.858043 -0.098153
vn  -0.665574 -0.728287 -0.163120
vn  -0.680018 -0.724036 -0.115530
vn  -0.781835 -0.594172 -0.188926
vn  -0.806257 -0.576450 -0.132872
vn  -0.855593 -0.467091 -0.223129
vn  -0.904304 -0.361289 -0.227387
vn  -0.924095 -0.282787 -0.257060
vn  -0.968793 -0.041511 -0.244371
vn  -0.971714 0.011321 -0.235888
vn  -0.866807 -0.443780 -0.227387
vn  -0.888225 -0.406205 -0.214603
vn  -0.792376 -0.575695 -0.201782
vn  -0.786841 -0.575408 -0.223129
vn  -0.665085 -0.722475 -0.188926
vn  -0.656302 -0.727016 -0.201782
vn  -0.492471 -0.858021 -0.145853
vn  -0.480859 -0.863080 -0.154492
vn  -0.335128 -0.936095 -0.106846
vn  -0.322546 -0.938933 -0.119869
vn  -0.222765 -0.971151 -0.085100
vn  -0.215230 -0.972048 -0.093804
vn  -0.139270 -0.987939 -0.067674
vn  -0.895396 -0.374971 -0.240131
vn  -0.891261 -0.364573 -0.269705
vn  -0.779028 -0.580923 -0.235888
vn  -0.772830 -0.583892 -0.248605
vn  -0.653600 -0.727026 -0.210333
vn  -0.644554 -0.731275 -0.223129
vn  -0.470976 -0.866111 -0.167429
vn  -0.460585 -0.868200 -0.184634
vn  -0.317025 -0.939063 -0.132872
vn  -0.299240 -0.942965 -0.145853
vn  -0.204381 -0.973043 -0.106846
vn  -0.888691 -0.364531 -0.278110
vn  -0.880440 -0.371332 -0.294855
vn  -0.761850 -0.592720 -0.261280
vn  -0.752379 -0.595172 -0.282304
vn  -0.631019 -0.737666 -0.240131
vn  -0.621967 -0.736661 -0.265495
vn  -0.452204 -0.868790 -0.201782
vn  -0.438671 -0.870506 -0.223129
vn  -0.295528 -0.941305 -0.163120
vn  -0.873178 -0.367815 -0.319801
vn  -0.860472 -0.367666 -0.352719
vn  -0.738577 -0.600031 -0.307354
vn  -0.730081 -0.590155 -0.344528
vn  -0.607921 -0.737220 -0.294855
vn  -0.599982 -0.733313 -0.319801
vn  -0.431628 -0.868320 -0.244371
vn  -0.719882 -0.582706 -0.377126
vn  -0.705409 -0.581508 -0.405273
vn  -0.824352 -0.359857 -0.436974
vn  -0.800555 -0.359186 -0.479685
vn  -0.679418 -0.598031 -0.425147
vn  -0.587172 -0.736291 -0.336311
vn  -0.851045 -0.377533 0.364954
vn  -0.901115 -0.191024 0.389234
vn  -0.874829 -0.367471 0.315658
vn  -0.925134 -0.183780 0.332193
vn  -0.955992 -0.180061 0.231639
vn  -0.911934 -0.347093 0.218868
vn  -0.860032 -0.466781 0.206059
vn  -0.926714 -0.336404 0.167429
vn  -0.879106 -0.450893 0.154492
vn  -0.887560 -0.436995 0.145853
vn  -0.815688 -0.560912 0.141528
vn  -0.831253 -0.538697 0.137202
vn  -0.764283 -0.633642 0.119869
vn  -0.843343 -0.519566 0.137202
vn  -0.782786 -0.609770 0.124206
vn  -0.783260 -0.606366 0.137202
vn  -0.707378 -0.698035 0.111189
vn  -0.719916 -0.681224 0.132872
vn  -0.617205 -0.778274 0.115530
vn  -0.706534 -0.615848 0.348627
vn  -0.608316 -0.728225 0.315658
vn  -0.536658 -0.639238 0.550793
vn  -0.472756 -0.828906 0.299027
vn  -0.416114 -0.720730 0.554434
vn  -0.286410 -0.781391 0.554434
vn  -0.356113 -0.611781 0.706334
vn  -0.243950 -0.667795 0.703234
vn  -0.184466 -0.509263 0.840609
vn  -0.127583 -0.699417 0.703234
vn  -0.093679 -0.540916 0.835843
vn  0.001883 -0.552612 0.833437
vn  -0.074961 -0.444400 0.892687
vn  0.003763 -0.462325 0.886702
vn  0.005659 -0.829778 0.558065
vn  0.078637 -0.455604 0.886702
vn  0.289950 -0.780084 0.554434
vn  0.160457 -0.450016 0.878487
vn  0.242134 -0.411864 0.878487
vn  0.195476 -0.528500 0.826122
vn  0.282460 -0.491746 0.823652
vn  0.356361 -0.622258 0.696995
vn  0.366403 -0.442196 0.818664
vn  0.464804 -0.550021 0.693855
vn  0.546613 -0.464126 0.696995
vn  0.539542 -0.636806 0.550793
vn  0.631627 -0.534375 0.561686
vn  0.717520 -0.634892 0.286493
vn  0.704133 -0.410160 0.579625
vn  0.730578 -0.418170 0.539805
vn  0.906171 -0.311089 0.286493
vn  0.746197 -0.432269 0.506293
vn  0.883202 -0.374510 0.282304
vn  0.851765 -0.490314 0.184634
vn  0.920856 -0.389604 -0.015292
vn  0.859498 -0.510762 -0.019661
vn  0.847528 -0.529990 -0.028397
vn  0.782412 -0.622573 -0.015292
vn  0.782188 -0.622395 -0.028397
vn  0.706822 -0.706822 -0.028397
vn  0.763033 -0.645735 -0.028397
vn  0.679635 -0.733001 -0.028397
vn  0.651392 -0.758034 -0.032765
vn  0.555346 -0.831134 -0.028397
vn  0.523505 -0.851393 -0.032765
vn  0.382529 -0.923507 -0.028397
vn  0.489630 -0.870723 -0.045863
vn  0.347234 -0.936860 -0.041497
vn  0.217142 -0.975590 -0.032765
vn  0.097416 -0.547655 0.831014
vn  0.125639 -0.702884 0.700121
vn  -0.001885 -0.714022 0.700121
vn  0.001886 -0.832225 0.554434
vn  -0.148229 -0.818921 0.554434
vn  -0.165146 -0.946246 0.278110
vn  -0.321769 -0.902434 0.286493
vn  -0.320737 -0.945594 0.054590
vn  -0.476230 -0.875193 0.085100
vn  -0.439191 -0.896457 0.058953
vn  -0.584736 -0.806748 0.085100
vn  -0.545683 -0.834503 0.076390
vn  -0.678958 -0.726987 0.102500
vn  -0.650594 -0.751872 0.106846
vn  -0.740758 -0.659359 0.128540
vn  -0.708889 -0.686199 0.163120
vn  -0.789750 -0.584984 0.184634
vn  -0.820663 -0.491955 0.290677
vn  -0.608218 -0.782570 0.132872
vn  -0.469214 -0.878088 0.093804
vn  -0.507229 -0.858419 0.076390
vn  -0.363450 -0.930484 0.045863
vn  -0.405188 -0.912853 0.050227
vn  -0.268454 -0.962993 0.024029
vn  -0.297343 -0.954208 0.032765
vn  -0.150456 -0.988556 0.010923
vn  -0.165290 -0.985701 0.032765
vn  0.000000 -0.999883 0.015292
vn  0.003772 -0.962936 0.269705
vn  0.165139 -0.951032 0.261280
vn  0.144515 -0.819584 0.554434
vn  0.282865 -0.782681 0.554434
vn  0.247220 -0.673113 0.696995
vn  -0.327877 -0.943142 0.054590
vn  -0.209797 -0.977333 0.028397
vn  -0.239247 -0.970662 0.024029
vn  -0.120534 -0.992688 0.006554
vn  -0.135513 -0.990754 0.006554
vn  0.000000 -0.999979 -0.006554
vn  0.000000 -0.999979 -0.006554
vn  0.150447 -0.988500 -0.015292
vn  0.165378 -0.986228 0.002185
vn  0.326202 -0.945298 -0.002185
vn  0.332501 -0.906188 0.261280
vn  0.484286 -0.836294 0.257060
vn  0.419377 -0.718836 0.554434
vn  -0.105528 -0.994395 0.006554
vn  -0.007551 -0.999912 -0.010923
vn  -0.007551 -0.999912 -0.010923
vn  0.113015 -0.993399 -0.019661
vn  0.128005 -0.991579 -0.019661
vn  0.275719 -0.960938 -0.024029
vn  0.304617 -0.952172 -0.024029
vn  0.451115 -0.892014 -0.028397
vn  0.484652 -0.874682 -0.006554
vn  0.622633 -0.782487 -0.006554
vn  0.625829 -0.736382 0.257060
vn  0.097989 -0.994897 -0.024029
vn  0.246570 -0.968827 -0.024029
vn  0.410247 -0.911532 -0.028397
vn  0.592423 -0.805126 -0.028397
vn  0.722928 -0.690892 -0.006554
vn  0.762135 -0.582628 0.282304
vn  0.615083 -0.786861 -0.050227
vn  0.710708 -0.701366 -0.054590
vn  0.738014 -0.673990 -0.032765
vn  0.813873 -0.580118 -0.032765
vn  0.831134 -0.555346 -0.028397
vn  0.892014 -0.451115 -0.028397
vn  0.902005 -0.430792 -0.028397
vn  0.944919 -0.326071 -0.028397
vn  0.952427 -0.304698 -0.006554
vn  0.984951 -0.172821 -0.002185
vn  0.950865 -0.172557 0.257060
vn  0.822359 -0.142663 0.550793
vn  0.780700 -0.273892 0.561686
vn  0.677542 -0.243930 0.693855
vn  0.616786 -0.359729 0.700121
vn  0.505073 -0.287980 0.813615
vn  0.440495 -0.373989 0.816147
vn  0.376389 -0.312550 0.872149
vn  0.312550 -0.376389 0.872149
vn  0.539542 -0.636806 0.550793
vn  0.727903 -0.418077 0.543478
vn  0.432930 -0.251401 0.865661
vn  0.467023 -0.169538 0.867840
vn  0.546198 -0.199245 0.813615
vn  0.575476 -0.104871 0.811067
vn  0.711824 -0.127427 0.690702
vn  0.985832 -0.165312 -0.028397
vn  0.984556 -0.172752 -0.028397
vn  0.939886 -0.340305 -0.028397
vn  0.934372 -0.354360 -0.037131
vn  0.881448 -0.471144 -0.032765
vn  0.865230 -0.497362 -0.063314
vn  0.794551 -0.604329 -0.058953
vn  0.924710 -0.375370 -0.063314
vn  0.978445 -0.195106 -0.067674
vn  0.982942 -0.180131 -0.037131
vn  0.500163 -0.089891 0.861253
vn  0.827211 -0.142667 0.543478
vn  -0.153002 -0.419758 0.894647
vn  -0.219469 -0.380132 0.898517
vn  -0.275620 -0.777480 0.565296
vn  -0.526546 -0.631751 0.568894
vn  -0.271153 -0.464631 0.842967
vn  -0.343106 -0.409548 0.845310
vn  -0.454695 -0.542536 0.706334
vn  -0.535088 -0.453911 0.712493
vn  -0.629184 -0.537250 0.561686
vn  -0.706023 -0.406897 0.579625
vn  -0.728697 -0.421439 0.539805
vn  -0.746197 -0.432269 0.506293
vn  -0.878417 -0.303660 0.369018
vn  -0.852901 -0.377259 0.360882
vn  -0.905057 -0.392764 0.163120
vn  -0.830061 -0.485769 0.273910
vn  -0.851691 -0.503338 0.145853
vn  -0.894919 -0.420199 0.150174
vn  -0.936866 -0.311548 0.158808
vn  -0.931994 -0.325833 0.158808
vn  -0.973281 -0.161606 0.163120
vn  -0.969754 -0.169077 0.176038
vn  -0.937249 -0.300957 0.176038
vn  -0.968808 -0.165291 0.184634
vn  -0.924148 -0.165080 0.344528
vn  -0.821706 -0.146379 0.550793
vn  -0.779443 -0.277449 0.561686
vn  -0.659363 -0.239989 0.712493
vn  -0.606847 -0.346009 0.715552
vn  -0.455023 -0.265604 0.849946
vn  -0.405099 -0.342648 0.847636
vn  -0.327999 -0.273588 0.904194
vn  -0.279137 -0.333639 0.900427
vn  -0.707859 -0.413763 0.572482
vn  -0.370836 -0.211932 0.904194
vn  -0.397934 -0.143945 0.906051
vn  -0.496229 -0.177054 0.849946
vn  -0.515347 -0.090019 0.852240
vn  -0.693822 -0.123829 0.709420
vn  -0.806760 -0.146296 0.572482
vn  -0.417133 -0.071215 0.906051
vn  -0.749860 -0.559731 0.352719
vn  -0.836110 -0.201897 0.510057
vn  -0.945636 -0.228290 -0.231639
vn  -0.953411 -0.157887 -0.257060
vn  -0.964006 0.067915 -0.257060
vn  -0.956624 0.086748 -0.278110
vn  -0.950744 -0.128025 -0.282304
vn  -0.947429 -0.124255 -0.294855
vn  -0.972568 -0.161488 0.167429
vn  -0.982623 0.172837 -0.067674
vn  -0.982623 -0.172837 -0.067674
vn  -0.964732 0.169043 -0.201782
vn  -0.964732 -0.169043 -0.201782
vn  -0.932175 0.161598 -0.323938
vn  -0.932175 -0.161598 -0.323938
vn  -0.936419 0.161497 -0.311509
vn  -0.936419 -0.161497 -0.311509
vn  -0.977109 0.172717 -0.124206
vn  -0.977634 -0.172809 -0.119869
vn  -0.984669 0.172772 0.024029
vn  -0.984669 -0.172772 0.024029
vn  -0.984763 -0.172788 0.019661
vn  -0.867114 -0.497722 0.019661
vn  -0.867230 -0.497789 -0.010923
vn  -0.640175 -0.768152 -0.010923
vn  -0.866932 -0.497618 -0.028397
vn  -0.639955 -0.767888 -0.028397
vn  -0.864169 -0.501108 -0.045863
vn  -0.641629 -0.765643 -0.045863
vn  -0.866534 -0.497390 -0.041497
vn  -0.639661 -0.767536 -0.041497
vn  -0.867279 -0.497817 0.002185
vn  -0.640211 -0.768196 0.002185
vn  -0.842932 -0.489570 0.223129
vn  -0.625297 -0.747808 0.223129
vn  -0.864669 -0.497763 -0.067674
vn  -0.849780 -0.486988 -0.201782
vn  -0.819642 -0.472494 -0.323938
vn  -0.824503 -0.472395 -0.311509
vn  -0.859151 -0.497485 -0.119869
vn  -0.867031 -0.497675 0.024029
vn  -0.640089 -0.768049 0.019661
vn  -0.340422 -0.940209 -0.010923
vn  -0.340260 -0.939760 -0.032765
vn  -0.342252 -0.938488 -0.045863
vn  -0.340149 -0.939455 -0.041497
vn  -0.340442 -0.940263 0.002185
vn  -0.332610 -0.916288 0.223129
vn  -0.641016 -0.764912 -0.063314
vn  -0.627797 -0.751768 -0.201782
vn  -0.607002 -0.725681 -0.323938
vn  -0.612890 -0.726173 -0.311509
vn  -0.636545 -0.761868 -0.119869
vn  -0.640028 -0.767976 0.024029
vn  -0.340377 -0.940084 0.019661
vn  0.000000 -0.999883 -0.015292
vn  0.000000 -0.999463 -0.032765
vn  -0.001888 -0.998946 -0.045863
vn  0.000000 -0.999139 -0.041497
vn  0.000000 -0.999998 0.002185
vn  0.000000 -0.974789 0.223129
vn  -0.341925 -0.937592 -0.063314
vn  -0.334788 -0.920435 -0.201782
vn  -0.320224 -0.890236 -0.323938
vn  -0.327169 -0.892145 -0.311509
vn  -0.336793 -0.933918 -0.119869
vn  -0.340344 -0.939994 0.024029
vn  0.000000 -0.999807 0.019661
vn  0.340403 -0.940155 -0.015292
vn  0.340208 -0.939617 -0.037131
vn  0.338630 -0.939578 -0.050227
vn  0.340149 -0.939455 -0.041497
vn  0.340442 -0.940263 0.002185
vn  0.332610 -0.916288 0.223129
vn  -0.001887 -0.998259 -0.058953
vn  -0.001888 -0.979429 -0.201782
vn  -0.001888 -0.946076 -0.323938
vn  -0.001887 -0.950241 -0.311509
vn  -0.003776 -0.992783 -0.119869
vn  0.000000 -0.999711 0.024029
vn  0.340377 -0.940084 0.019661
vn  0.640138 -0.768108 -0.015292
vn  0.639771 -0.767668 -0.037131
vn  0.644383 -0.763051 -0.050227
vn  0.639661 -0.767536 -0.041497
vn  0.640211 -0.768196 0.002185
vn  0.625297 -0.747808 0.223129
vn  0.338552 -0.939363 -0.054590
vn  0.338333 -0.919138 -0.201782
vn  0.323775 -0.888951 -0.323938
vn  0.323623 -0.893437 -0.311509
vn  0.336793 -0.933918 -0.119869
vn  0.340344 -0.939994 0.024029
vn  0.640089 -0.768049 0.019661
vn  0.867114 -0.497722 -0.019661
vn  0.866534 -0.497390 -0.041497
vn  0.865875 -0.497733 -0.050227
vn  0.866534 -0.497390 -0.041497
vn  0.867279 -0.497817 0.002185
vn  0.842932 -0.489570 0.223129
vn  0.638449 -0.767726 -0.054590
vn  0.630690 -0.749343 -0.201782
vn  0.609894 -0.723252 -0.323938
vn  0.610001 -0.728602 -0.311509
vn  0.636545 -0.761868 -0.119869
vn  0.640028 -0.767976 0.024029
vn  0.867114 -0.497722 0.019661
vn  0.984763 -0.172788 -0.019661
vn  0.984105 -0.172673 -0.041497
vn  0.983674 -0.172809 -0.050227
vn  0.984105 -0.172673 -0.041497
vn  0.984951 -0.172821 0.002185
vn  0.959392 -0.172571 0.223129
vn  0.865875 -0.497733 -0.050227
vn  0.847897 -0.490260 -0.201782
vn  0.817750 -0.475762 -0.323938
vn  0.822620 -0.475666 -0.311509
vn  0.859151 -0.497485 -0.119869
vn  0.867031 -0.497675 0.024029
vn  0.984763 -0.172788 0.019661
vn  0.984763 0.172788 -0.019661
vn  0.984105 0.172673 -0.041497
vn  0.983674 0.172809 -0.050227
vn  0.984105 0.172673 -0.041497
vn  0.984951 0.172821 0.002185
vn  0.959392 0.172571 0.223129
vn  0.983674 -0.172809 -0.050227
vn  0.964074 -0.172761 -0.201782
vn  0.931523 -0.165318 -0.323938
vn  0.935770 -0.165215 -0.311509
vn  0.977634 -0.172809 -0.119869
vn  0.984669 -0.172772 0.024029
vn  0.984763 0.172788 0.019661
vn  0.867114 0.497722 -0.019661
vn  0.866534 0.497390 -0.041497
vn  0.865875 0.497733 -0.050227
vn  0.866534 0.497390 -0.041497
vn  0.867279 0.497817 0.002185
vn  0.842932 0.489570 0.223129
vn  0.983674 0.172809 -0.050227
vn  0.964074 0.172761 -0.201782
vn  0.931523 0.165318 -0.323938
vn  0.935770 0.165215 -0.311509
vn  0.977634 0.172809 -0.119869
vn  0.984669 0.172772 0.024029
vn  0.867114 0.497722 0.019661
vn  0.640138 0.768108 -0.015292
vn  0.639771 0.767668 -0.037131
vn  0.644383 0.763051 -0.050227
vn  0.639661 0.767536 -0.041497
vn  0.640211 0.768196 0.002185
vn  0.625297 0.747808 0.223129
vn  0.865875 0.497733 -0.050227
vn  0.847897 0.490260 -0.201782
vn  0.817750 0.475762 -0.323938
vn  0.822620 0.475666 -0.311509
vn  0.859151 0.497485 -0.119869
vn  0.867031 0.497675 0.024029
vn  0.640089 0.768049 0.019661
vn  0.340403 0.940155 -0.015292
vn  0.340208 0.939617 -0.037131
vn  0.338630 0.939578 -0.050227
vn  0.340149 0.939455 -0.041497
vn  0.340442 0.940263 0.002185
vn  0.332610 0.916288 0.223129
vn  0.638449 0.767726 -0.054590
vn  0.630690 0.749343 -0.201782
vn  0.609894 0.723252 -0.323938
vn  0.610001 0.728602 -0.311509
vn  0.636545 0.761868 -0.119869
vn  0.640028 0.767976 0.024029
vn  0.340377 0.940084 0.019661
vn  0.000000 0.999883 -0.015292
vn  0.000000 0.999463 -0.032765
vn  -0.001888 0.998946 -0.045863
vn  0.000000 0.999139 -0.041497
vn  0.000000 0.999998 0.002185
vn  0.000000 0.974789 0.223129
vn  0.338552 0.939363 -0.054590
vn  0.338333 0.919138 -0.201782
vn  0.323775 0.888951 -0.323938
vn  0.323623 0.893437 -0.311509
vn  0.336793 0.933918 -0.119869
vn  0.340344 0.939994 0.024029
vn  0.000000 0.999807 0.019661
vn  -0.340422 0.940209 -0.010923
vn  -0.340260 0.939760 -0.032765
vn  -0.342252 0.938488 -0.045863
vn  -0.340149 0.939455 -0.041497
vn  -0.340442 0.940263 0.002185
vn  -0.332610 0.916288 0.223129
vn  -0.001887 0.998259 -0.058953
vn  -0.001888 0.979429 -0.201782
vn  -0.001888 0.946076 -0.323938
vn  -0.001887 0.950241 -0.311509
vn  -0.003776 0.992783 -0.119869
vn  0.000000 0.999711 0.024029
vn  -0.340377 0.940084 0.019661
vn  -0.640175 0.768152 -0.010923
vn  -0.639955 0.767888 -0.028397
vn  -0.641629 0.765643 -0.045863
vn  -0.639661 0.767536 -0.041497
vn  -0.640211 0.768196 0.002185
vn  -0.625297 0.747808 0.223129
vn  -0.341925 0.937592 -0.063314
vn  -0.334788 0.920435 -0.201782
vn  -0.320224 0.890236 -0.323938
vn  -0.327169 0.892145 -0.311509
vn  -0.336793 0.933918 -0.119869
vn  -0.340344 0.939994 0.024029
vn  -0.640089 0.768049 0.019661
vn  -0.867230 0.497789 -0.010923
vn  -0.866932 0.497618 -0.028397
vn  -0.864169 0.501108 -0.045863
vn  -0.866534 0.497390 -0.041497
vn  -0.867279 0.497817 0.002185
vn  -0.842932 0.489570 0.223129
vn  -0.641016 0.764912 -0.063314
vn  -0.627797 0.751768 -0.201782
vn  -0.607002 0.725681 -0.323938
vn  -0.612890 0.726173 -0.311509
vn  -0.636545 0.761868 -0.119869
vn  -0.640028 0.767976 0.024029
vn  -0.867114 0.497722 0.019661
vn  -0.984932 0.172818 -0.006554
vn  -0.984556 0.172752 -0.028397
vn  -0.983220 0.176564 -0.045863
vn  -0.984105 0.172673 -0.041497
vn  -0.984951 0.172821 0.002185
vn  -0.959392 0.172571 0.223129
vn  -0.864669 0.497763 -0.067674
vn  -0.849780 0.486988 -0.201782
vn  -0.819642 0.472494 -0.323938
vn  -0.824503 0.472395 -0.311509
vn  -0.858690 0.497217 -0.124206
vn  -0.867031 0.497675 0.024029
vn  -0.984763 0.172788 0.019661
vn  -0.982623 0.172837 -0.067674
vn  -0.964732 0.169043 -0.201782
vn  -0.932175 0.161598 -0.323938
vn  -0.936419 0.161497 -0.311509
vn  -0.977109 0.172717 -0.124206
vn  -0.984669 0.172772 0.024029
vn  -0.984763 0.172788 0.019661
vn  -0.984932 -0.172818 -0.006554
vn  -0.984932 0.172818 -0.006554
vn  -0.984556 0.172752 -0.028397
vn  -0.984556 -0.172752 -0.028397
vn  -0.983220 0.176564 -0.045863
vn  -0.983220 -0.176564 -0.045863
vn  -0.984105 0.172673 -0.041497
vn  -0.984105 -0.172673 -0.041497
vn  -0.984951 0.172821 0.002185
vn  -0.984951 -0.172821 0.002185
vn  -0.959392 0.172571 0.223129
vn  -0.959392 -0.172571 0.223129
vn  0.997679 0.007553 -0.067674
vn  0.522932 0.015111 -0.852240
vn  -0.844484 -0.363590 -0.393255
vn  -0.900782 -0.120495 -0.417221
vn  -0.919945 -0.120478 -0.373076
vn  -0.934019 -0.120428 -0.336311
vn  -0.924085 0.082953 -0.373076
vn  -0.938094 0.082914 -0.336311
vn  -0.942093 -0.124188 -0.311509
vn  -0.947974 0.082937 -0.307354
vn  -0.953217 0.082974 -0.290677
vn  -0.902823 0.086669 -0.421188
vn  -0.874798 -0.109294 -0.471999
vn  -0.275620 0.777480 0.565296
vn  0.005659 0.829778 0.558065
vn  -0.074961 0.444400 0.892687
vn  0.003763 0.462325 0.886702
vn  0.001883 0.552612 0.833437
vn  0.078637 0.455604 0.886702
vn  0.097416 0.547655 0.831014
vn  0.195476 0.528500 0.826122
vn  0.125639 0.702884 0.700121
vn  0.247220 0.673113 0.696995
vn  0.282865 0.782681 0.554434
vn  0.356361 0.622258 0.696995
vn  0.412842 0.722609 0.554434
vn  0.536389 0.636309 0.554434
vn  0.480967 0.835574 0.265495
vn  0.618531 0.741048 0.261280
vn  0.640211 0.768196 0.002185
vn  0.741048 0.618531 0.261280
vn  0.763339 0.645994 -0.002185
vn  0.863495 0.504353 -0.002185
vn  0.758294 0.651616 -0.019661
vn  0.859416 0.510713 -0.024029
vn  0.851507 0.523575 -0.028397
vn  0.934746 0.354503 -0.024029
vn  0.931936 0.361510 -0.028397
vn  0.981835 0.187602 -0.028397
vn  0.926246 0.375494 -0.032765
vn  0.980109 0.194956 -0.037131
vn  0.976940 0.202507 -0.067674
vn  0.999282 0.007547 -0.037131
vn  0.997679 0.007553 -0.067674
vn  0.978445 -0.195106 -0.067674
vn  0.289950 0.780084 0.554434
vn  0.160457 0.450016 0.878487
vn  0.242134 0.411864 0.878487
vn  0.282460 0.491746 0.823652
vn  0.366403 0.442196 0.818664
vn  0.464804 0.550021 0.693855
vn  0.550021 0.464804 0.693855
vn  0.637523 0.534946 0.554434
vn  0.719785 0.417746 0.554434
vn  0.837237 0.482653 0.257060
vn  0.907396 0.332495 0.257060
vn  0.937647 0.347526 -0.006554
vn  0.984932 0.172818 -0.006554
vn  0.983223 0.180182 -0.028397
vn  0.999568 0.007549 -0.028397
vn  0.999568 0.007549 -0.028397
vn  0.984556 -0.172752 -0.028397
vn  0.982942 -0.180131 -0.037131
vn  0.539542 0.636806 0.550793
vn  0.312550 0.376389 0.872149
vn  0.376389 0.312550 0.872149
vn  0.440495 0.373989 0.816147
vn  0.505073 0.287980 0.813615
vn  0.627197 0.359937 0.690702
vn  0.678231 0.250865 0.690702
vn  0.783320 0.281090 0.554434
vn  0.819910 0.142657 0.554434
vn  0.952183 0.165130 0.257060
vn  0.966395 0.000000 0.257060
vn  0.999979 0.000000 -0.006554
vn  0.984951 -0.172821 -0.002185
vn  0.985832 -0.165312 -0.028397
vn  0.727903 0.418077 0.543478
vn  0.432930 0.251401 0.865661
vn  0.467023 0.169538 0.867840
vn  0.546198 0.199245 0.813615
vn  0.575476 0.104871 0.811067
vn  0.711824 0.127427 0.690702
vn  0.723140 0.000000 0.690702
vn  0.832227 0.000000 0.554434
vn  0.822359 -0.142663 0.550793
vn  0.950865 -0.172557 0.257060
vn  0.827211 0.142667 0.543478
vn  0.500163 0.089891 0.861253
vn  0.500631 0.000000 0.865661
vn  0.584954 0.000000 0.811067
vn  0.575476 -0.104871 0.811067
vn  0.711824 -0.127427 0.690702
vn  0.827211 -0.142667 0.543478
vn  0.500163 -0.089891 0.861253
vn  0.628464 0.777688 -0.015292
vn  0.478015 0.878284 -0.010923
vn  0.616600 0.787031 -0.019661
vn  0.457996 0.888887 -0.010923
vn  0.444493 0.895652 -0.015292
vn  0.297497 0.954700 -0.006554
vn  0.283044 0.959085 -0.006554
vn  0.120534 0.992688 0.006554
vn  0.261219 0.965158 -0.015292
vn  0.113036 0.993588 0.002185
vn  0.098015 0.995163 -0.006554
vn  -0.022649 0.999550 0.019661
vn  -0.030197 0.999351 0.019661
vn  -0.144883 0.988385 0.045863
vn  -0.030197 0.999351 0.019661
vn  -0.137377 0.989245 0.050227
vn  -0.122344 0.990735 0.058953
vn  -0.252101 0.963952 0.085100
vn  -0.217142 0.970744 0.102500
vn  -0.322269 0.933233 0.158808
vn  -0.165184 0.975419 0.145853
vn  -0.231592 0.946878 0.223129
vn  -0.150263 0.948723 0.278110
vn  -0.310944 0.893520 0.323938
vn  -0.187355 0.898374 0.397268
vn  -0.232706 0.806523 0.543478
vn  -0.101610 0.899403 0.425147
vn  -0.122114 0.810773 0.572482
vn  -0.062168 0.817557 0.572482
vn  -0.145959 0.663703 0.733618
vn  -0.079031 0.674951 0.733618
vn  -0.084357 0.466356 0.880566
vn  -0.035796 0.681822 0.730641
vn  -0.048844 0.479117 0.876391
vn  -0.028225 0.484604 0.874278
vn  -0.048548 0.241660 0.969146
vn  -0.033655 0.248452 0.968060
vn  -0.036660 0.014202 0.999227
vn  -0.050429 0.249911 0.966955
vn  -0.051263 0.010896 0.998626
vn  -0.077792 0.011016 0.996909
vn  -0.042603 -0.181857 0.982402
vn  -0.074999 -0.189629 0.978987
vn  -0.051263 0.010896 0.998626
vn  -0.090442 0.014698 0.995793
vn  -0.091599 0.233389 0.968060
vn  -0.165310 0.226250 0.959939
vn  -0.158809 0.454663 0.876391
vn  -0.301117 0.441339 0.845310
vn  -0.268280 0.655071 0.706334
vn  -0.481109 0.657700 0.579625
vn  -0.396828 0.802910 0.444818
vn  -0.551979 0.775147 0.307354
vn  -0.431478 0.872996 0.227387
vn  -0.487039 0.853641 0.184634
vn  -0.366614 0.920836 0.132872
vn  -0.386021 0.914669 0.119869
vn  -0.264740 0.961290 0.076390
vn  -0.284697 0.956803 0.058953
vn  -0.157817 0.986770 0.037131
vn  -0.165290 0.985701 0.032765
vn  -0.022651 0.999627 0.015292
vn  -0.015101 0.999769 0.015292
vn  0.135513 0.990754 0.006554
vn  0.150461 0.988594 0.006554
vn  0.319054 0.947734 -0.002185
vn  0.333293 0.942699 0.015292
vn  0.491225 0.870964 0.010923
vn  -0.164895 0.011198 0.986248
vn  -0.317376 0.015005 0.948181
vn  -0.314368 0.219102 0.923670
vn  -0.595794 0.224870 0.771014
vn  -0.556244 0.452538 0.696995
vn  -0.772835 0.436755 0.460402
vn  -0.669101 0.633089 0.389234
vn  -0.738577 0.600031 0.307354
vn  -0.615069 0.749649 0.244371
vn  -0.641675 0.736341 0.214603
vn  -0.508481 0.845481 0.163120
vn  -0.551957 0.825212 0.119869
vn  -0.415310 0.905271 0.089453
vn  -0.440999 0.894613 0.072033
vn  -0.306472 0.950554 0.050227
vn  -0.313650 0.948209 0.050227
vn  -0.165312 0.985832 0.028397
vn  -0.165290 0.985701 0.032765
vn  -0.007550 0.999778 0.019661
vn  0.000000 0.999310 0.037131
vn  0.165331 0.985945 0.024029
vn  0.167007 0.947144 0.273910
vn  0.328952 0.905014 0.269705
vn  -0.609297 0.015075 0.792799
vn  -0.853306 0.011312 0.521287
vn  -0.832814 0.223803 0.506293
vn  -0.898724 0.209553 0.385205
vn  -0.836934 0.415009 0.356804
vn  -0.862438 0.402162 0.307354
vn  -0.765551 0.586041 0.265495
vn  -0.804099 0.563677 0.188926
vn  -0.686499 0.710529 0.154492
vn  -0.713537 0.689521 0.124206
vn  -0.580049 0.808647 0.098153
vn  -0.602454 0.792622 0.093804
vn  -0.461341 0.884638 0.067674
vn  -0.474382 0.876999 0.076390
vn  -0.327952 0.943358 0.050227
vn  -0.336792 0.938820 0.072033
vn  -0.167190 0.984412 0.054590
vn  -0.161414 0.944387 0.286493
vn  0.000000 0.960549 0.278110
vn  0.001886 0.832225 0.554434
vn  0.144515 0.819584 0.554434
vn  -0.917672 0.007547 0.397268
vn  -0.940204 0.011318 0.340423
vn  -0.920455 0.205939 0.332193
vn  -0.953084 0.194870 0.231639
vn  -0.897403 0.385504 0.214603
vn  -0.913835 0.371883 0.163120
vn  -0.827780 0.541764 0.145853
vn  -0.839361 0.525974 0.137202
vn  -0.727899 0.675882 0.115530
vn  -0.744653 0.656600 0.119869
vn  -0.616253 0.781408 0.098153
vn  -0.630731 0.766688 0.119869
vn  -0.489057 0.867193 0.093804
vn  -0.469245 0.827854 0.307354
vn  -0.325239 0.898488 0.294855
vn  -0.286410 0.781391 0.554434
vn  -0.140798 0.820231 0.554434
vn  -0.127583 0.699417 0.703234
vn  -0.001885 0.714022 0.700121
vn  -0.971714 0.011321 0.235888
vn  -0.983540 0.011319 0.180338
vn  -0.967046 0.183936 0.176038
vn  -0.969314 0.183907 0.163120
vn  -0.919501 0.361457 0.154492
vn  -0.924278 0.347118 0.158808
vn  -0.848366 0.510141 0.141528
vn  -0.849319 0.503426 0.158808
vn  -0.751279 0.644631 0.141528
vn  -0.718504 0.613289 0.328069
vn  -0.608316 0.728225 0.315658
vn  -0.533499 0.638734 0.554434
vn  -0.416114 0.720730 0.554434
vn  -0.356113 0.611781 0.706334
vn  -0.243950 0.667795 0.703234
vn  -0.184466 0.509263 0.840609
vn  -0.093679 0.540916 0.835843
vn  -0.985819 0.011317 0.167429
vn  -0.985819 0.011317 0.167429
vn  -0.969983 0.176355 0.167429
vn  -0.967663 0.176372 0.180338
vn  -0.924579 0.340089 0.171735
vn  -0.883567 0.321592 0.340423
vn  -0.813053 0.475226 0.336311
vn  -0.721672 0.414479 0.554434
vn  -0.635092 0.537830 0.554434
vn  -0.538548 0.454631 0.709420
vn  -0.454695 0.542536 0.706334
vn  -0.343106 0.409548 0.845310
vn  -0.271153 0.464631 0.842967
vn  -0.219469 0.380132 0.898517
vn  -0.153002 0.419758 0.894647
vn  -0.526546 0.631751 0.568894
vn  -0.279137 0.333639 0.900427
vn  -0.327999 0.273588 0.904194
vn  -0.405099 0.342648 0.847636
vn  -0.455023 0.265604 0.849946
vn  -0.611928 0.349667 0.709420
vn  -0.662568 0.240263 0.709420
vn  -0.782038 0.284639 0.554434
vn  -0.819254 0.146372 0.554434
vn  -0.924148 0.165080 0.344528
vn  -0.937262 0.000000 0.348627
vn  -0.982778 0.007549 0.184634
vn  -0.968808 -0.165291 0.184634
vn  -0.972568 -0.161488 0.167429
vn  -0.707859 0.413763 0.572482
vn  -0.370836 0.211932 0.904194
vn  -0.397934 0.143945 0.906051
vn  -0.496229 0.177054 0.849946
vn  -0.515347 0.090019 0.852240
vn  -0.693822 0.123829 0.709420
vn  -0.704776 -0.003772 0.709420
vn  -0.832219 -0.003773 0.554434
vn  -0.821706 -0.146379 0.550793
vn  -0.924148 -0.165080 0.344528
vn  -0.806760 0.146296 0.572482
vn  -0.417133 0.071215 0.906051
vn  -0.419205 0.000000 0.907892
vn  -0.523150 0.000000 0.852240
vn  -0.515347 -0.090019 0.852240
vn  -0.693822 -0.123829 0.709420
vn  0.748295 0.662931 -0.024029
vn  0.738112 0.674080 -0.028397
vn  0.847415 0.529919 -0.032765
vn  0.833804 0.548904 -0.058953
vn  0.921845 0.382351 -0.063314
vn  0.911328 0.396382 -0.111189
vn  0.970356 0.209859 -0.119869
vn  0.992761 0.007552 -0.119869
vn  0.965158 0.217248 -0.145853
vn  0.988631 0.007548 -0.150174
vn  0.974760 0.007552 -0.223129
vn  0.604585 0.796178 -0.024029
vn  0.586057 0.809206 -0.041497
vn  0.423968 0.905232 -0.028397
vn  0.401734 0.914378 -0.050227
vn  0.239219 0.970550 -0.028397
vn  0.224469 0.973774 -0.037131
vn  0.090497 0.995875 -0.006554
vn  0.082966 0.996435 -0.015292
vn  -0.022649 0.999550 0.019661
vn  -0.015099 0.999597 0.024029
vn  -0.094209 0.992617 0.076390
vn  -0.060350 0.992901 0.102500
vn  -0.107316 0.977733 0.180338
vn  -0.054665 0.977011 0.206059
vn  -0.082937 0.947974 0.307354
vn  -0.028291 0.947062 0.319801
vn  -0.047112 0.900143 0.433040
vn  -0.013204 0.899377 0.436974
vn  -0.024510 0.819551 0.572482
vn  -0.005658 0.822391 0.568894
vn  -0.018856 0.688862 0.724647
vn  -0.030125 0.694774 0.718598
vn  -0.039529 0.491460 0.870003
vn  -0.065683 0.500113 0.863465
vn  -0.074081 0.257142 0.963530
vn  -0.121930 0.266168 0.956184
vn  -0.121528 0.011151 0.992526
vn  -0.121199 -0.194903 0.973306
vn  -0.182140 0.011234 0.983208
vn  -0.174875 -0.208083 0.962351
vn  -0.261703 -0.227218 0.938021
vn  0.726600 0.685223 -0.050227
vn  0.707600 0.700928 -0.089453
vn  0.564676 0.822164 -0.072033
vn  0.544090 0.834245 -0.089453
vn  0.380608 0.922566 -0.063314
vn  0.356304 0.930487 -0.085100
vn  0.208019 0.976834 -0.050227
vn  0.167231 0.982238 -0.085100
vn  0.067887 0.997289 -0.028397
vn  0.052810 0.998067 -0.032765
vn  -0.007548 0.999435 0.032765
vn  0.013215 0.998650 0.050227
vn  -0.018869 0.992077 0.124206
vn  0.015096 0.989819 0.141528
vn  -0.009430 0.973759 0.227387
vn  0.016981 0.971632 0.235888
vn  -0.001885 0.944652 0.328069
vn  0.016986 0.943058 0.332193
vn  0.001886 0.899472 0.436974
vn  0.005656 0.901357 0.433040
vn  -0.013203 0.827245 0.561686
vn  -0.028290 0.831747 0.554434
vn  -0.047115 0.703209 0.709420
vn  -0.082768 0.715343 0.693855
vn  -0.104833 0.512539 0.852240
vn  -0.156057 0.533912 0.831014
vn  -0.177908 0.278093 0.943935
vn  -0.258842 0.298719 0.918568
vn  -0.267180 0.015005 0.963530
vn  -0.370743 0.015037 0.928614
vn  -0.366267 -0.241900 0.898517
vn  -0.464731 -0.256003 0.847636
vn  0.693993 0.711344 -0.111189
vn  0.669563 0.725580 -0.158808
vn  0.519900 0.845149 -0.124206
vn  0.445262 0.869303 -0.214603
vn  0.295639 0.944100 -0.145853
vn  0.235483 0.954179 -0.184634
vn  0.135450 0.985468 -0.102500
vn  0.120531 0.987845 -0.098153
vn  0.060367 0.997983 -0.019661
vn  0.075447 0.997147 -0.002185
vn  0.041515 0.996538 0.072033
vn  0.056560 0.995129 0.080746
vn  0.033977 0.987410 0.154492
vn  0.049034 0.986091 0.158808
vn  0.028308 0.969269 0.244371
vn  0.030190 0.970271 0.240131
vn  0.013198 0.944562 0.328069
vn  0.001886 0.947483 0.319801
vn  -0.009435 0.906924 0.421188
vn  -0.030168 0.911918 0.409263
vn  -0.054660 0.842369 0.536122
vn  -0.092174 0.852938 0.513810
vn  -0.125782 0.730243 0.671508
vn  -0.182976 0.753267 0.631751
vn  -0.224469 0.559159 0.798095
vn  -0.316342 0.583090 0.748288
vn  -0.355301 0.319409 0.878487
vn  -0.444848 0.339959 0.828576
vn  -0.469830 0.015067 0.882628
vn  -0.555792 0.022591 0.831014
vn  -0.544590 -0.265847 0.795454
vn  -0.616645 -0.277847 0.736580
vn  0.593817 0.755007 -0.278110
vn  0.500452 0.781257 -0.373076
vn  0.364499 0.887381 -0.282304
vn  0.322031 0.898265 -0.299027
vn  0.211671 0.958907 -0.188926
vn  0.198673 0.962517 -0.184634
vn  0.129897 0.987869 -0.085100
vn  0.131704 0.988341 -0.076390
vn  0.090493 0.995837 0.010923
vn  0.090488 0.995780 0.015292
vn  0.069770 0.993544 0.089453
vn  0.069770 0.993544 0.089453
vn  0.049034 0.986091 0.158808
vn  0.041524 0.987121 0.154492
vn  0.018864 0.972619 0.231639
vn  0.007550 0.975725 0.218868
vn  -0.015098 0.951475 0.307354
vn  -0.041477 0.957184 0.286493
vn  -0.067888 0.920331 0.385205
vn  -0.114807 0.928660 0.352719
vn  -0.142806 0.867858 0.475846
vn  -0.209394 0.878652 0.429097
vn  -0.261117 0.771915 0.579625
vn  -0.325255 0.784002 0.528725
vn  -0.393692 0.606579 0.690702
vn  -0.457658 0.622219 0.635132
vn  -0.524585 0.355050 0.773790
vn  -0.595324 0.365479 0.715552
vn  -0.629503 0.026384 0.776550
vn  -0.694774 0.030125 0.718598
vn  -0.683635 -0.293371 0.668264
vn  -0.743715 -0.333049 0.579625
vn  0.441258 0.794492 -0.417221
vn  0.398882 0.804052 -0.440900
vn  0.289748 0.906410 -0.307354
vn  0.266233 0.912185 -0.311509
vn  0.184012 0.966239 -0.180338
vn  0.176585 0.967624 -0.180338
vn  0.131747 0.988663 -0.072033
vn  0.124259 0.989632 -0.072033
vn  0.090488 0.995780 0.015292
vn  0.082974 0.996530 0.006554
vn  0.056560 0.995129 0.080746
vn  0.049058 0.996195 0.072033
vn  0.022643 0.989675 0.141528
vn  -0.003774 0.992249 0.124206
vn  -0.024538 0.979123 0.201782
vn  -0.065970 0.983675 0.167429
vn  -0.088607 0.963443 0.252835
vn  -0.141037 0.966465 0.214603
vn  -0.174498 0.934084 0.311509
vn  -0.227911 0.935583 0.269705
vn  -0.267884 0.883094 0.385205
vn  -0.326904 0.881616 0.340423
vn  -0.386464 0.790073 0.475846
vn  -0.445665 0.792029 0.417221
vn  -0.520105 0.630592 0.576059
vn  -0.578507 0.642497 0.502521
vn  -0.655486 0.381347 0.651854
vn  -0.711635 0.407234 0.572482
vn  -0.760849 0.022628 0.648534
vn  -0.862229 0.015092 0.506293
vn  -0.835567 -0.366514 0.409263
vn  -0.911212 -0.368244 0.184634
vn  0.366474 0.810732 -0.456519
vn  0.333442 0.816109 -0.471999
vn  0.253730 0.912879 -0.319801
vn  0.237255 0.915846 -0.323938
vn  0.169148 0.968952 -0.180338
vn  0.159768 0.968907 -0.188926
vn  0.114950 0.990084 -0.080746
vn  0.099854 0.990973 -0.089453
vn  0.067915 0.997689 -0.002185
vn  0.045283 0.998685 -0.024029
vn  0.020765 0.998522 0.050227
vn  -0.022649 0.999550 0.019661
vn  -0.043375 0.994645 0.093804
vn  -0.092329 0.993982 0.058953
vn  -0.118603 0.984011 0.132872
vn  -0.165295 0.980903 0.102500
vn  -0.196746 0.963727 0.180338
vn  -0.253622 0.956244 0.145853
vn  -0.286223 0.929742 0.231639
vn  -0.350679 0.918115 0.184634
vn  -0.391754 0.874329 0.286493
vn  -0.470338 0.854915 0.218868
vn  -0.510134 0.788076 0.344528
vn  -0.588459 0.773352 0.235888
vn  -0.635436 0.662117 0.397268
vn  -0.748933 0.622411 0.227387
vn  -0.814261 0.407686 0.413246
vn  -0.927573 0.329573 0.176038
vn  -0.990834 -0.041528 0.128540
vn  -0.977532 -0.128060 -0.167429
vn  -0.931811 0.361462 -0.032765
vn  -0.915639 0.382334 -0.124206
vn  -0.729931 0.679239 0.076390
vn  -0.733155 0.679778 -0.019661
vn  -0.576806 0.808038 0.119869
vn  -0.573955 0.818231 0.032765
vn  -0.447687 0.886120 0.119869
vn  -0.432698 0.900372 0.045863
vn  -0.325994 0.939799 0.102500
vn  -0.304541 0.951936 0.032765
vn  -0.228248 0.970935 0.072033
vn  -0.202491 0.979282 0.002185
vn  -0.142918 0.989192 0.032765
vn  -0.120454 0.992024 -0.037131
vn  -0.067911 0.997632 -0.010923
vn  -0.043409 0.995426 -0.085100
vn  0.005662 0.998493 -0.054590
vn  0.037733 0.989215 -0.141528
vn  0.073550 0.991074 -0.111189
vn  0.120497 0.968286 -0.218868
vn  0.142907 0.969831 -0.197500
vn  0.206072 0.917413 -0.340423
vn  0.220709 0.918509 -0.328069
vn  0.299841 0.820123 -0.487334
vn  0.313859 0.819387 -0.479685
vn  0.389512 0.679687 -0.621536
vn  0.416541 0.676116 -0.607750
vn  0.451853 0.672000 -0.586724
vn  0.490610 0.483931 -0.724647
vn  0.530525 0.482434 -0.696995
vn  0.582580 0.257173 -0.771014
vn  0.582500 0.481101 -0.655161
vn  0.642435 0.257932 -0.721629
vn  0.709219 0.251882 -0.658456
vn  0.666466 0.015120 -0.745382
vn  0.734945 0.015118 -0.677958
vn  0.534432 0.262763 -0.803330
vn  0.502948 0.261996 -0.823652
vn  0.460823 0.486201 -0.742462
vn  0.433901 0.488676 -0.756919
vn  0.371124 0.680557 -0.631751
vn  0.347696 0.680310 -0.645202
vn  0.276447 0.821485 -0.498738
vn  0.238429 0.821760 -0.517554
vn  0.172677 0.916486 -0.360882
vn  0.124289 0.912715 -0.389234
vn  0.071667 0.965950 -0.248605
vn  0.020771 0.960325 -0.278110
vn  -0.015097 0.985027 -0.171735
vn  -0.067940 0.978801 -0.193215
vn  -0.092404 0.989973 -0.106846
vn  -0.155979 0.978783 -0.132872
vn  -0.182011 0.981528 -0.058953
vn  -0.259300 0.961645 -0.089453
vn  -0.282936 0.958718 -0.028397
vn  -0.399794 0.913416 -0.076390
vn  -0.417239 0.908668 -0.015292
vn  -0.566026 0.819520 -0.089453
vn  -0.573955 0.818231 -0.032765
vn  -0.745329 0.653322 -0.132872
vn  -0.736478 0.671088 -0.085100
vn  -0.896775 0.395965 -0.197500
vn  -0.908037 0.385826 -0.163120
vn  -0.971714 0.011321 -0.235888
vn  -0.968793 -0.041511 -0.244371
vn  0.478731 0.261113 -0.838234
vn  0.449832 0.259711 -0.854518
vn  0.406273 0.490387 -0.771014
vn  0.364631 0.488379 -0.792799
vn  0.302730 0.682730 -0.665007
vn  0.239220 0.682426 -0.690702
vn  0.183631 0.819092 -0.543478
vn  0.112983 0.819600 -0.561686
vn  0.066033 0.910024 -0.409263
vn  -0.001887 0.906972 -0.421188
vn  -0.039637 0.954720 -0.294855
vn  -0.107331 0.944162 -0.311509
vn  -0.133690 0.968446 -0.210333
vn  -0.215190 0.947655 -0.235888
vn  -0.235433 0.958828 -0.158808
vn  -0.354435 0.914901 -0.193215
vn  -0.373617 0.918017 -0.132872
vn  -0.533933 0.824149 -0.188926
vn  -0.555017 0.820446 -0.137202
vn  -0.738281 0.640860 -0.210333
vn  -0.745420 0.644094 -0.171735
vn  -0.893058 0.375025 -0.248605
vn  -0.895652 0.382233 -0.227387
vn  -0.956624 0.086748 -0.278110
vn  -0.964006 0.067915 -0.257060
vn  0.402294 0.257722 -0.878487
vn  0.329496 0.265525 -0.906051
vn  0.296906 0.491564 -0.818664
vn  0.213570 0.505721 -0.835843
vn  0.166444 0.688033 -0.706334
vn  0.086683 0.699435 -0.709420
vn  0.041537 0.823842 -0.565296
vn  -0.033989 0.824188 -0.565296
vn  -0.069833 0.900555 -0.429097
vn  -0.157845 0.885516 -0.436974
vn  -0.183830 0.926595 -0.328069
vn  -0.296801 0.889027 -0.348627
vn  -0.329351 0.906113 -0.265495
vn  -0.482320 0.820305 -0.307354
vn  -0.510755 0.824265 -0.244371
vn  -0.698057 0.648683 -0.303194
vn  -0.721101 0.645048 -0.252835
vn  -0.874810 0.371039 -0.311509
vn  -0.888546 0.368048 -0.273910
vn  -0.947974 0.082937 -0.307354
vn  -0.953217 0.082974 -0.290677
vn  0.248654 0.275404 -0.928614
vn  0.156249 0.290815 -0.943935
vn  0.125494 0.523123 -0.842967
vn  0.030227 0.533421 -0.845310
vn  -0.003778 0.704776 -0.709420
vn  -0.099819 0.703916 -0.703234
vn  -0.131652 0.814315 -0.565296
vn  -0.242007 0.793723 -0.558065
vn  -0.265965 0.855219 -0.444818
vn  -0.403814 0.795024 -0.452627
vn  -0.443335 0.813161 -0.377126
vn  -0.629132 0.655835 -0.417221
vn  -0.663895 0.657218 -0.356804
vn  -0.829647 0.383979 -0.405273
vn  -0.854421 0.381516 -0.352719
vn  -0.924085 0.082953 -0.373076
vn  -0.938094 0.082914 -0.336311
vn  0.056312 0.300036 -0.952264
vn  -0.067667 0.306197 -0.949560
vn  -0.079125 0.535832 -0.840609
vn  -0.199817 0.526874 -0.826122
vn  -0.214095 0.690720 -0.690702
vn  -0.323020 0.670135 -0.668264
vn  -0.361779 0.757461 -0.543478
vn  -0.542377 0.643768 -0.539805
vn  -0.591878 0.650577 -0.475846
vn  -0.770446 0.372225 -0.517554
vn  -0.798860 0.387108 -0.460402
vn  -0.874867 0.090434 -0.475846
vn  -0.902823 0.086669 -0.421188
vn  -0.190107 0.309143 -0.931821
vn  -0.295948 0.307975 -0.904194
vn  -0.299520 0.518783 -0.800720
vn  -0.455062 0.464406 -0.759767
vn  -0.483496 0.591562 -0.645202
vn  -0.668143 0.408996 -0.621536
vn  -0.737180 0.364590 -0.568894
vn  -0.791141 0.022670 -0.611214
vn  -0.841403 0.067925 -0.536122
vn  -0.676149 0.272910 -0.684356
vn  -0.599700 0.203986 -0.773790
vn  -0.695426 0.000000 -0.718598
vn  -0.444837 0.041555 -0.894647
vn  -0.442088 0.272684 -0.854518
vn  -0.297694 0.045235 -0.953589
vn  -0.188058 0.033799 -0.981576
vn  -0.058528 0.029394 -0.997853
vn  0.061544 0.022400 -0.997853
vn  0.168910 0.015094 -0.985516
vn  0.262955 0.015105 -0.964690
vn  0.346248 0.015118 -0.938021
vn  0.415166 0.007562 -0.909715
vn  0.462279 0.007565 -0.886702
vn  0.496613 0.015115 -0.867840
vn  0.522932 0.015111 -0.852240
vn  0.552408 0.015127 -0.833437
vn  0.602343 0.015111 -0.798095
vn  -0.417133 -0.071215 0.906051
vn  -0.806760 -0.146296 0.572482
vn  -0.973281 -0.161606 0.163120
vn  -0.969754 -0.169077 0.176038
vn  -0.955992 -0.180061 0.231639
vn  -0.925134 -0.183780 0.332193
vn  -0.901115 -0.191024 0.389234
vn  -0.836110 -0.201897 0.510057
vn  -0.596219 -0.192930 0.779295
vn  -0.309712 -0.173016 0.934957
vn  -0.162626 -0.167924 0.972293
vn  -0.093361 -0.166709 0.981576
vn  -0.047918 -0.171624 0.983996
vn  -0.035372 -0.179025 0.983208
vn  0.812202 0.015100 -0.583180
vn  0.787495 0.245546 -0.565296
vn  0.884257 0.238891 -0.401274
vn  0.716048 0.464257 -0.521287
vn  0.815787 0.441934 -0.373076
vn  0.715493 0.616799 -0.328069
vn  0.882101 0.423600 -0.206059
vn  0.789750 0.584984 -0.184634
vn  0.809791 0.573421 -0.124206
vn  0.644509 0.472931 -0.600787
vn  0.549359 0.656006 -0.517554
vn  0.500109 0.665202 -0.554434
vn  0.621059 0.637084 -0.456519
vn  0.910588 0.007548 -0.413246
vn  0.949582 0.224480 -0.218868
vn  0.901599 0.410237 -0.137202
vn  0.821279 0.561244 -0.102500
vn  0.842932 0.489570 0.223129
vn  0.860203 0.150187 0.487334
vn  0.959392 0.172571 0.223129
vn  0.860203 -0.150187 0.487334
vn  0.959392 -0.172571 0.223129
vn  0.754650 -0.439328 0.487334
vn  0.842932 -0.489570 0.223129
vn  0.561132 -0.669057 0.487334
vn  0.625297 -0.747808 0.223129
vn  0.301217 -0.819618 0.487334
vn  0.332610 -0.916288 0.223129
vn  -0.001887 -0.873214 0.487334
vn  0.000000 -0.974789 0.223129
vn  -0.297672 -0.820912 0.487334
vn  -0.332610 -0.916288 0.223129
vn  -0.564018 -0.666626 0.487334
vn  -0.625297 -0.747808 0.223129
vn  -0.756541 -0.436063 0.487334
vn  -0.842932 -0.489570 0.223129
vn  -0.859546 -0.153903 0.487334
vn  -0.959392 -0.172571 0.223129
vn  -0.859546 0.153903 0.487334
vn  -0.959392 0.172571 0.223129
vn  -0.756541 0.436063 0.487334
vn  -0.842932 0.489570 0.223129
vn  -0.564018 0.666626 0.487334
vn  -0.625297 0.747808 0.223129
vn  -0.297672 0.820912 0.487334
vn  -0.332610 0.916288 0.223129
vn  -0.001887 0.873214 0.487334
vn  0.000000 0.974789 0.223129
vn  0.301217 0.819618 0.487334
vn  0.332610 0.916288 0.223129
vn  0.561132 0.669057 0.487334
vn  0.625297 0.747808 0.223129
vn  0.754650 0.439328 0.487334
vn  0.779838 0.135165 0.611214
vn  0.779838 -0.135165 0.611214
vn  0.685115 -0.396277 0.611214
vn  0.506009 -0.608582 0.611214
vn  0.271682 -0.743375 0.611214
vn  -0.001887 -0.791463 0.611214
vn  -0.268135 -0.744662 0.611214
vn  -0.508905 -0.606163 0.611214
vn  -0.686996 -0.393007 0.611214
vn  -0.779185 -0.138881 0.611214
vn  -0.779185 0.138881 0.611214
vn  -0.686996 0.393007 0.611214
vn  -0.508905 0.606163 0.611214
vn  -0.268135 0.744662 0.611214
vn  -0.001887 0.791463 0.611214
vn  0.271682 0.743375 0.611214
vn  0.506009 0.608582 0.611214
vn  0.685115 0.396277 0.611214
vn  0.672133 0.120004 0.730641
vn  0.672133 -0.120004 0.730641
vn  0.592853 -0.338657 0.730641
vn  0.439031 -0.522891 0.730641
vn  0.230958 -0.642512 0.730641
vn  0.001885 -0.682759 0.730641
vn  -0.234502 -0.641227 0.730641
vn  -0.436137 -0.525307 0.730641
vn  -0.590974 -0.341925 0.730641
vn  -0.672785 -0.116291 0.730641
vn  -0.672785 0.116291 0.730641
vn  -0.590974 0.341925 0.730641
vn  -0.436137 0.525307 0.730641
vn  -0.234502 0.641227 0.730641
vn  0.001885 0.682759 0.730641
vn  0.230958 0.642512 0.730641
vn  0.439031 0.522891 0.730641
vn  0.592853 0.338657 0.730641
vn  0.492508 0.089814 0.865661
vn  0.492508 -0.089814 0.865661
vn  0.432930 -0.251401 0.865661
vn  0.322119 -0.383236 0.865661
vn  0.173189 -0.469720 0.865661
vn  0.003763 -0.500616 0.865661
vn  -0.173189 -0.469720 0.865661
vn  -0.322119 -0.383236 0.865661
vn  -0.432930 -0.251401 0.865661
vn  -0.492508 -0.089814 0.865661
vn  -0.492508 0.089814 0.865661
vn  -0.432930 0.251401 0.865661
vn  -0.322119 0.383236 0.865661
vn  -0.173189 0.469720 0.865661
vn  0.003763 0.500616 0.865661
vn  0.173189 0.469720 0.865661
vn  0.322119 0.383236 0.865661
vn  0.432930 0.251401 0.865661
vn  0.328843 0.059895 0.942483
vn  0.328843 -0.059895 0.942483
vn  0.290408 -0.165494 0.942483
vn  0.213409 -0.257258 0.942483
vn  0.116088 -0.313447 0.942483
vn  -0.001882 -0.334248 0.942483
vn  -0.112551 -0.314734 0.942483
vn  -0.216292 -0.254839 0.942483
vn  -0.288526 -0.168754 0.942483
vn  -0.329497 -0.056188 0.942483
vn  -0.329497 0.056188 0.942483
vn  -0.288526 0.168754 0.942483
vn  -0.216292 0.254839 0.942483
vn  -0.112551 0.314734 0.942483
vn  -0.001882 0.334248 0.942483
vn  0.116088 0.313447 0.942483
vn  0.213409 0.257258 0.942483
vn  0.290408 0.165494 0.942483
vn  0.188719 0.029890 0.981576
vn  0.188719 -0.029890 0.981576
vn  0.166709 -0.093361 0.981576
vn  0.124091 -0.145292 0.981576
vn  0.066133 -0.179261 0.981576
vn  0.000000 -0.191071 0.981576
vn  -0.066133 -0.179261 0.981576
vn  -0.124091 -0.145292 0.981576
vn  -0.166709 -0.093361 0.981576
vn  -0.188719 -0.029890 0.981576
vn  -0.188719 0.029890 0.981576
vn  -0.166709 0.093361 0.981576
vn  -0.124091 0.145292 0.981576
vn  -0.066133 0.179261 0.981576
vn  0.000000 0.191071 0.981576
vn  0.066133 0.179261 0.981576
vn  0.124091 0.145292 0.981576
vn  0.166709 0.093361 0.981576
vn  0.051899 0.007294 0.998626
vn  0.044445 0.027772 0.998626
vn  0.035068 0.038947 0.998626
vn  0.016195 0.049844 0.998626
vn  0.001829 0.052377 0.998626
vn  -0.019633 0.048592 0.998626
vn  -0.032266 0.041299 0.998626
vn  -0.046274 0.024604 0.998626
vn  -0.051263 0.010896 0.998626
vn  -0.051263 -0.010896 0.998626
vn  -0.046274 -0.024604 0.998626
vn  -0.032266 -0.041299 0.998626
vn  -0.019633 -0.048592 0.998626
vn  0.001829 -0.052377 0.998626
vn  0.016195 -0.049844 0.998626
vn  0.035068 -0.038947 0.998626
vn  0.044445 -0.027772 0.998626
vn  0.051899 -0.007294 0.998626
vn  0.000000 0.000000 1.000000

g rdmobj00
usemtl object_0
f  1/1/1 2/2/2 3/3/3
f  2/2/2 4/4/4 3/3/3
f  3/3/3 4/4/4 5/5/5
f  4/4/4 6/6/6 5/5/5
f  5/5/5 6/6/6 7/7/7
f  6/6/6 8/8/8 7/7/7
f  7/7/7 8/8/8 9/9/9
f  8/8/8 10/10/10 9/9/9
f  9/9/9 10/10/10 11/11/11
f  10/10/10 12/12/12 11/11/11
f  11/11/11 12/12/12 13/13/13
f  12/12/12 14/14/14 13/13/13
f  13/13/13 14/14/14 15/15/15
f  14/14/14 16/16/16 15/15/15
f  15/15/15 16/16/16 17/17/17
f  16/16/16 18/18/18 17/17/17
f  17/17/17 18/18/18 19/19/19
f  18/18/18 20/20/20 19/19/19
f  19/19/19 20/20/20 21/21/21
f  20/20/20 22/22/22 21/21/21
f  21/21/21 22/22/22 23/23/23
f  22/22/22 24/24/24 23/23/23
f  23/23/23 24/24/24 25/25/25
f  24/24/24 26/26/26 25/25/25
f  25/25/25 26/26/26 27/27/27
f  26/26/26 28/28/28 27/27/27
f  27/27/27 28/28/28 29/29/29
f  28/28/28 30/30/30 29/29/29
f  29/29/29 30/30/30 31/31/31
f  30/30/30 32/32/32 31/31/31
f  31/31/31 32/32/32 33/33/33
f  32/32/32 34/34/34 33/33/33
f  33/33/33 34/34/34 35/35/35
f  34/34/34 36/36/36 35/35/35
f  35/35/35 36/36/36 37/37/37
f  36/36/36 38/38/38 37/37/37
f  39/39/39 40/40/40 41/41/41
f  40/40/40 42/42/42 41/41/41
f  41/41/41 42/42/42 43/43/43
f  44/44/44 42/42/42 40/40/40
f  42/42/42 44/44/44 43/43/43
f  43/43/43 44/44/44 45/45/45
f  44/44/44 46/46/46 45/45/45
f  45/45/45 47/47/47 43/43/43
f  45/45/45 46/46/46 47/47/47
f  46/46/46 48/48/48 47/47/47
f  47/47/47 48/48/48 49/49/49
f  50/50/50 48/48/48 46/46/46
f  48/48/48 50/50/50 49/49/49
f  49/49/49 50/50/50 51/51/51
f  50/50/50 52/52/52 51/51/51
f  51/51/51 52/52/52 53/53/53
f  51/51/51 53/53/53 49/49/49
f  52/52/52 54/54/54 53/53/53
f  53/53/53 54/54/54 55/55/55
f  56/56/56 54/54/54 52/52/52
f  54/54/54 56/56/56 55/55/55
f  55/55/55 56/56/56 57/57/57
f  56/56/56 58/58/58 57/57/57
f  55/55/55 57/57/57 59/59/59
f  57/57/57 58/58/58 59/59/59
f  58/58/58 60/60/60 59/59/59
f  59/59/59 60/60/60 61/61/61
f  62/62/62 60/60/60 58/58/58
f  60/60/60 62/62/62 61/61/61
f  61/61/61 62/62/62 63/63/63
f  62/62/62 64/64/64 63/63/63
f  63/63/63 64/64/64 65/65/65
f  61/61/61 63/63/63 65/65/65
f  64/64/64 66/66/66 65/65/65
f  65/65/65 66/66/66 67/67/67
f  66/66/66 68/68/68 67/67/67
f  66/66/66 64/64/64 68/68/68
f  67/67/67 68/68/68 69/69/69
f  68/68/68 70/70/70 69/69/69
f  67/67/67 69/69/69 71/71/71
f  69/69/69 70/70/70 71/71/71
f  70/70/70 72/72/72 71/71/71
f  71/71/71 72/72/72 73/73/73
f  74/74/74 72/72/72 70/70/70
f  72/72/72 74/74/74 73/73/73
f  73/73/73 74/74/74 75/75/75
f  74/74/74 76/76/76 75/75/75
f  75/75/75 76/76/76 77/77/77
f  75/75/75 77/77/77 73/73/73
f  76/76/76 78/78/78 77/77/77
f  77/77/77 78/78/78 79/79/79
f  78/78/78 80/80/80 79/79/79
f  80/80/80 78/78/78 76/76/76
f  79/79/79 80/80/80 81/81/81
f  80/80/80 82/82/82 81/81/81
f  79/79/79 81/81/81 83/83/83
f  81/81/81 82/82/82 83/83/83
f  82/82/82 84/84/84 83/83/83
f  83/83/83 84/84/84 85/85/85
f  84/84/84 86/86/86 85/85/85
f  86/86/86 84/84/84 82/82/82
f  85/85/85 86/86/86 87/87/87
f  86/86/86 88/88/88 87/87/87
f  87/87/87 88/88/88 89/89/89
f  87/87/87 89/89/89 85/85/85
f  88/88/88 90/90/90 89/89/89
f  89/89/89 90/90/90 91/91/91
f  90/90/90 92/92/92 91/91/91
f  92/92/92 90/90/90 88/88/88
f  91/91/91 92/92/92 93/93/93
f  92/92/92 94/94/94 93/93/93
f  93/93/93 94/94/94 95/95/95
f  91/91/91 93/93/93 95/95/95
f  94/94/94 96/96/96 95/95/95
f  95/95/95 96/96/96 97/97/97
f  98/98/98 96/96/96 94/94/94
f  96/96/96 98/98/98 97/97/97
f  97/97/97 98/98/98 99/99/99
f  98/98/98 100/100/100 99/99/99
f  99/99/99 101/101/101 97/97/97
f  99/99/99 100/100/100 101/101/101
f  100/100/100 102/102/102 101/101/101
f  101/101/101 102/102/102 103/103/103
f  103/103/103 104/104/104 101/101/101
f  104/104/104 105/105/105 101/101/101
f  101/101/101 106/106/106 97/97/97
f  101/101/101 105/105/105 106/106/106
f  106/106/106 107/107/107 97/97/97
f  105/105/105 107/107/107 106/106/106
f  97/97/97 108/108/108 95/95/95
f  107/107/107 108/108/108 97/97/97
f  108/108/108 107/107/107 109/109/109
f  108/108/108 109/109/109 95/95/95
f  110/110/110 91/91/91 95/95/95
f  95/95/95 109/109/109 110/110/110
f  109/109/109 111/111/111 110/110/110
f  110/110/110 111/111/111 91/91/91
f  111/111/111 112/112/112 91/91/91
f  91/91/91 112/112/112 89/89/89
f  112/112/112 113/113/113 89/89/89
f  113/113/113 112/112/112 111/111/111
f  89/89/89 113/113/113 114/114/114
f  89/89/89 114/114/114 85/85/85
f  114/114/114 115/115/115 85/85/85
f  113/113/113 115/115/115 114/114/114
f  85/85/85 116/116/116 83/83/83
f  115/115/115 116/116/116 85/85/85
f  117/117/117 116/116/116 115/115/115
f  116/116/116 117/117/117 83/83/83
f  118/118/118 79/79/79 83/83/83
f  83/83/83 117/117/117 118/118/118
f  117/117/117 119/119/119 118/118/118
f  118/118/118 119/119/119 79/79/79
f  119/119/119 120/120/120 79/79/79
f  79/79/79 120/120/120 77/77/77
f  120/120/120 119/119/119 121/121/121
f  120/120/120 121/121/121 77/77/77
f  77/77/77 121/121/121 122/122/122
f  77/77/77 122/122/122 73/73/73
f  122/122/122 123/123/123 73/73/73
f  121/121/121 123/123/123 122/122/122
f  73/73/73 124/124/124 71/71/71
f  123/123/123 124/124/124 73/73/73
f  124/124/124 123/123/123 125/125/125
f  124/124/124 125/125/125 71/71/71
f  71/71/71 125/125/125 126/126/126
f  126/126/126 67/67/67 71/71/71
f  125/125/125 127/127/127 126/126/126
f  126/126/126 127/127/127 67/67/67
f  67/67/67 128/128/128 65/65/65
f  127/127/127 128/128/128 67/67/67
f  128/128/128 129/129/129 65/65/65
f  129/129/129 128/128/128 127/127/127
f  65/65/65 129/129/129 130/130/130
f  130/130/130 61/61/61 65/65/65
f  129/129/129 131/131/131 130/130/130
f  130/130/130 131/131/131 61/61/61
f  61/61/61 132/132/132 59/59/59
f  131/131/131 132/132/132 61/61/61
f  133/133/133 132/132/132 131/131/131
f  132/132/132 133/133/133 59/59/59
f  59/59/59 133/133/133 134/134/134
f  134/134/134 55/55/55 59/59/59
f  133/133/133 135/135/135 134/134/134
f  134/134/134 135/135/135 55/55/55
f  135/135/135 136/136/136 55/55/55
f  55/55/55 136/136/136 53/53/53
f  136/136/136 135/135/135 137/137/137
f  136/136/136 137/137/137 53/53/53
f  53/53/53 137/137/137 138/138/138
f  53/53/53 138/138/138 49/49/49
f  138/138/138 139/139/139 49/49/49
f  137/137/137 139/139/139 138/138/138
f  139/139/139 140/140/140 49/49/49
f  49/49/49 140/140/140 47/47/47
f  140/140/140 141/141/141 47/47/47
f  140/140/140 139/139/139 141/141/141
f  47/47/47 142/142/142 43/43/43
f  47/47/47 141/141/141 142/142/142
f  142/142/142 143/143/143 43/43/43
f  141/141/141 143/143/143 142/142/142
f  143/143/143 144/144/144 43/43/43
f  43/43/43 144/144/144 41/41/41
f  105/105/105 145/145/145 107/107/107
f  145/145/145 146/146/146 107/107/107
f  107/107/107 146/146/146 147/147/147
f  107/107/107 147/147/147 109/109/109
f  147/147/147 148/148/148 109/109/109
f  146/146/146 148/148/148 147/147/147
f  109/109/109 149/149/149 111/111/111
f  148/148/148 149/149/149 109/109/109
f  150/150/150 149/149/149 148/148/148
f  149/149/149 150/150/150 111/111/111
f  111/111/111 150/150/150 151/151/151
f  151/151/151 113/113/113 111/111/111
f  150/150/150 152/152/152 151/151/151
f  151/151/151 152/152/152 113/113/113
f  113/113/113 153/153/153 115/115/115
f  152/152/152 153/153/153 113/113/113
f  154/154/154 153/153/153 152/152/152
f  153/153/153 154/154/154 115/115/115
f  115/115/115 154/154/154 155/155/155
f  155/155/155 117/117/117 115/115/115
f  155/155/155 156/156/156 117/117/117
f  154/154/154 156/156/156 155/155/155
f  156/156/156 157/157/157 117/117/117
f  117/117/117 157/157/157 119/119/119
f  157/157/157 156/156/156 158/158/158
f  157/157/157 158/158/158 119/119/119
f  119/119/119 158/158/158 159/159/159
f  119/119/119 159/159/159 121/121/121
f  158/158/158 160/160/160 159/159/159
f  159/159/159 160/160/160 121/121/121
f  121/121/121 161/161/161 123/123/123
f  160/160/160 161/161/161 121/121/121
f  161/161/161 162/162/162 123/123/123
f  161/161/161 160/160/160 162/162/162
f  123/123/123 163/163/163 125/125/125
f  123/123/123 162/162/162 163/163/163
f  163/163/163 164/164/164 125/125/125
f  162/162/162 164/164/164 163/163/163
f  164/164/164 165/165/165 125/125/125
f  125/125/125 165/165/165 127/127/127
f  166/166/166 165/165/165 164/164/164
f  165/165/165 166/166/166 127/127/127
f  167/167/167 129/129/129 127/127/127
f  127/127/127 166/166/166 167/167/167
f  166/166/166 168/168/168 167/167/167
f  167/167/167 168/168/168 129/129/129
f  129/129/129 169/169/169 131/131/131
f  168/168/168 169/169/169 129/129/129
f  169/169/169 168/168/168 170/170/170
f  169/169/169 170/170/170 131/131/131
f  131/131/131 170/170/170 171/171/171
f  171/171/171 133/133/133 131/131/131
f  170/170/170 172/172/172 171/171/171
f  171/171/171 172/172/172 133/133/133
f  133/133/133 173/173/173 135/135/135
f  172/172/172 173/173/173 133/133/133
f  173/173/173 174/174/174 135/135/135
f  174/174/174 173/173/173 172/172/172
f  135/135/135 174/174/174 175/175/175
f  135/135/135 175/175/175 137/137/137
f  175/175/175 176/176/176 137/137/137
f  174/174/174 176/176/176 175/175/175
f  176/176/176 177/177/177 137/137/137
f  137/137/137 177/177/177 139/139/139
f  178/178/178 177/177/177 176/176/176
f  177/177/177 178/178/178 139/139/139
f  139/139/139 178/178/178 179/179/179
f  139/139/139 179/179/179 141/141/141
f  178/178/178 180/180/180 179/179/179
f  179/179/179 180/180/180 141/141/141
f  180/180/180 181/181/181 141/141/141
f  141/141/141 181/181/181 143/143/143
f  146/146/146 182/182/182 148/148/148
f  182/182/182 183/183/183 148/148/148
f  148/148/148 183/183/183 184/184/184
f  184/184/184 150/150/150 148/148/148
f  183/183/183 185/185/185 184/184/184
f  184/184/184 185/185/185 150/150/150
f  150/150/150 186/186/186 152/152/152
f  185/185/185 186/186/186 150/150/150
f  186/186/186 185/185/185 187/187/187
f  186/186/186 187/187/187 152/152/152
f  152/152/152 187/187/187 188/188/188
f  188/188/188 154/154/154 152/152/152
f  187/187/187 189/189/189 188/188/188
f  188/188/188 189/189/189 154/154/154
f  154/154/154 190/190/190 156/156/156
f  189/189/189 190/190/190 154/154/154
f  190/190/190 189/189/189 191/191/191
f  190/190/190 191/191/191 156/156/156
f  156/156/156 191/191/191 192/192/192
f  156/156/156 192/192/192 158/158/158
f  191/191/191 193/193/193 192/192/192
f  192/192/192 193/193/193 158/158/158
f  158/158/158 194/194/194 160/160/160
f  193/193/193 194/194/194 158/158/158
f  194/194/194 195/195/195 160/160/160
f  195/195/195 194/194/194 193/193/193
f  160/160/160 196/196/196 162/162/162
f  160/160/160 195/195/195 196/196/196
f  195/195/195 197/197/197 196/196/196
f  196/196/196 197/197/197 162/162/162
f  197/197/197 198/198/198 162/162/162
f  162/162/162 198/198/198 164/164/164
f  198/198/198 199/199/199 164/164/164
f  198/198/198 197/197/197 199/199/199
f  200/200/200 166/166/166 164/164/164
f  164/164/164 199/199/199 200/200/200
f  199/199/199 201/201/201 200/200/200
f  200/200/200 201/201/201 166/166/166
f  201/201/201 202/202/202 166/166/166
f  166/166/166 202/202/202 168/168/168
f  202/202/202 203/203/203 168/168/168
f  203/203/203 202/202/202 201/201/201
f  168/168/168 203/203/203 204/204/204
f  168/168/168 204/204/204 170/170/170
f  203/203/203 205/205/205 204/204/204
f  204/204/204 205/205/205 170/170/170
f  205/205/205 206/206/206 170/170/170
f  170/170/170 206/206/206 172/172/172
f  206/206/206 205/205/205 207/207/207
f  206/206/206 207/207/207 172/172/172
f  172/172/172 207/207/207 208/208/208
f  208/208/208 174/174/174 172/172/172
f  207/207/207 209/209/209 208/208/208
f  208/208/208 209/209/209 174/174/174
f  209/209/209 210/210/210 174/174/174
f  174/174/174 210/210/210 176/176/176
f  210/210/210 209/209/209 211/211/211
f  210/210/210 211/211/211 176/176/176
f  212/212/212 178/178/178 176/176/176
f  176/176/176 211/211/211 212/212/212
f  212/212/212 213/213/213 178/178/178
f  211/211/211 213/213/213 212/212/212
f  178/178/178 214/214/214 180/180/180
f  213/213/213 214/214/214 178/178/178
f  183/183/183 215/215/215 185/185/185
f  215/215/215 216/216/216 185/185/185
f  185/185/185 217/217/217 187/187/187
f  185/185/185 216/216/216 217/217/217
f  217/217/217 218/218/218 187/187/187
f  216/216/216 218/218/218 217/217/217
f  187/187/187 219/219/219 189/189/189
f  218/218/218 219/219/219 187/187/187
f  219/219/219 220/220/220 189/189/189
f  219/219/219 218/218/218 220/220/220
f  189/189/189 220/220/220 221/221/221
f  189/189/189 221/221/221 191/191/191
f  220/220/220 222/222/222 221/221/221
f  221/221/221 222/222/222 191/191/191
f  191/191/191 223/223/223 193/193/193
f  222/222/222 223/223/223 191/191/191
f  224/224/224 223/223/223 222/222/222
f  223/223/223 224/224/224 193/193/193
f  193/193/193 224/224/224 225/225/225
f  225/225/225 195/195/195 193/193/193
f  224/224/224 226/226/226 225/225/225
f  225/225/225 226/226/226 195/195/195
f  195/195/195 227/227/227 197/197/197
f  226/226/226 227/227/227 195/195/195
f  227/227/227 228/228/228 197/197/197
f  227/227/227 226/226/226 228/228/228
f  197/197/197 229/229/229 199/199/199
f  197/197/197 228/228/228 229/229/229
f  228/228/228 230/230/230 229/229/229
f  229/229/229 230/230/230 199/199/199
f  199/199/199 231/231/231 201/201/201
f  230/230/230 231/231/231 199/199/199
f  231/231/231 232/232/232 201/201/201
f  232/232/232 231/231/231 230/230/230
f  201/201/201 232/232/232 233/233/233
f  233/233/233 203/203/203 201/201/201
f  232/232/232 234/234/234 233/233/233
f  233/233/233 234/234/234 203/203/203
f  234/234/234 235/235/235 203/203/203
f  203/203/203 235/235/235 205/205/205
f  235/235/235 234/234/234 236/236/236
f  235/235/235 236/236/236 205/205/205
f  205/205/205 237/237/237 207/207/207
f  205/205/205 236/236/236 237/237/237
f  237/237/237 238/238/238 207/207/207
f  236/236/236 238/238/238 237/237/237
f  238/238/238 239/239/239 207/207/207
f  207/207/207 239/239/239 209/209/209
f  239/239/239 240/240/240 209/209/209
f  239/239/239 238/238/238 240/240/240
f  209/209/209 241/241/241 211/211/211
f  209/209/209 240/240/240 241/241/241
f  240/240/240 242/242/242 241/241/241
f  241/241/241 242/242/242 211/211/211
f  211/211/211 243/243/243 213/213/213
f  242/242/242 243/243/243 211/211/211
f  216/216/216 244/244/244 218/218/218
f  244/244/244 245/245/245 218/218/218
f  218/218/218 245/245/245 246/246/246
f  218/218/218 246/246/246 220/220/220
f  245/245/245 247/247/247 246/246/246
f  246/246/246 247/247/247 220/220/220
f  220/220/220 248/248/248 222/222/222
f  247/247/247 248/248/248 220/220/220
f  248/248/248 249/249/249 222/222/222
f  248/248/248 247/247/247 249/249/249
f  250/250/250 224/224/224 222/222/222
f  222/222/222 249/249/249 250/250/250
f  250/250/250 251/251/251 224/224/224
f  249/249/249 251/251/251 250/250/250
f  224/224/224 252/252/252 226/226/226
f  251/251/251 252/252/252 224/224/224
f  252/252/252 253/253/253 226/226/226
f  253/253/253 252/252/252 251/251/251
f  226/226/226 254/254/254 228/228/228
f  226/226/226 253/253/253 254/254/254
f  253/253/253 255/255/255 254/254/254
f  254/254/254 255/255/255 228/228/228
f  255/255/255 256/256/256 228/228/228
f  228/228/228 256/256/256 230/230/230
f  256/256/256 257/257/257 230/230/230
f  256/256/256 255/255/255 257/257/257
f  258/258/258 232/232/232 230/230/230
f  230/230/230 257/257/257 258/258/258
f  257/257/257 259/259/259 258/258/258
f  258/258/258 259/259/259 232/232/232
f  259/259/259 260/260/260 232/232/232
f  232/232/232 260/260/260 234/234/234
f  260/260/260 259/259/259 261/261/261
f  260/260/260 261/261/261 234/234/234
f  234/234/234 262/262/262 236/236/236
f  234/234/234 261/261/261 262/262/262
f  262/262/262 263/263/263 236/236/236
f  261/261/261 263/263/263 262/262/262
f  263/263/263 264/264/264 236/236/236
f  236/236/236 264/264/264 238/238/238
f  264/264/264 265/265/265 238/238/238
f  265/265/265 264/264/264 263/263/263
f  238/238/238 266/266/266 240/240/240
f  238/238/238 265/265/265 266/266/266
f  266/266/266 267/267/267 240/240/240
f  265/265/265 267/267/267 266/266/266
f  240/240/240 268/268/268 242/242/242
f  267/267/267 268/268/268 240/240/240
f  245/245/245 269/269/269 247/247/247
f  269/269/269 270/270/270 247/247/247
f  247/247/247 270/270/270 271/271/271
f  247/247/247 271/271/271 249/249/249
f  271/271/271 272/272/272 249/249/249
f  270/270/270 272/272/272 271/271/271
f  249/249/249 273/273/273 251/251/251
f  272/272/272 273/273/273 249/249/249
f  273/273/273 272/272/272 274/274/274
f  273/273/273 274/274/274 251/251/251
f  275/275/275 253/253/253 251/251/251
f  251/251/251 274/274/274 275/275/275
f  274/274/274 276/276/276 275/275/275
f  275/275/275 276/276/276 253/253/253
f  276/276/276 277/277/277 253/253/253
f  253/253/253 277/277/277 255/255/255
f  277/277/277 278/278/278 255/255/255
f  278/278/278 277/277/277 276/276/276
f  255/255/255 279/279/279 257/257/257
f  255/255/255 278/278/278 279/279/279
f  278/278/278 280/280/280 279/279/279
f  279/279/279 280/280/280 257/257/257
f  280/280/280 281/281/281 257/257/257
f  257/257/257 281/281/281 259/259/259
f  281/281/281 282/282/282 259/259/259
f  282/282/282 281/281/281 280/280/280
f  259/259/259 283/283/283 261/261/261
f  259/259/259 282/282/282 283/283/283
f  283/283/283 284/284/284 261/261/261
f  282/282/282 284/284/284 283/283/283
f  284/284/284 285/285/285 261/261/261
f  261/261/261 285/285/285 263/263/263
f  285/285/285 286/286/286 263/263/263
f  285/285/285 284/284/284 286/286/286
f  263/263/263 286/286/286 287/287/287
f  287/287/287 265/265/265 263/263/263
f  286/286/286 288/288/288 287/287/287
f  287/287/287 288/288/288 265/265/265
f  288/288/288 289/289/289 265/265/265
f  265/265/265 289/289/289 267/267/267
f  270/270/270 290/290/290 272/272/272
f  290/290/290 291/291/291 272/272/272
f  272/272/272 292/292/292 274/274/274
f  272/272/272 291/291/291 292/292/292
f  292/292/292 293/293/293 274/274/274
f  291/291/291 293/293/293 292/292/292
f  293/293/293 294/294/294 274/274/274
f  274/274/274 294/294/294 276/276/276
f  294/294/294 293/293/293 295/295/295
f  294/294/294 295/295/295 276/276/276
f  296/296/296 278/278/278 276/276/276
f  276/276/276 295/295/295 296/296/296
f  295/295/295 297/297/297 296/296/296
f  296/296/296 297/297/297 278/278/278
f  278/278/278 298/298/298 280/280/280
f  297/297/297 298/298/298 278/278/278
f  298/298/298 299/299/299 280/280/280
f  298/298/298 297/297/297 299/299/299
f  280/280/280 299/299/299 300/300/300
f  300/300/300 282/282/282 280/280/280
f  300/300/300 301/301/301 282/282/282
f  299/299/299 301/301/301 300/300/300
f  301/301/301 302/302/302 282/282/282
f  282/282/282 302/302/302 284/284/284
f  302/302/302 301/301/301 303/303/303
f  302/302/302 303/303/303 284/284/284
f  284/284/284 304/304/304 286/286/286
f  284/284/284 303/303/303 304/304/304
f  303/303/303 305/305/305 304/304/304
f  304/304/304 305/305/305 286/286/286
f  305/305/305 306/306/306 286/286/286
f  286/286/286 306/306/306 288/288/288
f  291/291/291 307/307/307 293/293/293
f  307/307/307 308/308/308 293/293/293
f  293/293/293 309/309/309 295/295/295
f  293/293/293 308/308/308 309/309/309
f  308/308/308 310/310/310 309/309/309
f  309/309/309 310/310/310 295/295/295
f  295/295/295 311/311/311 297/297/297
f  310/310/310 311/311/311 295/295/295
f  312/312/312 311/311/311 310/310/310
f  311/311/311 312/312/312 297/297/297
f  297/297/297 313/313/313 299/299/299
f  297/297/297 312/312/312 313/313/313
f  312/312/312 314/314/314 313/313/313
f  313/313/313 314/314/314 299/299/299
f  299/299/299 315/315/315 301/301/301
f  314/314/314 315/315/315 299/299/299
f  315/315/315 316/316/316 301/301/301
f  315/315/315 314/314/314 316/316/316
f  301/301/301 317/317/317 303/303/303
f  301/301/301 316/316/316 317/317/317
f  317/317/317 318/318/318 303/303/303
f  316/316/316 318/318/318 317/317/317
f  303/303/303 319/319/319 305/305/305
f  318/318/318 319/319/319 303/303/303
f  308/308/308 320/320/320 310/310/310
f  320/320/320 321/321/321 310/310/310
f  322/322/322 312/312/312 310/310/310
f  310/310/310 321/321/321 322/322/322
f  322/322/322 323/323/323 312/312/312
f  321/321/321 323/323/323 322/322/322
f  312/312/312 324/324/324 314/314/314
f  323/323/323 324/324/324 312/312/312
f  324/324/324 323/323/323 325/325/325
f  324/324/324 325/325/325 314/314/314
f  314/314/314 326/326/326 316/316/316
f  314/314/314 325/325/325 326/326/326
f  326/326/326 327/327/327 316/316/316
f  325/325/325 327/327/327 326/326/326
f  316/316/316 328/328/328 318/318/318
f  327/327/327 328/328/328 316/316/316
f  64/64/64 329/329/329 68/68/68
f  68/68/68 329/329/329 330/330/330
f  329/329/329 64/64/64 331/331/331
f  329/329/329 331/331/331 330/330/330
f  330/330/330 331/331/331 332/332/332
f  331/331/331 333/333/333 332/332/332
f  332/332/332 333/333/333 334/334/334
f  332/332/332 334/334/334 330/330/330
f  333/333/333 335/335/335 334/334/334
f  334/334/334 335/335/335 336/336/336
f  335/335/335 337/337/337 336/336/336
f  337/337/337 335/335/335 333/333/333
f  336/336/336 337/337/337 338/338/338
f  337/337/337 339/339/339 338/338/338
f  340/340/340 336/336/336 338/338/338
f  338/338/338 339/339/339 340/340/340
f  339/339/339 341/341/341 340/340/340
f  340/340/340 341/341/341 342/342/342
f  343/343/343 341/341/341 339/339/339
f  341/341/341 343/343/343 342/342/342
f  342/342/342 343/343/343 344/344/344
f  343/343/343 345/345/345 344/344/344
f  344/344/344 345/345/345 346/346/346
f  346/346/346 342/342/342 344/344/344
f  345/345/345 347/347/347 346/346/346
f  346/346/346 347/347/347 348/348/348
f  347/347/347 349/349/349 348/348/348
f  345/345/345 349/349/349 347/347/347
f  348/348/348 349/349/349 350/350/350
f  349/349/349 351/351/351 350/350/350
f  352/352/352 348/348/348 350/350/350
f  350/350/350 351/351/351 352/352/352
f  351/351/351 353/353/353 352/352/352
f  352/352/352 353/353/353 354/354/354
f  355/355/355 353/353/353 351/351/351
f  353/353/353 355/355/355 354/354/354
f  354/354/354 355/355/355 356/356/356
f  355/355/355 357/357/357 356/356/356
f  68/68/68 358/358/358 70/70/70
f  68/68/68 330/330/330 358/358/358
f  358/358/358 359/359/359 70/70/70
f  330/330/330 359/359/359 358/358/358
f  70/70/70 360/360/360 74/74/74
f  359/359/359 360/360/360 70/70/70
f  360/360/360 361/361/361 74/74/74
f  360/360/360 359/359/359 361/361/361
f  74/74/74 362/362/362 76/76/76
f  74/74/74 361/361/361 362/362/362
f  361/361/361 363/363/363 362/362/362
f  362/362/362 363/363/363 76/76/76
f  363/363/363 364/364/364 76/76/76
f  76/76/76 364/364/364 80/80/80
f  364/364/364 365/365/365 80/80/80
f  364/364/364 363/363/363 365/365/365
f  80/80/80 366/366/366 82/82/82
f  80/80/80 365/365/365 366/366/366
f  366/366/366 367/367/367 82/82/82
f  365/365/365 367/367/367 366/366/366
f  367/367/367 368/368/368 82/82/82
f  82/82/82 368/368/368 86/86/86
f  369/369/369 368/368/368 367/367/367
f  368/368/368 369/369/369 86/86/86
f  86/86/86 370/370/370 88/88/88
f  86/86/86 369/369/369 370/370/370
f  369/369/369 371/371/371 370/370/370
f  370/370/370 371/371/371 88/88/88
f  371/371/371 372/372/372 88/88/88
f  88/88/88 372/372/372 92/92/92
f  372/372/372 373/373/373 92/92/92
f  372/372/372 371/371/371 373/373/373
f  92/92/92 373/373/373 374/374/374
f  92/92/92 374/374/374 94/94/94
f  373/373/373 375/375/375 374/374/374
f  374/374/374 375/375/375 94/94/94
f  94/94/94 376/376/376 98/98/98
f  375/375/375 376/376/376 94/94/94
f  376/376/376 375/375/375 377/377/377
f  376/376/376 377/377/377 98/98/98
f  98/98/98 377/377/377 378/378/378
f  98/98/98 378/378/378 100/100/100
f  330/330/330 379/379/379 359/359/359
f  334/334/334 379/379/379 330/330/330
f  379/379/379 334/334/334 380/380/380
f  379/379/379 380/380/380 359/359/359
f  359/359/359 381/381/381 361/361/361
f  359/359/359 380/380/380 381/381/381
f  381/381/381 382/382/382 361/361/361
f  380/380/380 382/382/382 381/381/381
f  361/361/361 383/383/383 363/363/363
f  382/382/382 383/383/383 361/361/361
f  382/382/382 384/384/384 383/383/383
f  383/383/383 384/384/384 363/363/363
f  363/363/363 384/384/384 385/385/385
f  363/363/363 385/385/385 365/365/365
f  384/384/384 386/386/386 385/385/385
f  385/385/385 386/386/386 365/365/365
f  365/365/365 387/387/387 367/367/367
f  386/386/386 387/387/387 365/365/365
f  387/387/387 388/388/388 367/367/367
f  386/386/386 388/388/388 387/387/387
f  389/389/389 369/369/369 367/367/367
f  367/367/367 388/388/388 389/389/389
f  389/389/389 390/390/390 369/369/369
f  388/388/388 390/390/390 389/389/389
f  369/369/369 391/391/391 371/371/371
f  390/390/390 391/391/391 369/369/369
f  391/391/391 392/392/392 371/371/371
f  390/390/390 392/392/392 391/391/391
f  371/371/371 392/392/392 393/393/393
f  371/371/371 393/393/393 373/373/373
f  392/392/392 394/394/394 393/393/393
f  393/393/393 394/394/394 373/373/373
f  394/394/394 395/395/395 373/373/373
f  373/373/373 395/395/395 375/375/375
f  394/394/394 396/396/396 395/395/395
f  395/395/395 396/396/396 375/375/375
f  375/375/375 397/397/397 377/377/377
f  375/375/375 396/396/396 397/397/397
f  334/334/334 336/336/336 398/398/398
f  334/334/334 398/398/398 380/380/380
f  398/398/398 336/336/336 399/399/399
f  380/380/380 398/398/398 399/399/399
f  336/336/336 340/340/340 400/400/400
f  399/399/399 336/336/336 400/400/400
f  399/399/399 400/400/400 401/401/401
f  400/400/400 340/340/340 401/401/401
f  340/340/340 402/402/402 401/401/401
f  340/340/340 342/342/342 402/402/402
f  401/401/401 402/402/402 403/403/403
f  402/402/402 342/342/342 403/403/403
f  403/403/403 342/342/342 404/404/404
f  342/342/342 346/346/346 404/404/404
f  404/404/404 346/346/346 405/405/405
f  403/403/403 404/404/404 405/405/405
f  346/346/346 348/348/348 406/406/406
f  346/346/346 406/406/406 405/405/405
f  405/405/405 406/406/406 407/407/407
f  406/406/406 348/348/348 407/407/407
f  407/407/407 348/348/348 408/408/408
f  348/348/348 352/352/352 408/408/408
f  408/408/408 352/352/352 409/409/409
f  407/407/407 408/408/408 409/409/409
f  352/352/352 410/410/410 409/409/409
f  352/352/352 354/354/354 410/410/410
f  410/410/410 354/354/354 411/411/411
f  409/409/409 410/410/410 411/411/411
f  411/411/411 354/354/354 412/412/412
f  380/380/380 399/399/399 413/413/413
f  382/382/382 380/380/380 413/413/413
f  399/399/399 414/414/414 413/413/413
f  413/413/413 414/414/414 382/382/382
f  382/382/382 415/415/415 384/384/384
f  414/414/414 415/415/415 382/382/382
f  415/415/415 416/416/416 384/384/384
f  416/416/416 415/415/415 414/414/414
f  386/386/386 384/384/384 417/417/417
f  384/384/384 416/416/416 417/417/417
f  417/417/417 418/418/418 386/386/386
f  416/416/416 418/418/418 417/417/417
f  386/386/386 419/419/419 388/388/388
f  418/418/418 419/419/419 386/386/386
f  419/419/419 420/420/420 388/388/388
f  420/420/420 419/419/419 418/418/418
f  388/388/388 420/420/420 421/421/421
f  390/390/390 388/388/388 421/421/421
f  421/421/421 422/422/422 390/390/390
f  420/420/420 422/422/422 421/421/421
f  390/390/390 423/423/423 392/392/392
f  422/422/422 423/423/423 390/390/390
f  424/424/424 423/423/423 422/422/422
f  423/423/423 424/424/424 392/392/392
f  394/394/394 392/392/392 425/425/425
f  392/392/392 424/424/424 425/425/425
f  425/425/425 426/426/426 394/394/394
f  424/424/424 426/426/426 425/425/425
f  394/394/394 427/427/427 396/396/396
f  426/426/426 427/427/427 394/394/394
f  414/414/414 399/399/399 428/428/428
f  399/399/399 401/401/401 428/428/428
f  428/428/428 429/429/429 414/414/414
f  428/428/428 401/401/401 429/429/429
f  403/403/403 430/430/430 401/401/401
f  401/401/401 430/430/430 429/429/429
f  430/430/430 403/403/403 431/431/431
f  429/429/429 430/430/430 431/431/431
f  403/403/403 405/405/405 432/432/432
f  431/431/431 403/403/403 432/432/432
f  432/432/432 433/433/433 431/431/431
f  432/432/432 405/405/405 433/433/433
f  407/407/407 434/434/434 405/405/405
f  405/405/405 434/434/434 433/433/433
f  433/433/433 434/434/434 435/435/435
f  434/434/434 407/407/407 435/435/435
f  435/435/435 407/407/407 436/436/436
f  407/407/407 409/409/409 436/436/436
f  436/436/436 437/437/437 435/435/435
f  436/436/436 409/409/409 437/437/437
f  411/411/411 438/438/438 409/409/409
f  409/409/409 438/438/438 437/437/437
f  439/439/439 411/411/411 412/412/412
f  438/438/438 411/411/411 439/439/439
f  437/437/437 438/438/438 439/439/439
f  439/439/439 440/440/440 437/437/437
f  440/440/440 441/441/441 437/437/437
f  437/437/437 442/442/442 435/435/435
f  437/437/437 441/441/441 442/442/442
f  442/442/442 443/443/443 435/435/435
f  441/441/441 443/443/443 442/442/442
f  443/443/443 444/444/444 435/435/435
f  435/435/435 444/444/444 433/433/433
f  444/444/444 445/445/445 433/433/433
f  445/445/445 444/444/444 443/443/443
f  433/433/433 446/446/446 431/431/431
f  433/433/433 445/445/445 446/446/446
f  446/446/446 447/447/447 431/431/431
f  445/445/445 447/447/447 446/446/446
f  431/431/431 448/448/448 429/429/429
f  447/447/447 448/448/448 431/431/431
f  448/448/448 449/449/449 429/429/429
f  448/448/448 447/447/447 449/449/449
f  449/449/449 416/416/416 450/450/450
f  450/450/450 416/416/416 414/414/414
f  429/429/429 449/449/449 450/450/450
f  429/429/429 450/450/450 414/414/414
f  441/441/441 451/451/451 443/443/443
f  451/451/451 452/452/452 443/443/443
f  453/453/453 445/445/445 443/443/443
f  443/443/443 452/452/452 453/453/453
f  453/453/453 454/454/454 445/445/445
f  452/452/452 454/454/454 453/453/453
f  445/445/445 455/455/455 447/447/447
f  454/454/454 455/455/455 445/445/445
f  455/455/455 456/456/456 447/447/447
f  455/455/455 454/454/454 456/456/456
f  447/447/447 456/456/456 457/457/457
f  447/447/447 457/457/457 449/449/449
f  456/456/456 458/458/458 457/457/457
f  457/457/457 458/458/458 449/449/449
f  449/449/449 459/459/459 416/416/416
f  459/459/459 418/418/418 416/416/416
f  418/418/418 459/459/459 458/458/458
f  458/458/458 459/459/459 449/449/449
f  452/452/452 460/460/460 454/454/454
f  460/460/460 461/461/461 454/454/454
f  454/454/454 462/462/462 456/456/456
f  454/454/454 461/461/461 462/462/462
f  461/461/461 463/463/463 462/462/462
f  462/462/462 463/463/463 456/456/456
f  463/463/463 464/464/464 456/456/456
f  456/456/456 464/464/464 458/458/458
f  465/465/465 464/464/464 463/463/463
f  464/464/464 465/465/465 458/458/458
f  466/466/466 420/420/420 418/418/418
f  465/465/465 420/420/420 466/466/466
f  458/458/458 465/465/465 466/466/466
f  466/466/466 418/418/418 458/458/458
f  461/461/461 467/467/467 463/463/463
f  467/467/467 468/468/468 463/463/463
f  469/469/469 465/465/465 463/463/463
f  463/463/463 468/468/468 469/469/469
f  468/468/468 470/470/470 469/469/469
f  469/469/469 470/470/470 465/465/465
f  471/471/471 422/422/422 420/420/420
f  470/470/470 471/471/471 465/465/465
f  465/465/465 471/471/471 420/420/420
f  422/422/422 471/471/471 470/470/470
f  468/468/468 472/472/472 470/470/470
f  472/472/472 473/473/473 470/470/470
f  473/473/473 424/424/424 474/474/474
f  474/474/474 424/424/424 422/422/422
f  474/474/474 422/422/422 470/470/470
f  470/470/470 473/473/473 474/474/474
f  64/64/64 475/475/475 331/331/331
f  62/62/62 475/475/475 64/64/64
f  331/331/331 475/475/475 476/476/476
f  475/475/475 62/62/62 476/476/476
f  476/476/476 62/62/62 477/477/477
f  62/62/62 58/58/58 477/477/477
f  477/477/477 58/58/58 478/478/478
f  477/477/477 478/478/478 476/476/476
f  58/58/58 479/479/479 478/478/478
f  56/56/56 479/479/479 58/58/58
f  479/479/479 56/56/56 480/480/480
f  478/478/478 479/479/479 480/480/480
f  56/56/56 52/52/52 481/481/481
f  480/480/480 56/56/56 481/481/481
f  481/481/481 482/482/482 480/480/480
f  481/481/481 52/52/52 482/482/482
f  50/50/50 483/483/483 52/52/52
f  52/52/52 483/483/483 482/482/482
f  482/482/482 483/483/483 484/484/484
f  483/483/483 50/50/50 484/484/484
f  484/484/484 50/50/50 485/485/485
f  50/50/50 46/46/46 485/485/485
f  485/485/485 46/46/46 486/486/486
f  485/485/485 486/486/486 484/484/484
f  44/44/44 487/487/487 46/46/46
f  46/46/46 487/487/487 486/486/486
f  487/487/487 44/44/44 488/488/488
f  486/486/486 487/487/487 488/488/488
f  488/488/488 44/44/44 489/489/489
f  44/44/44 40/40/40 489/489/489
f  489/489/489 490/490/490 488/488/488
f  489/489/489 40/40/40 490/490/490
f  40/40/40 491/491/491 490/490/490
f  490/490/490 491/491/491 492/492/492
f  490/490/490 493/493/493 488/488/488
f  488/488/488 493/493/493 486/486/486
f  493/493/493 490/490/490 494/494/494
f  493/493/493 494/494/494 486/486/486
f  486/486/486 495/495/495 484/484/484
f  486/486/486 494/494/494 495/495/495
f  494/494/494 496/496/496 495/495/495
f  495/495/495 496/496/496 484/484/484
f  484/484/484 497/497/497 482/482/482
f  496/496/496 497/497/497 484/484/484
f  497/497/497 496/496/496 498/498/498
f  497/497/497 498/498/498 482/482/482
f  482/482/482 499/499/499 480/480/480
f  482/482/482 498/498/498 499/499/499
f  499/499/499 500/500/500 480/480/480
f  498/498/498 500/500/500 499/499/499
f  480/480/480 501/501/501 478/478/478
f  500/500/500 501/501/501 480/480/480
f  501/501/501 500/500/500 502/502/502
f  501/501/501 502/502/502 478/478/478
f  478/478/478 502/502/502 503/503/503
f  478/478/478 503/503/503 476/476/476
f  503/503/503 504/504/504 476/476/476
f  502/502/502 504/504/504 503/503/503
f  505/505/505 504/504/504 333/333/333
f  504/504/504 505/505/505 476/476/476
f  505/505/505 333/333/333 331/331/331
f  476/476/476 505/505/505 331/331/331
f  494/494/494 506/506/506 496/496/496
f  506/506/506 507/507/507 496/496/496
f  496/496/496 508/508/508 498/498/498
f  496/496/496 507/507/507 508/508/508
f  508/508/508 509/509/509 498/498/498
f  507/507/507 509/509/509 508/508/508
f  509/509/509 510/510/510 498/498/498
f  498/498/498 510/510/510 500/500/500
f  510/510/510 509/509/509 511/511/511
f  510/510/510 511/511/511 500/500/500
f  500/500/500 511/511/511 512/512/512
f  500/500/500 512/512/512 502/502/502
f  511/511/511 513/513/513 512/512/512
f  512/512/512 513/513/513 502/502/502
f  513/513/513 514/514/514 502/502/502
f  502/502/502 514/514/514 504/504/504
f  514/514/514 513/513/513 515/515/515
f  514/514/514 515/515/515 504/504/504
f  504/504/504 515/515/515 516/516/516
f  515/515/515 337/337/337 516/516/516
f  504/504/504 516/516/516 333/333/333
f  516/516/516 337/337/337 333/333/333
f  507/507/507 517/517/517 509/509/509
f  517/517/517 518/518/518 509/509/509
f  509/509/509 519/519/519 511/511/511
f  509/509/509 518/518/518 519/519/519
f  519/519/519 520/520/520 511/511/511
f  518/518/518 520/520/520 519/519/519
f  511/511/511 521/521/521 513/513/513
f  520/520/520 521/521/521 511/511/511
f  521/521/521 520/520/520 522/522/522
f  521/521/521 522/522/522 513/513/513
f  513/513/513 522/522/522 523/523/523
f  513/513/513 523/523/523 515/515/515
f  523/523/523 524/524/524 515/515/515
f  522/522/522 524/524/524 523/523/523
f  524/524/524 525/525/525 515/515/515
f  525/525/525 339/339/339 337/337/337
f  515/515/515 525/525/525 337/337/337
f  525/525/525 524/524/524 339/339/339
f  518/518/518 526/526/526 520/520/520
f  526/526/526 527/527/527 520/520/520
f  520/520/520 527/527/527 528/528/528
f  520/520/520 528/528/528 522/522/522
f  527/527/527 529/529/529 528/528/528
f  528/528/528 529/529/529 522/522/522
f  529/529/529 530/530/530 522/522/522
f  522/522/522 530/530/530 524/524/524
f  530/530/530 529/529/529 531/531/531
f  530/530/530 531/531/531 524/524/524
f  531/531/531 343/343/343 532/532/532
f  524/524/524 531/531/531 532/532/532
f  524/524/524 532/532/532 339/339/339
f  532/532/532 343/343/343 339/339/339
f  529/529/529 533/533/533 531/531/531
f  531/531/531 533/533/533 534/534/534
f  533/533/533 529/529/529 535/535/535
f  533/533/533 535/535/535 534/534/534
f  536/536/536 351/351/351 534/534/534
f  534/534/534 535/535/535 536/536/536
f  535/535/535 355/355/355 536/536/536
f  536/536/536 355/355/355 351/351/351
f  534/534/534 537/537/537 345/345/345
f  537/537/537 349/349/349 345/345/345
f  349/349/349 537/537/537 351/351/351
f  351/351/351 537/537/537 534/534/534
f  534/534/534 538/538/538 531/531/531
f  538/538/538 343/343/343 531/531/531
f  534/534/534 345/345/345 538/538/538
f  345/345/345 343/343/343 538/538/538
f  323/323/323 539/539/539 325/325/325
f  325/325/325 539/539/539 540/540/540
f  541/541/541 539/539/539 323/323/323
f  539/539/539 541/541/541 540/540/540
f  540/540/540 541/541/541 542/542/542
f  541/541/541 543/543/543 542/542/542
f  543/543/543 541/541/541 544/544/544
f  541/541/541 545/545/545 544/544/544
f  544/544/544 545/545/545 546/546/546
f  543/543/543 544/544/544 546/546/546
f  545/545/545 547/547/547 546/546/546
f  546/546/546 547/547/547 548/548/548
f  547/547/547 545/545/545 549/549/549
f  547/547/547 549/549/549 548/548/548
f  548/548/548 549/549/549 550/550/550
f  549/549/549 551/551/551 550/550/550
f  548/548/548 550/550/550 552/552/552
f  550/550/550 551/551/551 552/552/552
f  551/551/551 553/553/553 552/552/552
f  552/552/552 553/553/553 554/554/554
f  555/555/555 553/553/553 551/551/551
f  553/553/553 555/555/555 554/554/554
f  554/554/554 555/555/555 556/556/556
f  555/555/555 557/557/557 556/556/556
f  558/558/558 554/554/554 556/556/556
f  556/556/556 557/557/557 558/558/558
f  557/557/557 559/559/559 558/558/558
f  558/558/558 559/559/559 560/560/560
f  559/559/559 561/561/561 560/560/560
f  559/559/559 557/557/557 561/561/561
f  560/560/560 561/561/561 562/562/562
f  561/561/561 563/563/563 562/562/562
f  560/560/560 562/562/562 564/564/564
f  562/562/562 563/563/563 564/564/564
f  563/563/563 565/565/565 564/564/564
f  564/564/564 565/565/565 566/566/566
f  567/567/567 565/565/565 563/563/563
f  565/565/565 567/567/567 566/566/566
f  566/566/566 567/567/567 568/568/568
f  567/567/567 569/569/569 568/568/568
f  568/568/568 570/570/570 566/566/566
f  568/568/568 569/569/569 570/570/570
f  569/569/569 571/571/571 570/570/570
f  570/570/570 571/571/571 572/572/572
f  571/571/571 573/573/573 572/572/572
f  571/571/571 569/569/569 573/573/573
f  572/572/572 573/573/573 574/574/574
f  573/573/573 575/575/575 574/574/574
f  574/574/574 575/575/575 576/576/576
f  575/575/575 573/573/573 577/577/577
f  575/575/575 577/577/577 576/576/576
f  576/576/576 577/577/577 578/578/578
f  577/577/577 579/579/579 578/578/578
f  578/578/578 580/580/580 576/576/576
f  578/578/578 579/579/579 580/580/580
f  579/579/579 581/581/581 580/580/580
f  580/580/580 581/581/581 582/582/582
f  581/581/581 583/583/583 582/582/582
f  583/583/583 581/581/581 579/579/579
f  582/582/582 583/583/583 584/584/584
f  583/583/583 585/585/585 584/584/584
f  584/584/584 585/585/585 586/586/586
f  584/584/584 586/586/586 582/582/582
f  585/585/585 587/587/587 586/586/586
f  586/586/586 587/587/587 588/588/588
f  587/587/587 589/589/589 588/588/588
f  589/589/589 587/587/587 585/585/585
f  588/588/588 589/589/589 590/590/590
f  589/589/589 591/591/591 590/590/590
f  592/592/592 588/588/588 590/590/590
f  590/590/590 591/591/591 592/592/592
f  591/591/591 593/593/593 592/592/592
f  592/592/592 593/593/593 594/594/594
f  595/595/595 593/593/593 591/591/591
f  593/593/593 595/595/595 594/594/594
f  594/594/594 595/595/595 596/596/596
f  595/595/595 597/597/597 596/596/596
f  598/598/598 594/594/594 596/596/596
f  596/596/596 597/597/597 598/598/598
f  597/597/597 599/599/599 598/598/598
f  598/598/598 599/599/599 600/600/600
f  601/601/601 599/599/599 597/597/597
f  599/599/599 601/601/601 600/600/600
f  600/600/600 601/601/601 602/602/602
f  601/601/601 603/603/603 602/602/602
f  602/602/602 604/604/604 600/600/600
f  216/216/216 215/215/215 604/604/604
f  215/215/215 183/183/183 604/604/604
f  602/602/602 603/603/603 604/604/604
f  604/604/604 605/605/605 216/216/216
f  603/603/603 605/605/605 604/604/604
f  216/216/216 606/606/606 244/244/244
f  606/606/606 245/245/245 244/244/244
f  605/605/605 606/606/606 216/216/216
f  606/606/606 605/605/605 603/603/603
f  569/569/569 607/607/607 573/573/573
f  573/573/573 607/607/607 577/577/577
f  607/607/607 569/569/569 608/608/608
f  577/577/577 607/607/607 608/608/608
f  569/569/569 567/567/567 609/609/609
f  608/608/608 569/569/569 609/609/609
f  609/609/609 567/567/567 610/610/610
f  608/608/608 609/609/609 610/610/610
f  567/567/567 611/611/611 610/610/610
f  611/611/611 567/567/567 563/563/563
f  611/611/611 563/563/563 612/612/612
f  610/610/610 611/611/611 612/612/612
f  563/563/563 561/561/561 613/613/613
f  612/612/612 563/563/563 613/613/613
f  613/613/613 561/561/561 614/614/614
f  613/613/613 614/614/614 612/612/612
f  557/557/557 615/615/615 561/561/561
f  561/561/561 615/615/615 614/614/614
f  614/614/614 615/615/615 616/616/616
f  615/615/615 557/557/557 616/616/616
f  557/557/557 555/555/555 617/617/617
f  616/616/616 557/557/557 617/617/617
f  617/617/617 555/555/555 618/618/618
f  616/616/616 617/617/617 618/618/618
f  555/555/555 619/619/619 618/618/618
f  619/619/619 555/555/555 551/551/551
f  619/619/619 551/551/551 620/620/620
f  618/618/618 619/619/619 620/620/620
f  551/551/551 549/549/549 621/621/621
f  620/620/620 551/551/551 621/621/621
f  320/320/320 308/308/308 622/622/622
f  621/621/621 549/549/549 622/622/622
f  620/620/620 621/621/621 622/622/622
f  321/321/321 320/320/320 622/622/622
f  549/549/549 623/623/623 622/622/622
f  623/623/623 545/545/545 321/321/321
f  622/622/622 623/623/623 321/321/321
f  545/545/545 623/623/623 549/549/549
f  321/321/321 545/545/545 624/624/624
f  624/624/624 541/541/541 323/323/323
f  323/323/323 321/321/321 624/624/624
f  545/545/545 541/541/541 624/624/624
f  622/622/622 308/308/308 625/625/625
f  625/625/625 620/620/620 622/622/622
f  308/308/308 626/626/626 625/625/625
f  308/308/308 307/307/307 626/626/626
f  625/625/625 626/626/626 620/620/620
f  307/307/307 291/291/291 626/626/626
f  626/626/626 627/627/627 620/620/620
f  620/620/620 627/627/627 618/618/618
f  627/627/627 628/628/628 618/618/618
f  628/628/628 627/627/627 626/626/626
f  629/629/629 616/616/616 618/618/618
f  618/618/618 628/628/628 629/629/629
f  628/628/628 630/630/630 629/629/629
f  629/629/629 630/630/630 616/616/616
f  630/630/630 631/631/631 616/616/616
f  616/616/616 631/631/631 614/614/614
f  632/632/632 631/631/631 630/630/630
f  631/631/631 632/632/632 614/614/614
f  614/614/614 632/632/632 633/633/633
f  614/614/614 633/633/633 612/612/612
f  633/633/633 634/634/634 612/612/612
f  632/632/632 634/634/634 633/633/633
f  612/612/612 635/635/635 610/610/610
f  634/634/634 635/635/635 612/612/612
f  635/635/635 634/634/634 636/636/636
f  635/635/635 636/636/636 610/610/610
f  637/637/637 608/608/608 610/610/610
f  610/610/610 636/636/636 637/637/637
f  636/636/636 638/638/638 637/637/637
f  637/637/637 638/638/638 608/608/608
f  579/579/579 639/639/639 638/638/638
f  608/608/608 639/639/639 577/577/577
f  638/638/638 639/639/639 608/608/608
f  639/639/639 579/579/579 577/577/577
f  640/640/640 628/628/628 626/626/626
f  626/626/626 291/291/291 640/640/640
f  291/291/291 290/290/290 641/641/641
f  290/290/290 270/270/270 641/641/641
f  291/291/291 641/641/641 640/640/640
f  640/640/640 641/641/641 628/628/628
f  628/628/628 642/642/642 630/630/630
f  641/641/641 642/642/642 628/628/628
f  642/642/642 641/641/641 643/643/643
f  642/642/642 643/643/643 630/630/630
f  644/644/644 632/632/632 630/630/630
f  630/630/630 643/643/643 644/644/644
f  643/643/643 645/645/645 644/644/644
f  644/644/644 645/645/645 632/632/632
f  645/645/645 646/646/646 632/632/632
f  632/632/632 646/646/646 634/634/634
f  646/646/646 647/647/647 634/634/634
f  647/647/647 646/646/646 645/645/645
f  634/634/634 647/647/647 648/648/648
f  634/634/634 648/648/648 636/636/636
f  648/648/648 649/649/649 636/636/636
f  647/647/647 649/649/649 648/648/648
f  636/636/636 650/650/650 638/638/638
f  649/649/649 650/650/650 636/636/636
f  650/650/650 651/651/651 638/638/638
f  650/650/650 649/649/649 651/651/651
f  651/651/651 583/583/583 652/652/652
f  652/652/652 583/583/583 579/579/579
f  652/652/652 579/579/579 638/638/638
f  638/638/638 651/651/651 652/652/652
f  641/641/641 270/270/270 653/653/653
f  641/641/641 653/653/653 643/643/643
f  270/270/270 654/654/654 653/653/653
f  270/270/270 269/269/269 654/654/654
f  269/269/269 245/245/245 654/654/654
f  653/653/653 654/654/654 643/643/643
f  643/643/643 655/655/655 645/645/645
f  654/654/654 655/655/655 643/643/643
f  655/655/655 654/654/654 656/656/656
f  655/655/655 656/656/656 645/645/645
f  645/645/645 656/656/656 657/657/657
f  657/657/657 647/647/647 645/645/645
f  656/656/656 658/658/658 657/657/657
f  657/657/657 658/658/658 647/647/647
f  658/658/658 659/659/659 647/647/647
f  647/647/647 659/659/659 649/649/649
f  660/660/660 659/659/659 658/658/658
f  659/659/659 660/660/660 649/649/649
f  649/649/649 661/661/661 651/651/651
f  649/649/649 660/660/660 661/661/661
f  661/661/661 662/662/662 651/651/651
f  660/660/660 662/662/662 661/661/661
f  663/663/663 585/585/585 583/583/583
f  585/585/585 663/663/663 662/662/662
f  651/651/651 663/663/663 583/583/583
f  662/662/662 663/663/663 651/651/651
f  664/664/664 606/606/606 656/656/656
f  654/654/654 664/664/664 656/656/656
f  245/245/245 606/606/606 664/664/664
f  654/654/654 245/245/245 664/664/664
f  606/606/606 665/665/665 656/656/656
f  665/665/665 603/603/603 658/658/658
f  665/665/665 606/606/606 603/603/603
f  656/656/656 665/665/665 658/658/658
f  603/603/603 601/601/601 666/666/666
f  666/666/666 601/601/601 660/660/660
f  666/666/666 660/660/660 658/658/658
f  658/658/658 603/603/603 666/666/666
f  667/667/667 597/597/597 662/662/662
f  667/667/667 601/601/601 597/597/597
f  601/601/601 667/667/667 660/660/660
f  660/660/660 667/667/667 662/662/662
f  662/662/662 597/597/597 668/668/668
f  668/668/668 595/595/595 585/585/585
f  597/597/597 595/595/595 668/668/668
f  668/668/668 585/585/585 662/662/662
f  669/669/669 591/591/591 589/589/589
f  669/669/669 595/595/595 591/591/591
f  585/585/585 669/669/669 589/589/589
f  595/595/595 669/669/669 585/585/585
f  604/604/604 183/183/183 670/670/670
f  604/604/604 670/670/670 600/600/600
f  600/600/600 670/670/670 671/671/671
f  146/146/146 671/671/671 182/182/182
f  671/671/671 183/183/183 182/182/182
f  670/670/670 183/183/183 671/671/671
f  600/600/600 671/671/671 672/672/672
f  598/598/598 600/600/600 672/672/672
f  671/671/671 673/673/673 672/672/672
f  672/672/672 673/673/673 598/598/598
f  673/673/673 674/674/674 598/598/598
f  598/598/598 674/674/674 594/594/594
f  674/674/674 675/675/675 594/594/594
f  675/675/675 674/674/674 673/673/673
f  592/592/592 594/594/594 676/676/676
f  594/594/594 675/675/675 676/676/676
f  676/676/676 677/677/677 592/592/592
f  675/675/675 677/677/677 676/676/676
f  677/677/677 678/678/678 592/592/592
f  592/592/592 678/678/678 588/588/588
f  678/678/678 679/679/679 588/588/588
f  678/678/678 677/677/677 679/679/679
f  588/588/588 679/679/679 680/680/680
f  680/680/680 681/681/681 588/588/588
f  588/588/588 682/682/682 586/586/586
f  681/681/681 682/682/682 588/588/588
f  682/682/682 683/683/683 586/586/586
f  683/683/683 682/682/682 681/681/681
f  586/586/586 683/683/683 684/684/684
f  586/586/586 684/684/684 582/582/582
f  684/684/684 685/685/685 582/582/582
f  683/683/683 685/685/685 684/684/684
f  582/582/582 686/686/686 580/580/580
f  685/685/685 686/686/686 582/582/582
f  687/687/687 686/686/686 685/685/685
f  686/686/686 687/687/687 580/580/580
f  580/580/580 688/688/688 576/576/576
f  580/580/580 687/687/687 688/688/688
f  687/687/687 689/689/689 688/688/688
f  688/688/688 689/689/689 576/576/576
f  689/689/689 574/574/574 576/576/576
f  689/689/689 687/687/687 690/690/690
f  687/687/687 691/691/691 690/690/690
f  691/691/691 687/687/687 685/685/685
f  691/691/691 685/685/685 692/692/692
f  690/690/690 691/691/691 692/692/692
f  692/692/692 685/685/685 693/693/693
f  685/685/685 683/683/683 693/693/693
f  693/693/693 694/694/694 692/692/692
f  693/693/693 683/683/683 694/694/694
f  695/695/695 683/683/683 681/681/681
f  683/683/683 695/695/695 694/694/694
f  677/677/677 696/696/696 679/679/679
f  696/696/696 677/677/677 697/697/697
f  677/677/677 698/698/698 697/697/697
f  675/675/675 698/698/698 677/677/677
f  697/697/697 698/698/698 699/699/699
f  698/698/698 675/675/675 699/699/699
f  675/675/675 673/673/673 700/700/700
f  699/699/699 675/675/675 700/700/700
f  145/145/145 105/105/105 701/701/701
f  699/699/699 700/700/700 701/701/701
f  700/700/700 673/673/673 701/701/701
f  146/146/146 145/145/145 701/701/701
f  673/673/673 702/702/702 701/701/701
f  702/702/702 671/671/671 146/146/146
f  701/701/701 702/702/702 146/146/146
f  671/671/671 702/702/702 673/673/673
f  703/703/703 699/699/699 701/701/701
f  701/701/701 105/105/105 703/703/703
f  104/104/104 103/103/103 704/704/704
f  105/105/105 704/704/704 703/703/703
f  703/703/703 704/704/704 699/699/699
f  105/105/105 104/104/104 704/704/704
f  704/704/704 705/705/705 699/699/699
f  699/699/699 705/705/705 697/697/697
f  694/694/694 706/706/706 692/692/692
f  692/692/692 706/706/706 707/707/707
f  707/707/707 690/690/690 692/692/692
f  570/570/570 708/708/708 566/566/566
f  566/566/566 708/708/708 709/709/709
f  572/572/572 710/710/710 570/570/570
f  708/708/708 710/710/710 709/709/709
f  710/710/710 708/708/708 570/570/570
f  709/709/709 710/710/710 711/711/711
f  566/566/566 709/709/709 712/712/712
f  566/566/566 712/712/712 564/564/564
f  709/709/709 713/713/713 712/712/712
f  712/712/712 713/713/713 564/564/564
f  564/564/564 714/714/714 560/560/560
f  713/713/713 714/714/714 564/564/564
f  713/713/713 715/715/715 714/714/714
f  714/714/714 715/715/715 560/560/560
f  560/560/560 716/716/716 558/558/558
f  560/560/560 715/715/715 716/716/716
f  716/716/716 717/717/717 558/558/558
f  715/715/715 717/717/717 716/716/716
f  717/717/717 718/718/718 558/558/558
f  558/558/558 718/718/718 719/719/719
f  718/718/718 720/720/720 719/719/719
f  717/717/717 720/720/720 718/718/718
f  719/719/719 720/720/720 721/721/721
f  720/720/720 722/722/722 721/721/721
f  721/721/721 723/723/723 719/719/719
f  721/721/721 722/722/722 723/723/723
f  722/722/722 724/724/724 723/723/723
f  724/724/724 722/722/722 552/552/552
f  723/723/723 724/724/724 554/554/554
f  724/724/724 552/552/552 554/554/554
f  552/552/552 725/725/725 548/548/548
f  722/722/722 725/725/725 552/552/552
f  725/725/725 726/726/726 548/548/548
f  725/725/725 722/722/722 726/726/726
f  548/548/548 727/727/727 546/546/546
f  548/548/548 726/726/726 727/727/727
f  726/726/726 728/728/728 727/727/727
f  727/727/727 728/728/728 546/546/546
f  728/728/728 729/729/729 546/546/546
f  546/546/546 729/729/729 543/543/543
f  722/722/722 730/730/730 726/726/726
f  722/722/722 720/720/720 730/730/730
f  726/726/726 730/730/730 731/731/731
f  730/730/730 720/720/720 731/731/731
f  731/731/731 720/720/720 732/732/732
f  720/720/720 733/733/733 732/732/732
f  733/733/733 720/720/720 734/734/734
f  720/720/720 717/717/717 734/734/734
f  734/734/734 717/717/717 735/735/735
f  733/733/733 734/734/734 735/735/735
f  717/717/717 715/715/715 736/736/736
f  717/717/717 736/736/736 735/735/735
f  735/735/735 736/736/736 737/737/737
f  736/736/736 715/715/715 737/737/737
f  737/737/737 715/715/715 738/738/738
f  715/715/715 713/713/713 738/738/738
f  737/737/737 738/738/738 739/739/739
f  738/738/738 713/713/713 739/739/739
f  713/713/713 709/709/709 740/740/740
f  713/713/713 740/740/740 739/739/739
f  739/739/739 740/740/740 711/711/711
f  740/740/740 709/709/709 711/711/711
f  711/711/711 741/741/741 739/739/739
f  739/739/739 742/742/742 737/737/737
f  741/741/741 742/742/742 739/739/739
f  742/742/742 741/741/741 743/743/743
f  742/742/742 743/743/743 737/737/737
f  737/737/737 744/744/744 735/735/735
f  737/737/737 743/743/743 744/744/744
f  744/744/744 745/745/745 735/735/735
f  743/743/743 745/745/745 744/744/744
f  735/735/735 746/746/746 733/733/733
f  745/745/745 746/746/746 735/735/735
f  741/741/741 747/747/747 743/743/743
f  745/745/745 743/743/743 748/748/748
f  743/743/743 747/747/747 748/748/748
f  749/749/749 554/554/554 558/558/558
f  554/554/554 749/749/749 723/723/723
f  719/719/719 749/749/749 558/558/558
f  723/723/723 749/749/749 719/719/719
f  325/325/325 540/540/540 750/750/750
f  327/327/327 325/325/325 750/750/750
f  490/490/490 751/751/751 494/494/494
f  490/490/490 492/492/492 751/751/751
f  751/751/751 492/492/492 752/752/752
f  494/494/494 751/751/751 752/752/752
f  506/506/506 494/494/494 752/752/752
f  507/507/507 506/506/506 752/752/752
f  752/752/752 492/492/492 753/753/753
f  753/753/753 754/754/754 752/752/752
f  752/752/752 755/755/755 507/507/507
f  754/754/754 755/755/755 752/752/752
f  507/507/507 756/756/756 517/517/517
f  756/756/756 755/755/755 754/754/754
f  755/755/755 756/756/756 507/507/507
f  756/756/756 518/518/518 517/517/517
f  757/757/757 728/728/728 726/726/726
f  731/731/731 757/757/757 726/726/726
f  758/758/758 759/759/759 760/760/760
f  759/759/759 761/761/761 760/760/760
f  760/760/760 761/761/761 762/762/762
f  761/761/761 763/763/763 762/762/762
f  762/762/762 763/763/763 764/764/764
f  763/763/763 765/765/765 764/764/764
f  764/764/764 765/765/765 766/766/766
f  765/765/765 767/767/767 766/766/766
f  766/766/766 767/767/767 768/768/768
f  767/767/767 769/769/769 768/768/768
f  768/768/768 769/769/769 770/770/770
f  769/769/769 771/771/771 770/770/770
f  770/770/770 771/771/771 772/772/772
f  771/771/771 773/773/773 772/772/772
f  772/772/772 773/773/773 774/774/774
f  773/773/773 775/775/775 774/774/774
f  774/774/774 775/775/775 776/776/776
f  775/775/775 777/777/777 776/776/776
f  776/776/776 777/777/777 778/778/778
f  777/777/777 779/779/779 778/778/778
f  778/778/778 779/779/779 780/780/780
f  779/779/779 781/781/781 780/780/780
f  780/780/780 781/781/781 782/782/782
f  781/781/781 783/783/783 782/782/782
f  759/759/759 784/784/784 761/761/761
f  784/784/784 785/785/785 761/761/761
f  761/761/761 785/785/785 763/763/763
f  763/763/763 786/786/786 765/765/765
f  785/785/785 786/786/786 763/763/763
f  786/786/786 787/787/787 765/765/765
f  765/765/765 787/787/787 767/767/767
f  767/767/767 788/788/788 769/769/769
f  787/787/787 788/788/788 767/767/767
f  769/769/769 789/789/789 771/771/771
f  788/788/788 789/789/789 769/769/769
f  789/789/789 790/790/790 771/771/771
f  771/771/771 790/790/790 773/773/773
f  790/790/790 791/791/791 773/773/773
f  773/773/773 791/791/791 775/775/775
f  791/791/791 792/792/792 775/775/775
f  775/775/775 792/792/792 777/777/777
f  777/777/777 793/793/793 779/779/779
f  792/792/792 793/793/793 777/777/777
f  793/793/793 794/794/794 779/779/779
f  779/779/779 794/794/794 781/781/781
f  781/781/781 795/795/795 783/783/783
f  794/794/794 795/795/795 781/781/781
f  795/795/795 796/796/796 783/783/783
f  784/784/784 797/797/797 785/785/785
f  797/797/797 798/798/798 785/785/785
f  785/785/785 798/798/798 786/786/786
f  798/798/798 799/799/799 786/786/786
f  786/786/786 799/799/799 787/787/787
f  799/799/799 800/800/800 787/787/787
f  787/787/787 800/800/800 788/788/788
f  800/800/800 801/801/801 788/788/788
f  788/788/788 801/801/801 789/789/789
f  801/801/801 802/802/802 789/789/789
f  789/789/789 802/802/802 790/790/790
f  790/790/790 803/803/803 791/791/791
f  802/802/802 803/803/803 790/790/790
f  803/803/803 804/804/804 791/791/791
f  791/791/791 804/804/804 792/792/792
f  804/804/804 805/805/805 792/792/792
f  792/792/792 805/805/805 793/793/793
f  805/805/805 806/806/806 793/793/793
f  793/793/793 806/806/806 794/794/794
f  806/806/806 807/807/807 794/794/794
f  794/794/794 807/807/807 795/795/795
f  795/795/795 808/808/808 796/796/796
f  807/807/807 808/808/808 795/795/795
f  808/808/808 809/809/809 796/796/796
f  797/797/797 810/810/810 798/798/798
f  810/810/810 811/811/811 798/798/798
f  798/798/798 811/811/811 799/799/799
f  811/811/811 812/812/812 799/799/799
f  799/799/799 812/812/812 800/800/800
f  812/812/812 813/813/813 800/800/800
f  800/800/800 813/813/813 801/801/801
f  801/801/801 814/814/814 802/802/802
f  813/813/813 814/814/814 801/801/801
f  814/814/814 815/815/815 802/802/802
f  802/802/802 815/815/815 803/803/803
f  815/815/815 816/816/816 803/803/803
f  803/803/803 816/816/816 804/804/804
f  816/816/816 817/817/817 804/804/804
f  804/804/804 817/817/817 805/805/805
f  817/817/817 818/818/818 805/805/805
f  805/805/805 818/818/818 806/806/806
f  818/818/818 819/819/819 806/806/806
f  806/806/806 819/819/819 807/807/807
f  807/807/807 820/820/820 808/808/808
f  819/819/819 820/820/820 807/807/807
f  820/820/820 821/821/821 808/808/808
f  808/808/808 821/821/821 809/809/809
f  821/821/821 822/822/822 809/809/809
f  810/810/810 823/823/823 811/811/811
f  823/823/823 824/824/824 811/811/811
f  811/811/811 824/824/824 812/812/812
f  812/812/812 825/825/825 813/813/813
f  824/824/824 825/825/825 812/812/812
f  813/813/813 826/826/826 814/814/814
f  825/825/825 826/826/826 813/813/813
f  826/826/826 827/827/827 814/814/814
f  814/814/814 827/827/827 815/815/815
f  827/827/827 828/828/828 815/815/815
f  815/815/815 828/828/828 816/816/816
f  816/816/816 829/829/829 817/817/817
f  828/828/828 829/829/829 816/816/816
f  829/829/829 830/830/830 817/817/817
f  817/817/817 830/830/830 818/818/818
f  830/830/830 831/831/831 818/818/818
f  818/818/818 831/831/831 819/819/819
f  819/819/819 832/832/832 820/820/820
f  831/831/831 832/832/832 819/819/819
f  820/820/820 833/833/833 821/821/821
f  832/832/832 833/833/833 820/820/820
f  821/821/821 834/834/834 822/822/822
f  833/833/833 834/834/834 821/821/821
f  834/834/834 835/835/835 822/822/822
f  823/823/823 836/836/836 824/824/824
f  824/824/824 837/837/837 825/825/825
f  836/836/836 837/837/837 824/824/824
f  825/825/825 838/838/838 826/826/826
f  837/837/837 838/838/838 825/825/825
f  838/838/838 839/839/839 826/826/826
f  826/826/826 839/839/839 827/827/827
f  827/827/827 840/840/840 828/828/828
f  839/839/839 840/840/840 827/827/827
f  828/828/828 841/841/841 829/829/829
f  840/840/840 841/841/841 828/828/828
f  829/829/829 842/842/842 830/830/830
f  841/841/841 842/842/842 829/829/829
f  830/830/830 843/843/843 831/831/831
f  842/842/842 843/843/843 830/830/830
f  843/843/843 844/844/844 831/831/831
f  831/831/831 844/844/844 832/832/832
f  844/844/844 845/845/845 832/832/832
f  832/832/832 845/845/845 833/833/833
f  845/845/845 846/846/846 833/833/833
f  833/833/833 846/846/846 834/834/834
f  846/846/846 847/847/847 834/834/834
f  834/834/834 847/847/847 835/835/835
f  847/847/847 848/848/848 835/835/835
f  836/836/836 849/849/849 837/837/837
f  837/837/837 850/850/850 838/838/838
f  849/849/849 850/850/850 837/837/837
f  850/850/850 851/851/851 838/838/838
f  838/838/838 851/851/851 839/839/839
f  839/839/839 852/852/852 840/840/840
f  851/851/851 852/852/852 839/839/839
f  840/840/840 853/853/853 841/841/841
f  852/852/852 853/853/853 840/840/840
f  841/841/841 854/854/854 842/842/842
f  853/853/853 854/854/854 841/841/841
f  854/854/854 855/855/855 842/842/842
f  842/842/842 855/855/855 843/843/843
f  855/855/855 856/856/856 843/843/843
f  843/843/843 856/856/856 844/844/844
f  856/856/856 857/857/857 844/844/844
f  844/844/844 857/857/857 845/845/845
f  857/857/857 858/858/858 845/845/845
f  845/845/845 858/858/858 846/846/846
f  846/846/846 859/859/859 847/847/847
f  858/858/858 859/859/859 846/846/846
f  847/847/847 860/860/860 848/848/848
f  859/859/859 860/860/860 847/847/847
f  860/860/860 861/861/861 848/848/848
f  849/849/849 862/862/862 850/850/850
f  850/850/850 863/863/863 851/851/851
f  862/862/862 863/863/863 850/850/850
f  851/851/851 864/864/864 852/852/852
f  863/863/863 864/864/864 851/851/851
f  852/852/852 865/865/865 853/853/853
f  864/864/864 865/865/865 852/852/852
f  865/865/865 866/866/866 853/853/853
f  853/853/853 866/866/866 854/854/854
f  854/854/854 867/867/867 855/855/855
f  866/866/866 867/867/867 854/854/854
f  855/855/855 868/868/868 856/856/856
f  867/867/867 868/868/868 855/855/855
f  868/868/868 869/869/869 856/856/856
f  856/856/856 869/869/869 857/857/857
f  857/857/857 870/870/870 858/858/858
f  869/869/869 870/870/870 857/857/857
f  858/858/858 871/871/871 859/859/859
f  870/870/870 871/871/871 858/858/858
f  871/871/871 872/872/872 859/859/859
f  859/859/859 872/872/872 860/860/860
f  860/860/860 873/873/873 861/861/861
f  872/872/872 873/873/873 860/860/860
f  873/873/873 874/874/874 861/861/861
f  862/862/862 875/875/875 863/863/863
f  863/863/863 876/876/876 864/864/864
f  875/875/875 876/876/876 863/863/863
f  864/864/864 877/877/877 865/865/865
f  876/876/876 877/877/877 864/864/864
f  877/877/877 878/878/878 865/865/865
f  865/865/865 878/878/878 866/866/866
f  866/866/866 879/879/879 867/867/867
f  878/878/878 879/879/879 866/866/866
f  867/867/867 880/880/880 868/868/868
f  879/879/879 880/880/880 867/867/867
f  868/868/868 881/881/881 869/869/869
f  880/880/880 881/881/881 868/868/868
f  869/869/869 882/882/882 870/870/870
f  881/881/881 882/882/882 869/869/869
f  882/882/882 883/883/883 870/870/870
f  870/870/870 883/883/883 871/871/871
f  871/871/871 884/884/884 872/872/872
f  883/883/883 884/884/884 871/871/871
f  872/872/872 885/885/885 873/873/873
f  884/884/884 885/885/885 872/872/872
f  873/873/873 886/886/886 874/874/874
f  885/885/885 886/886/886 873/873/873
f  886/886/886 887/887/887 874/874/874
f  875/875/875 888/888/888 876/876/876
f  888/888/888 889/889/889 876/876/876
f  876/876/876 889/889/889 877/877/877
f  877/877/877 890/890/890 878/878/878
f  889/889/889 890/890/890 877/877/877
f  878/878/878 891/891/891 879/879/879
f  890/890/890 891/891/891 878/878/878
f  891/891/891 892/892/892 879/879/879
f  879/879/879 892/892/892 880/880/880
f  892/892/892 893/893/893 880/880/880
f  880/880/880 893/893/893 881/881/881
f  881/881/881 894/894/894 882/882/882
f  893/893/893 894/894/894 881/881/881
f  894/894/894 895/895/895 882/882/882
f  882/882/882 895/895/895 883/883/883
f  895/895/895 896/896/896 883/883/883
f  883/883/883 896/896/896 884/884/884
f  896/896/896 897/897/897 884/884/884
f  884/884/884 897/897/897 885/885/885
f  885/885/885 898/898/898 886/886/886
f  897/897/897 898/898/898 885/885/885
f  886/886/886 899/899/899 887/887/887
f  898/898/898 899/899/899 886/886/886
f  899/899/899 900/900/900 887/887/887
f  888/888/888 901/901/901 889/889/889
f  901/901/901 902/902/902 889/889/889
f  889/889/889 902/902/902 890/890/890
f  902/902/902 903/903/903 890/890/890
f  890/890/890 903/903/903 891/891/891
f  891/891/891 904/904/904 892/892/892
f  903/903/903 904/904/904 891/891/891
f  892/892/892 905/905/905 893/893/893
f  904/904/904 905/905/905 892/892/892
f  905/905/905 906/906/906 893/893/893
f  893/893/893 906/906/906 894/894/894
f  906/906/906 907/907/907 894/894/894
f  894/894/894 907/907/907 895/895/895
f  907/907/907 908/908/908 895/895/895
f  895/895/895 908/908/908 896/896/896
f  896/896/896 909/909/909 897/897/897
f  908/908/908 909/909/909 896/896/896
f  897/897/897 910/910/910 898/898/898
f  909/909/909 910/910/910 897/897/897
f  898/898/898 911/911/911 899/899/899
f  910/910/910 911/911/911 898/898/898
f  911/911/911 912/912/912 899/899/899
f  899/899/899 912/912/912 900/900/900
f  912/912/912 913/913/913 900/900/900
f  901/901/901 914/914/914 902/902/902
f  914/914/914 915/915/915 902/902/902
f  902/902/902 915/915/915 903/903/903
f  903/903/903 916/916/916 904/904/904
f  915/915/915 916/916/916 903/903/903
f  904/904/904 917/917/917 905/905/905
f  916/916/916 917/917/917 904/904/904
f  917/917/917 918/918/918 905/905/905
f  905/905/905 918/918/918 906/906/906
f  918/918/918 919/919/919 906/906/906
f  906/906/906 919/919/919 907/907/907
f  919/919/919 920/920/920 907/907/907
f  907/907/907 920/920/920 908/908/908
f  908/908/908 921/921/921 909/909/909
f  920/920/920 921/921/921 908/908/908
f  909/909/909 922/922/922 910/910/910
f  921/921/921 922/922/922 909/909/909
f  922/922/922 923/923/923 910/910/910
f  910/910/910 923/923/923 911/911/911
f  923/923/923 924/924/924 911/911/911
f  911/911/911 924/924/924 912/912/912
f  924/924/924 925/925/925 912/912/912
f  912/912/912 925/925/925 913/913/913
f  925/925/925 926/926/926 913/913/913
f  914/914/914 927/927/927 915/915/915
f  927/927/927 928/928/928 915/915/915
f  915/915/915 928/928/928 916/916/916
f  928/928/928 929/929/929 916/916/916
f  916/916/916 929/929/929 917/917/917
f  929/929/929 930/930/930 917/917/917
f  917/917/917 930/930/930 918/918/918
f  930/930/930 931/931/931 918/918/918
f  918/918/918 931/931/931 919/919/919
f  931/931/931 932/932/932 919/919/919
f  919/919/919 932/932/932 920/920/920
f  920/920/920 933/933/933 921/921/921
f  932/932/932 933/933/933 920/920/920
f  921/921/921 934/934/934 922/922/922
f  933/933/933 934/934/934 921/921/921
f  934/934/934 935/935/935 922/922/922
f  922/922/922 935/935/935 923/923/923
f  935/935/935 936/936/936 923/923/923
f  923/923/923 936/936/936 924/924/924
f  936/936/936 937/937/937 924/924/924
f  924/924/924 937/937/937 925/925/925
f  925/925/925 938/938/938 926/926/926
f  937/937/937 938/938/938 925/925/925
f  938/938/938 939/939/939 926/926/926
f  927/927/927 940/940/940 928/928/928
f  940/940/940 941/941/941 928/928/928
f  928/928/928 941/941/941 929/929/929
f  941/941/941 942/942/942 929/929/929
f  929/929/929 942/942/942 930/930/930
f  942/942/942 943/943/943 930/930/930
f  930/930/930 943/943/943 931/931/931
f  931/931/931 944/944/944 932/932/932
f  943/943/943 944/944/944 931/931/931
f  932/932/932 945/945/945 933/933/933
f  944/944/944 945/945/945 932/932/932
f  933/933/933 946/946/946 934/934/934
f  945/945/945 946/946/946 933/933/933
f  946/946/946 947/947/947 934/934/934
f  934/934/934 947/947/947 935/935/935
f  947/947/947 948/948/948 935/935/935
f  935/935/935 948/948/948 936/936/936
f  948/948/948 949/949/949 936/936/936
f  936/936/936 949/949/949 937/937/937
f  949/949/949 950/950/950 937/937/937
f  937/937/937 950/950/950 938/938/938
f  950/950/950 951/951/951 938/938/938
f  938/938/938 951/951/951 939/939/939
f  951/951/951 952/952/952 939/939/939
f  940/940/940 953/953/953 941/941/941
f  953/953/953 954/954/954 941/941/941
f  941/941/941 954/954/954 942/942/942
f  954/954/954 955/955/955 942/942/942
f  942/942/942 955/955/955 943/943/943
f  943/943/943 956/956/956 944/944/944
f  955/955/955 956/956/956 943/943/943
f  944/944/944 957/957/957 945/945/945
f  956/956/956 957/957/957 944/944/944
f  957/957/957 958/958/958 945/945/945
f  945/945/945 958/958/958 946/946/946
f  946/946/946 959/959/959 947/947/947
f  958/958/958 959/959/959 946/946/946
f  947/947/947 960/960/960 948/948/948
f  959/959/959 960/960/960 947/947/947
f  948/948/948 961/961/961 949/949/949
f  960/960/960 961/961/961 948/948/948
f  949/949/949 962/962/962 950/950/950
f  961/961/961 962/962/962 949/949/949
f  950/950/950 963/963/963 951/951/951
f  962/962/962 963/963/963 950/950/950
f  963/963/963 964/964/964 951/951/951
f  951/951/951 964/964/964 952/952/952
f  964/964/964 965/965/965 952/952/952
f  953/953/953 966/966/966 954/954/954
f  954/954/954 967/967/967 955/955/955
f  966/966/966 967/967/967 954/954/954
f  955/955/955 968/968/968 956/956/956
f  967/967/967 968/968/968 955/955/955
f  968/968/968 969/969/969 956/956/956
f  956/956/956 969/969/969 957/957/957
f  957/957/957 970/970/970 958/958/958
f  969/969/969 970/970/970 957/957/957
f  958/958/958 971/971/971 959/959/959
f  970/970/970 971/971/971 958/958/958
f  959/959/959 972/972/972 960/960/960
f  971/971/971 972/972/972 959/959/959
f  960/960/960 973/973/973 961/961/961
f  972/972/972 973/973/973 960/960/960
f  973/973/973 974/974/974 961/961/961
f  961/961/961 974/974/974 962/962/962
f  962/962/962 975/975/975 963/963/963
f  974/974/974 975/975/975 962/962/962
f  963/963/963 976/976/976 964/964/964
f  975/975/975 976/976/976 963/963/963
f  976/976/976 977/977/977 964/964/964
f  964/964/964 977/977/977 965/965/965
f  977/977/977 978/978/978 965/965/965
f  966/966/966 979/979/979 967/967/967
f  967/967/967 980/980/980 968/968/968
f  979/979/979 980/980/980 967/967/967
f  968/968/968 981/981/981 969/969/969
f  980/980/980 981/981/981 968/968/968
f  969/969/969 982/982/982 970/970/970
f  981/981/981 982/982/982 969/969/969
f  982/982/982 983/983/983 970/970/970
f  970/970/970 983/983/983 971/971/971
f  971/971/971 984/984/984 972/972/972
f  983/983/983 984/984/984 971/971/971
f  972/972/972 985/985/985 973/973/973
f  984/984/984 985/985/985 972/972/972
f  979/979/979 986/986/986 980/980/980
f  986/986/986 987/987/987 980/980/980
f  980/980/980 987/987/987 981/981/981
f  981/981/981 988/988/988 982/982/982
f  987/987/987 988/988/988 981/981/981
f  982/982/982 989/989/989 983/983/983
f  988/988/988 989/989/989 982/982/982
f  983/983/983 990/990/990 984/984/984
f  989/989/989 990/990/990 983/983/983
f  990/990/990 991/991/991 984/984/984
f  984/984/984 991/991/991 985/985/985
f  768/768/768 770/770/770 992/992/992
f  770/770/770 772/772/772 993/993/993
f  770/770/770 993/993/993 992/992/992
f  992/992/992 993/993/993 994/994/994
f  993/993/993 995/995/995 994/994/994
f  993/993/993 996/996/996 995/995/995
f  772/772/772 774/774/774 996/996/996
f  772/772/772 996/996/996 993/993/993
f  996/996/996 997/997/997 995/995/995
f  774/774/774 998/998/998 996/996/996
f  996/996/996 998/998/998 997/997/997
f  774/774/774 776/776/776 998/998/998
f  998/998/998 999/999/999 997/997/997
f  998/998/998 1000/1000/1000 999/999/999
f  776/776/776 778/778/778 1000/1000/1000
f  776/776/776 1000/1000/1000 998/998/998
f  1000/1000/1000 1001/1001/1001 999/999/999
f  1000/1000/1000 1002/1002/1002 1001/1001/1001
f  778/778/778 780/780/780 1002/1002/1002
f  778/778/778 1002/1002/1002 1000/1000/1000
f  1002/1002/1002 1003/1003/1003 1001/1001/1001
f  1004/1004/1004 780/780/780 782/782/782
f  1002/1002/1002 780/780/780 1004/1004/1004
f  1003/1003/1003 1002/1002/1002 1004/1004/1004
f  704/704/704 103/103/103 1005/1005/1005
f  424/424/424 473/473/473 1006/1006/1006
f  426/426/426 424/424/424 1006/1006/1006
f  529/529/529 527/527/527 1007/1007/1007
f  529/529/529 1007/1007/1007 535/535/535
f  1007/1007/1007 527/527/527 1008/1008/1008
f  535/535/535 1007/1007/1007 1008/1008/1008
f  1008/1008/1008 527/527/527 1009/1009/1009
f  527/527/527 1010/1010/1010 1009/1009/1009
f  526/526/526 518/518/518 1010/1010/1010
f  527/527/527 526/526/526 1010/1010/1010
f  1009/1009/1009 1010/1010/1010 1011/1011/1011
f  1009/1009/1009 1011/1011/1011 1008/1008/1008
f  1010/1010/1010 1012/1012/1012 1011/1011/1011
f  1010/1010/1010 518/518/518 1013/1013/1013
f  518/518/518 756/756/756 1013/1013/1013
f  1010/1010/1010 1013/1013/1013 1014/1014/1014
f  1012/1012/1012 1010/1010/1010 1014/1014/1014
f  1013/1013/1013 756/756/756 1014/1014/1014
f  756/756/756 1015/1015/1015 1014/1014/1014
f  1015/1015/1015 756/756/756 754/754/754
f  1008/1008/1008 1016/1016/1016 357/357/357
f  1011/1011/1011 1016/1016/1016 1008/1008/1008
f  357/357/357 355/355/355 1017/1017/1017
f  1008/1008/1008 1017/1017/1017 535/535/535
f  1017/1017/1017 355/355/355 535/535/535
f  1008/1008/1008 357/357/357 1017/1017/1017
f  1018/1018/1018 1019/1019/1019 1020/1020/1020
f  1019/1019/1019 1021/1021/1021 1020/1020/1020
f  1020/1020/1020 1021/1021/1021 1022/1022/1022
f  1021/1021/1021 1023/1023/1023 1022/1022/1022
f  1021/1021/1021 1019/1019/1019 1023/1023/1023
f  1022/1022/1022 1023/1023/1023 1024/1024/1024
f  1023/1023/1023 1025/1025/1025 1024/1024/1024
f  1024/1024/1024 1025/1025/1025 1026/1026/1026
f  1022/1022/1022 1024/1024/1024 1026/1026/1026
f  1025/1025/1025 1027/1027/1027 1026/1026/1026
f  1026/1026/1026 1027/1027/1027 1028/1028/1028
f  1025/1025/1025 1029/1029/1029 1027/1027/1027
f  1027/1027/1027 1029/1029/1029 1028/1028/1028
f  1028/1028/1028 1029/1029/1029 1030/1030/1030
f  1029/1029/1029 1031/1031/1031 1030/1030/1030
f  1028/1028/1028 1030/1030/1030 1032/1032/1032
f  1030/1030/1030 1031/1031/1031 1032/1032/1032
f  1031/1031/1031 1033/1033/1033 1032/1032/1032
f  1032/1032/1032 1033/1033/1033 1034/1034/1034
f  1031/1031/1031 1035/1035/1035 1033/1033/1033
f  1033/1033/1033 1035/1035/1035 1034/1034/1034
f  1034/1034/1034 1035/1035/1035 1036/1036/1036
f  1035/1035/1035 1037/1037/1037 1036/1036/1036
f  1036/1036/1036 1037/1037/1037 1038/1038/1038
f  1036/1036/1036 1038/1038/1038 1034/1034/1034
f  1037/1037/1037 1039/1039/1039 1038/1038/1038
f  1038/1038/1038 1039/1039/1039 1040/1040/1040
f  1037/1037/1037 1041/1041/1041 1039/1039/1039
f  1039/1039/1039 1041/1041/1041 1040/1040/1040
f  1040/1040/1040 1041/1041/1041 1042/1042/1042
f  1041/1041/1041 1043/1043/1043 1042/1042/1042
f  1040/1040/1040 1042/1042/1042 1044/1044/1044
f  1042/1042/1042 1043/1043/1043 1044/1044/1044
f  1043/1043/1043 1045/1045/1045 1044/1044/1044
f  1044/1044/1044 1045/1045/1045 1046/1046/1046
f  1043/1043/1043 1047/1047/1047 1045/1045/1045
f  1045/1045/1045 1047/1047/1047 1046/1046/1046
f  1046/1046/1046 1047/1047/1047 1048/1048/1048
f  1047/1047/1047 1049/1049/1049 1048/1048/1048
f  1019/1019/1019 1050/1050/1050 1023/1023/1023
f  1023/1023/1023 1050/1050/1050 1051/1051/1051
f  1025/1025/1025 1023/1023/1023 1051/1051/1051
f  1051/1051/1051 1052/1052/1052 1025/1025/1025
f  1050/1050/1050 1052/1052/1052 1051/1051/1051
f  1025/1025/1025 1053/1053/1053 1029/1029/1029
f  1052/1052/1052 1053/1053/1053 1025/1025/1025
f  1054/1054/1054 1053/1053/1053 1052/1052/1052
f  1053/1053/1053 1054/1054/1054 1029/1029/1029
f  1031/1031/1031 1029/1029/1029 1055/1055/1055
f  1029/1029/1029 1054/1054/1054 1055/1055/1055
f  1055/1055/1055 1056/1056/1056 1031/1031/1031
f  1054/1054/1054 1056/1056/1056 1055/1055/1055
f  1031/1031/1031 1057/1057/1057 1035/1035/1035
f  1056/1056/1056 1057/1057/1057 1031/1031/1031
f  1058/1058/1058 1057/1057/1057 1056/1056/1056
f  1057/1057/1057 1058/1058/1058 1035/1035/1035
f  1037/1037/1037 1035/1035/1035 1059/1059/1059
f  1035/1035/1035 1058/1058/1058 1059/1059/1059
f  1058/1058/1058 1060/1060/1060 1059/1059/1059
f  1059/1059/1059 1060/1060/1060 1037/1037/1037
f  1060/1060/1060 1061/1061/1061 1037/1037/1037
f  1037/1037/1037 1061/1061/1061 1041/1041/1041
f  1061/1061/1061 1062/1062/1062 1041/1041/1041
f  1062/1062/1062 1061/1061/1061 1060/1060/1060
f  1041/1041/1041 1062/1062/1062 1063/1063/1063
f  1043/1043/1043 1041/1041/1041 1063/1063/1063
f  1063/1063/1063 1064/1064/1064 1043/1043/1043
f  1062/1062/1062 1064/1064/1064 1063/1063/1063
f  1064/1064/1064 1065/1065/1065 1043/1043/1043
f  1043/1043/1043 1065/1065/1065 1047/1047/1047
f  1066/1066/1066 1065/1065/1065 1064/1064/1064
f  1065/1065/1065 1066/1066/1066 1047/1047/1047
f  1049/1049/1049 1047/1047/1047 1067/1067/1067
f  1047/1047/1047 1066/1066/1066 1067/1067/1067
f  1050/1050/1050 1068/1068/1068 1052/1052/1052
f  1052/1052/1052 1069/1069/1069 1054/1054/1054
f  1068/1068/1068 1069/1069/1069 1052/1052/1052
f  1069/1069/1069 1068/1068/1068 1070/1070/1070
f  1069/1069/1069 1070/1070/1070 1054/1054/1054
f  1054/1054/1054 1070/1070/1070 1071/1071/1071
f  1054/1054/1054 1071/1071/1071 1056/1056/1056
f  1071/1071/1071 1072/1072/1072 1056/1056/1056
f  1070/1070/1070 1072/1072/1072 1071/1071/1071
f  1072/1072/1072 1073/1073/1073 1056/1056/1056
f  1056/1056/1056 1073/1073/1073 1058/1058/1058
f  1072/1072/1072 1074/1074/1074 1073/1073/1073
f  1073/1073/1073 1074/1074/1074 1058/1058/1058
f  1058/1058/1058 1074/1074/1074 1075/1075/1075
f  1058/1058/1058 1075/1075/1075 1060/1060/1060
f  1074/1074/1074 1076/1076/1076 1075/1075/1075
f  1075/1075/1075 1076/1076/1076 1060/1060/1060
f  1076/1076/1076 1077/1077/1077 1060/1060/1060
f  1060/1060/1060 1077/1077/1077 1062/1062/1062
f  1077/1077/1077 1078/1078/1078 1062/1062/1062
f  1076/1076/1076 1078/1078/1078 1077/1077/1077
f  1062/1062/1062 1078/1078/1078 1079/1079/1079
f  1062/1062/1062 1079/1079/1079 1064/1064/1064
f  1078/1078/1078 1080/1080/1080 1079/1079/1079
f  1079/1079/1079 1080/1080/1080 1064/1064/1064
f  1080/1080/1080 1081/1081/1081 1064/1064/1064
f  1064/1064/1064 1081/1081/1081 1066/1066/1066
f  1068/1068/1068 1082/1082/1082 1070/1070/1070
f  1070/1070/1070 1082/1082/1082 1083/1083/1083
f  1072/1072/1072 1070/1070/1070 1083/1083/1083
f  1083/1083/1083 1084/1084/1084 1072/1072/1072
f  1082/1082/1082 1084/1084/1084 1083/1083/1083
f  1084/1084/1084 1085/1085/1085 1072/1072/1072
f  1072/1072/1072 1085/1085/1085 1074/1074/1074
f  1085/1085/1085 1086/1086/1086 1074/1074/1074
f  1086/1086/1086 1085/1085/1085 1084/1084/1084
f  1074/1074/1074 1086/1086/1086 1087/1087/1087
f  1076/1076/1076 1074/1074/1074 1087/1087/1087
f  1086/1086/1086 1088/1088/1088 1087/1087/1087
f  1087/1087/1087 1088/1088/1088 1076/1076/1076
f  1088/1088/1088 1089/1089/1089 1076/1076/1076
f  1076/1076/1076 1089/1089/1089 1078/1078/1078
f  1089/1089/1089 1090/1090/1090 1078/1078/1078
f  1090/1090/1090 1089/1089/1089 1088/1088/1088
f  1080/1080/1080 1078/1078/1078 1091/1091/1091
f  1078/1078/1078 1090/1090/1090 1091/1091/1091
f  1082/1082/1082 1092/1092/1092 1084/1084/1084
f  1092/1092/1092 1093/1093/1093 1084/1084/1084
f  1084/1084/1084 1093/1093/1093 1086/1086/1086
f  1093/1093/1093 1094/1094/1094 1086/1086/1086
f  1093/1093/1093 1092/1092/1092 1094/1094/1094
f  1086/1086/1086 1094/1094/1094 1095/1095/1095
f  1086/1086/1086 1095/1095/1095 1088/1088/1088
f  1095/1095/1095 1096/1096/1096 1088/1088/1088
f  1094/1094/1094 1096/1096/1096 1095/1095/1095
f  1096/1096/1096 1097/1097/1097 1088/1088/1088
f  1088/1088/1088 1097/1097/1097 1090/1090/1090
f  1092/1092/1092 1098/1098/1098 1094/1094/1094
f  1094/1094/1094 1098/1098/1098 1099/1099/1099
f  1096/1096/1096 1094/1094/1094 1099/1099/1099
f  1038/1038/1038 1100/1100/1100 1034/1034/1034
f  1034/1034/1034 1100/1100/1100 1101/1101/1101
f  1100/1100/1100 1102/1102/1102 1101/1101/1101
f  1100/1100/1100 1038/1038/1038 1102/1102/1102
f  1101/1101/1101 1102/1102/1102 1103/1103/1103
f  1102/1102/1102 1104/1104/1104 1103/1103/1103
f  1103/1103/1103 1104/1104/1104 1105/1105/1105
f  1101/1101/1101 1103/1103/1103 1105/1105/1105
f  1104/1104/1104 1106/1106/1106 1105/1105/1105
f  1105/1105/1105 1106/1106/1106 1107/1107/1107
f  1106/1106/1106 1108/1108/1108 1107/1107/1107
f  1108/1108/1108 1106/1106/1106 1104/1104/1104
f  1107/1107/1107 1108/1108/1108 1109/1109/1109
f  1108/1108/1108 1110/1110/1110 1109/1109/1109
f  1109/1109/1109 1111/1111/1111 1107/1107/1107
f  1109/1109/1109 1110/1110/1110 1111/1111/1111
f  1110/1110/1110 1112/1112/1112 1111/1111/1111
f  1111/1111/1111 1112/1112/1112 1113/1113/1113
f  1112/1112/1112 1114/1114/1114 1113/1113/1113
f  1114/1114/1114 1112/1112/1112 1110/1110/1110
f  1113/1113/1113 1114/1114/1114 1115/1115/1115
f  1114/1114/1114 1116/1116/1116 1115/1115/1115
f  1113/1113/1113 1115/1115/1115 1117/1117/1117
f  1115/1115/1115 1116/1116/1116 1117/1117/1117
f  1116/1116/1116 1118/1118/1118 1117/1117/1117
f  1117/1117/1117 1118/1118/1118 1119/1119/1119
f  1120/1120/1120 1118/1118/1118 1116/1116/1116
f  1118/1118/1118 1120/1120/1120 1119/1119/1119
f  1119/1119/1119 1120/1120/1120 1121/1121/1121
f  1120/1120/1120 1122/1122/1122 1121/1121/1121
f  1121/1121/1121 1123/1123/1123 1119/1119/1119
f  1121/1121/1121 1122/1122/1122 1123/1123/1123
f  1122/1122/1122 1124/1124/1124 1123/1123/1123
f  1123/1123/1123 1124/1124/1124 1125/1125/1125
f  1124/1124/1124 1126/1126/1126 1125/1125/1125
f  1126/1126/1126 1124/1124/1124 1122/1122/1122
f  1125/1125/1125 1126/1126/1126 1127/1127/1127
f  1126/1126/1126 1128/1128/1128 1127/1127/1127
f  1127/1127/1127 1128/1128/1128 1129/1129/1129
f  1127/1127/1127 1129/1129/1129 1125/1125/1125
f  1128/1128/1128 1130/1130/1130 1129/1129/1129
f  1129/1129/1129 1130/1130/1130 1131/1131/1131
f  1130/1130/1130 1132/1132/1132 1131/1131/1131
f  1132/1132/1132 1130/1130/1130 1128/1128/1128
f  1131/1131/1131 1132/1132/1132 1133/1133/1133
f  1132/1132/1132 1134/1134/1134 1133/1133/1133
f  1133/1133/1133 1134/1134/1134 1135/1135/1135
f  1131/1131/1131 1133/1133/1133 1135/1135/1135
f  1134/1134/1134 1136/1136/1136 1135/1135/1135
f  1135/1135/1135 1136/1136/1136 1137/1137/1137
f  1138/1138/1138 1136/1136/1136 1134/1134/1134
f  1136/1136/1136 1138/1138/1138 1137/1137/1137
f  1137/1137/1137 1138/1138/1138 1139/1139/1139
f  1138/1138/1138 1140/1140/1140 1139/1139/1139
f  1141/1141/1141 1137/1137/1137 1139/1139/1139
f  1139/1139/1139 1140/1140/1140 1141/1141/1141
f  1140/1140/1140 1142/1142/1142 1141/1141/1141
f  1137/1137/1137 1143/1143/1143 1135/1135/1135
f  1143/1143/1143 1144/1144/1144 1135/1135/1135
f  1145/1145/1145 1131/1131/1131 1135/1135/1135
f  1135/1135/1135 1144/1144/1144 1145/1145/1145
f  1145/1145/1145 1146/1146/1146 1131/1131/1131
f  1144/1144/1144 1146/1146/1146 1145/1145/1145
f  1146/1146/1146 1147/1147/1147 1131/1131/1131
f  1131/1131/1131 1147/1147/1147 1129/1129/1129
f  1147/1147/1147 1148/1148/1148 1129/1129/1129
f  1148/1148/1148 1147/1147/1147 1146/1146/1146
f  1129/1129/1129 1149/1149/1149 1125/1125/1125
f  1129/1129/1129 1148/1148/1148 1149/1149/1149
f  1149/1149/1149 1150/1150/1150 1125/1125/1125
f  1148/1148/1148 1150/1150/1150 1149/1149/1149
f  1150/1150/1150 1151/1151/1151 1125/1125/1125
f  1125/1125/1125 1151/1151/1151 1123/1123/1123
f  1152/1152/1152 1151/1151/1151 1150/1150/1150
f  1151/1151/1151 1152/1152/1152 1123/1123/1123
f  1123/1123/1123 1153/1153/1153 1119/1119/1119
f  1123/1123/1123 1152/1152/1152 1153/1153/1153
f  1152/1152/1152 1154/1154/1154 1153/1153/1153
f  1153/1153/1153 1154/1154/1154 1119/1119/1119
f  1154/1154/1154 1155/1155/1155 1119/1119/1119
f  1119/1119/1119 1155/1155/1155 1117/1117/1117
f  1156/1156/1156 1155/1155/1155 1154/1154/1154
f  1155/1155/1155 1156/1156/1156 1117/1117/1117
f  1157/1157/1157 1113/1113/1113 1117/1117/1117
f  1117/1117/1117 1156/1156/1156 1157/1157/1157
f  1156/1156/1156 1158/1158/1158 1157/1157/1157
f  1157/1157/1157 1158/1158/1158 1113/1113/1113
f  1158/1158/1158 1159/1159/1159 1113/1113/1113
f  1113/1113/1113 1159/1159/1159 1111/1111/1111
f  1159/1159/1159 1158/1158/1158 1160/1160/1160
f  1159/1159/1159 1160/1160/1160 1111/1111/1111
f  1111/1111/1111 1161/1161/1161 1107/1107/1107
f  1111/1111/1111 1160/1160/1160 1161/1161/1161
f  1161/1161/1161 1162/1162/1162 1107/1107/1107
f  1160/1160/1160 1162/1162/1162 1161/1161/1161
f  1107/1107/1107 1163/1163/1163 1105/1105/1105
f  1162/1162/1162 1163/1163/1163 1107/1107/1107
f  1163/1163/1163 1162/1162/1162 1164/1164/1164
f  1163/1163/1163 1164/1164/1164 1105/1105/1105
f  1105/1105/1105 1164/1164/1164 1165/1165/1165
f  1165/1165/1165 1101/1101/1101 1105/1105/1105
f  1164/1164/1164 1166/1166/1166 1165/1165/1165
f  1165/1165/1165 1166/1166/1166 1101/1101/1101
f  1166/1166/1166 1167/1167/1167 1101/1101/1101
f  1101/1101/1101 1167/1167/1167 1034/1034/1034
f  1167/1167/1167 1032/1032/1032 1034/1034/1034
f  1167/1167/1167 1166/1166/1166 1032/1032/1032
f  1144/1144/1144 1168/1168/1168 1146/1146/1146
f  1168/1168/1168 1169/1169/1169 1146/1146/1146
f  1170/1170/1170 1148/1148/1148 1146/1146/1146
f  1146/1146/1146 1169/1169/1169 1170/1170/1170
f  1170/1170/1170 1171/1171/1171 1148/1148/1148
f  1169/1169/1169 1171/1171/1171 1170/1170/1170
f  1148/1148/1148 1172/1172/1172 1150/1150/1150
f  1171/1171/1171 1172/1172/1172 1148/1148/1148
f  1172/1172/1172 1171/1171/1171 1173/1173/1173
f  1172/1172/1172 1173/1173/1173 1150/1150/1150
f  1150/1150/1150 1173/1173/1173 1174/1174/1174
f  1174/1174/1174 1152/1152/1152 1150/1150/1150
f  1173/1173/1173 1175/1175/1175 1174/1174/1174
f  1174/1174/1174 1175/1175/1175 1152/1152/1152
f  1175/1175/1175 1176/1176/1176 1152/1152/1152
f  1152/1152/1152 1176/1176/1176 1154/1154/1154
f  1176/1176/1176 1177/1177/1177 1154/1154/1154
f  1177/1177/1177 1176/1176/1176 1175/1175/1175
f  1154/1154/1154 1177/1177/1177 1178/1178/1178
f  1178/1178/1178 1156/1156/1156 1154/1154/1154
f  1178/1178/1178 1179/1179/1179 1156/1156/1156
f  1177/1177/1177 1179/1179/1179 1178/1178/1178
f  1179/1179/1179 1180/1180/1180 1156/1156/1156
f  1156/1156/1156 1180/1180/1180 1158/1158/1158
f  1180/1180/1180 1181/1181/1181 1158/1158/1158
f  1181/1181/1181 1180/1180/1180 1179/1179/1179
f  1158/1158/1158 1181/1181/1181 1182/1182/1182
f  1158/1158/1158 1182/1182/1182 1160/1160/1160
f  1181/1181/1181 1183/1183/1183 1182/1182/1182
f  1182/1182/1182 1183/1183/1183 1160/1160/1160
f  1160/1160/1160 1184/1184/1184 1162/1162/1162
f  1183/1183/1183 1184/1184/1184 1160/1160/1160
f  1184/1184/1184 1185/1185/1185 1162/1162/1162
f  1184/1184/1184 1183/1183/1183 1185/1185/1185
f  1162/1162/1162 1185/1185/1185 1186/1186/1186
f  1162/1162/1162 1186/1186/1186 1164/1164/1164
f  1186/1186/1186 1187/1187/1187 1164/1164/1164
f  1185/1185/1185 1187/1187/1187 1186/1186/1186
f  1164/1164/1164 1188/1188/1188 1166/1166/1166
f  1187/1187/1187 1188/1188/1188 1164/1164/1164
f  1189/1189/1189 1188/1188/1188 1187/1187/1187
f  1188/1188/1188 1189/1189/1189 1166/1166/1166
f  1166/1166/1166 1190/1190/1190 1032/1032/1032
f  1190/1190/1190 1028/1028/1028 1032/1032/1032
f  1189/1189/1189 1028/1028/1028 1190/1190/1190
f  1166/1166/1166 1189/1189/1189 1190/1190/1190
f  1169/1169/1169 1191/1191/1191 1171/1171/1171
f  1191/1191/1191 1192/1192/1192 1171/1171/1171
f  1171/1171/1171 1192/1192/1192 1193/1193/1193
f  1171/1171/1171 1193/1193/1193 1173/1173/1173
f  1192/1192/1192 1194/1194/1194 1193/1193/1193
f  1193/1193/1193 1194/1194/1194 1173/1173/1173
f  1173/1173/1173 1195/1195/1195 1175/1175/1175
f  1194/1194/1194 1195/1195/1195 1173/1173/1173
f  1195/1195/1195 1196/1196/1196 1175/1175/1175
f  1195/1195/1195 1194/1194/1194 1196/1196/1196
f  1175/1175/1175 1196/1196/1196 1197/1197/1197
f  1197/1197/1197 1177/1177/1177 1175/1175/1175
f  1197/1197/1197 1198/1198/1198 1177/1177/1177
f  1196/1196/1196 1198/1198/1198 1197/1197/1197
f  1177/1177/1177 1199/1199/1199 1179/1179/1179
f  1198/1198/1198 1199/1199/1199 1177/1177/1177
f  1199/1199/1199 1198/1198/1198 1200/1200/1200
f  1199/1199/1199 1200/1200/1200 1179/1179/1179
f  1201/1201/1201 1181/1181/1181 1179/1179/1179
f  1179/1179/1179 1200/1200/1200 1201/1201/1201
f  1201/1201/1201 1202/1202/1202 1181/1181/1181
f  1200/1200/1200 1202/1202/1202 1201/1201/1201
f  1202/1202/1202 1203/1203/1203 1181/1181/1181
f  1181/1181/1181 1203/1203/1203 1183/1183/1183
f  1204/1204/1204 1203/1203/1203 1202/1202/1202
f  1203/1203/1203 1204/1204/1204 1183/1183/1183
f  1183/1183/1183 1205/1205/1205 1185/1185/1185
f  1183/1183/1183 1204/1204/1204 1205/1205/1205
f  1204/1204/1204 1206/1206/1206 1205/1205/1205
f  1205/1205/1205 1206/1206/1206 1185/1185/1185
f  1206/1206/1206 1207/1207/1207 1185/1185/1185
f  1185/1185/1185 1207/1207/1207 1187/1187/1187
f  1207/1207/1207 1208/1208/1208 1187/1187/1187
f  1207/1207/1207 1206/1206/1206 1208/1208/1208
f  1209/1209/1209 1189/1189/1189 1187/1187/1187
f  1187/1187/1187 1208/1208/1208 1209/1209/1209
f  1209/1209/1209 1210/1210/1210 1189/1189/1189
f  1208/1208/1208 1210/1210/1210 1209/1209/1209
f  1210/1210/1210 1211/1211/1211 1189/1189/1189
f  1189/1189/1189 1211/1211/1211 1028/1028/1028
f  1211/1211/1211 1210/1210/1210 1026/1026/1026
f  1211/1211/1211 1026/1026/1026 1028/1028/1028
f  1192/1192/1192 1212/1212/1212 1194/1194/1194
f  1212/1212/1212 1213/1213/1213 1194/1194/1194
f  1194/1194/1194 1213/1213/1213 1214/1214/1214
f  1194/1194/1194 1214/1214/1214 1196/1196/1196
f  1214/1214/1214 1215/1215/1215 1196/1196/1196
f  1213/1213/1213 1215/1215/1215 1214/1214/1214
f  1196/1196/1196 1216/1216/1216 1198/1198/1198
f  1215/1215/1215 1216/1216/1216 1196/1196/1196
f  1217/1217/1217 1216/1216/1216 1215/1215/1215
f  1216/1216/1216 1217/1217/1217 1198/1198/1198
f  1198/1198/1198 1217/1217/1217 1218/1218/1218
f  1198/1198/1198 1218/1218/1218 1200/1200/1200
f  1218/1218/1218 1219/1219/1219 1200/1200/1200
f  1217/1217/1217 1219/1219/1219 1218/1218/1218
f  1200/1200/1200 1220/1220/1220 1202/1202/1202
f  1219/1219/1219 1220/1220/1220 1200/1200/1200
f  1220/1220/1220 1221/1221/1221 1202/1202/1202
f  1221/1221/1221 1220/1220/1220 1219/1219/1219
f  1222/1222/1222 1204/1204/1204 1202/1202/1202
f  1202/1202/1202 1221/1221/1221 1222/1222/1222
f  1221/1221/1221 1223/1223/1223 1222/1222/1222
f  1222/1222/1222 1223/1223/1223 1204/1204/1204
f  1223/1223/1223 1224/1224/1224 1204/1204/1204
f  1204/1204/1204 1224/1224/1224 1206/1206/1206
f  1224/1224/1224 1225/1225/1225 1206/1206/1206
f  1224/1224/1224 1223/1223/1223 1225/1225/1225
f  1206/1206/1206 1225/1225/1225 1226/1226/1226
f  1206/1206/1206 1226/1226/1226 1208/1208/1208
f  1225/1225/1225 1227/1227/1227 1226/1226/1226
f  1226/1226/1226 1227/1227/1227 1208/1208/1208
f  1208/1208/1208 1228/1228/1228 1210/1210/1210
f  1227/1227/1227 1228/1228/1228 1208/1208/1208
f  1228/1228/1228 1229/1229/1229 1210/1210/1210
f  1228/1228/1228 1227/1227/1227 1229/1229/1229
f  1229/1229/1229 1022/1022/1022 1230/1230/1230
f  1210/1210/1210 1230/1230/1230 1026/1026/1026
f  1210/1210/1210 1229/1229/1229 1230/1230/1230
f  1230/1230/1230 1022/1022/1022 1026/1026/1026
f  1213/1213/1213 1231/1231/1231 1215/1215/1215
f  1231/1231/1231 1232/1232/1232 1215/1215/1215
f  1215/1215/1215 1232/1232/1232 1233/1233/1233
f  1233/1233/1233 1217/1217/1217 1215/1215/1215
f  1233/1233/1233 1234/1234/1234 1217/1217/1217
f  1232/1232/1232 1234/1234/1234 1233/1233/1233
f  1217/1217/1217 1235/1235/1235 1219/1219/1219
f  1234/1234/1234 1235/1235/1235 1217/1217/1217
f  1236/1236/1236 1235/1235/1235 1234/1234/1234
f  1235/1235/1235 1236/1236/1236 1219/1219/1219
f  1237/1237/1237 1221/1221/1221 1219/1219/1219
f  1219/1219/1219 1236/1236/1236 1237/1237/1237
f  1236/1236/1236 1238/1238/1238 1237/1237/1237
f  1237/1237/1237 1238/1238/1238 1221/1221/1221
f  1238/1238/1238 1239/1239/1239 1221/1221/1221
f  1221/1221/1221 1239/1239/1239 1223/1223/1223
f  1239/1239/1239 1240/1240/1240 1223/1223/1223
f  1239/1239/1239 1238/1238/1238 1240/1240/1240
f  1223/1223/1223 1241/1241/1241 1225/1225/1225
f  1223/1223/1223 1240/1240/1240 1241/1241/1241
f  1241/1241/1241 1242/1242/1242 1225/1225/1225
f  1240/1240/1240 1242/1242/1242 1241/1241/1241
f  1225/1225/1225 1243/1243/1243 1227/1227/1227
f  1242/1242/1242 1243/1243/1243 1225/1225/1225
f  1243/1243/1243 1244/1244/1244 1227/1227/1227
f  1243/1243/1243 1242/1242/1242 1244/1244/1244
f  1227/1227/1227 1245/1245/1245 1229/1229/1229
f  1227/1227/1227 1244/1244/1244 1245/1245/1245
f  1245/1245/1245 1246/1246/1246 1229/1229/1229
f  1244/1244/1244 1246/1246/1246 1245/1245/1245
f  1229/1229/1229 1247/1247/1247 1022/1022/1022
f  1247/1247/1247 1020/1020/1020 1022/1022/1022
f  1246/1246/1246 1247/1247/1247 1229/1229/1229
f  1247/1247/1247 1246/1246/1246 1020/1020/1020
f  1232/1232/1232 1248/1248/1248 1234/1234/1234
f  1248/1248/1248 1249/1249/1249 1234/1234/1234
f  1234/1234/1234 1249/1249/1249 1250/1250/1250
f  1250/1250/1250 1236/1236/1236 1234/1234/1234
f  1249/1249/1249 1251/1251/1251 1250/1250/1250
f  1250/1250/1250 1251/1251/1251 1236/1236/1236
f  1236/1236/1236 1252/1252/1252 1238/1238/1238
f  1251/1251/1251 1252/1252/1252 1236/1236/1236
f  1252/1252/1252 1253/1253/1253 1238/1238/1238
f  1252/1252/1252 1251/1251/1251 1253/1253/1253
f  1238/1238/1238 1254/1254/1254 1240/1240/1240
f  1238/1238/1238 1253/1253/1253 1254/1254/1254
f  1253/1253/1253 1255/1255/1255 1254/1254/1254
f  1254/1254/1254 1255/1255/1255 1240/1240/1240
f  1255/1255/1255 1256/1256/1256 1240/1240/1240
f  1240/1240/1240 1256/1256/1256 1242/1242/1242
f  1256/1256/1256 1257/1257/1257 1242/1242/1242
f  1256/1256/1256 1255/1255/1255 1257/1257/1257
f  1242/1242/1242 1257/1257/1257 1258/1258/1258
f  1242/1242/1242 1258/1258/1258 1244/1244/1244
f  1257/1257/1257 1259/1259/1259 1258/1258/1258
f  1258/1258/1258 1259/1259/1259 1244/1244/1244
f  1244/1244/1244 1260/1260/1260 1246/1246/1246
f  1259/1259/1259 1260/1260/1260 1244/1244/1244
f  1260/1260/1260 1261/1261/1261 1246/1246/1246
f  1260/1260/1260 1259/1259/1259 1261/1261/1261
f  1246/1246/1246 1262/1262/1262 1020/1020/1020
f  1246/1246/1246 1261/1261/1261 1262/1262/1262
f  1262/1262/1262 1018/1018/1018 1020/1020/1020
f  1261/1261/1261 1018/1018/1018 1262/1262/1262
f  1018/1018/1018 1261/1261/1261 1263/1263/1263
f  1261/1261/1261 1264/1264/1264 1263/1263/1263
f  1259/1259/1259 1264/1264/1264 1261/1261/1261
f  1263/1263/1263 1264/1264/1264 1265/1265/1265
f  1264/1264/1264 1259/1259/1259 1265/1265/1265
f  1265/1265/1265 1259/1259/1259 1266/1266/1266
f  1259/1259/1259 1257/1257/1257 1266/1266/1266
f  1266/1266/1266 1267/1267/1267 1265/1265/1265
f  1266/1266/1266 1257/1257/1257 1267/1267/1267
f  1255/1255/1255 1268/1268/1268 1257/1257/1257
f  1257/1257/1257 1268/1268/1268 1267/1267/1267
f  1267/1267/1267 1268/1268/1268 1269/1269/1269
f  1268/1268/1268 1255/1255/1255 1269/1269/1269
f  1269/1269/1269 1255/1255/1255 1270/1270/1270
f  1255/1255/1255 1253/1253/1253 1270/1270/1270
f  1270/1270/1270 1271/1271/1271 1269/1269/1269
f  1270/1270/1270 1253/1253/1253 1271/1271/1271
f  1251/1251/1251 1272/1272/1272 1253/1253/1253
f  1253/1253/1253 1272/1272/1272 1271/1271/1271
f  1272/1272/1272 1251/1251/1251 1273/1273/1273
f  1271/1271/1271 1272/1272/1272 1273/1273/1273
f  1251/1251/1251 1249/1249/1249 1274/1274/1274
f  1273/1273/1273 1251/1251/1251 1274/1274/1274
f  1274/1274/1274 1249/1249/1249 1275/1275/1275
f  1273/1273/1273 1274/1274/1274 1275/1275/1275
f  1249/1249/1249 1276/1276/1276 1275/1275/1275
f  1263/1263/1263 1265/1265/1265 1277/1277/1277
f  1265/1265/1265 1278/1278/1278 1277/1277/1277
f  1267/1267/1267 1278/1278/1278 1265/1265/1265
f  1278/1278/1278 1267/1267/1267 1279/1279/1279
f  1277/1277/1277 1278/1278/1278 1279/1279/1279
f  1279/1279/1279 1267/1267/1267 1280/1280/1280
f  1267/1267/1267 1269/1269/1269 1280/1280/1280
f  1280/1280/1280 1269/1269/1269 1281/1281/1281
f  1280/1280/1280 1281/1281/1281 1279/1279/1279
f  1271/1271/1271 1282/1282/1282 1269/1269/1269
f  1269/1269/1269 1282/1282/1282 1281/1281/1281
f  1281/1281/1281 1282/1282/1282 1283/1283/1283
f  1282/1282/1282 1271/1271/1271 1283/1283/1283
f  1271/1271/1271 1273/1273/1273 1284/1284/1284
f  1283/1283/1283 1271/1271/1271 1284/1284/1284
f  1283/1283/1283 1284/1284/1284 1285/1285/1285
f  1284/1284/1284 1273/1273/1273 1285/1285/1285
f  1273/1273/1273 1286/1286/1286 1285/1285/1285
f  1286/1286/1286 1273/1273/1273 1275/1275/1275
f  1277/1277/1277 1279/1279/1279 1287/1287/1287
f  1279/1279/1279 1288/1288/1288 1287/1287/1287
f  1281/1281/1281 1288/1288/1288 1279/1279/1279
f  1287/1287/1287 1288/1288/1288 1289/1289/1289
f  1288/1288/1288 1281/1281/1281 1289/1289/1289
f  1281/1281/1281 1283/1283/1283 1290/1290/1290
f  1289/1289/1289 1281/1281/1281 1290/1290/1290
f  1290/1290/1290 1291/1291/1291 1289/1289/1289
f  1290/1290/1290 1283/1283/1283 1291/1291/1291
f  1283/1283/1283 1292/1292/1292 1291/1291/1291
f  1292/1292/1292 1283/1283/1283 1285/1285/1285
f  1038/1038/1038 1293/1293/1293 1102/1102/1102
f  1040/1040/1040 1293/1293/1293 1038/1038/1038
f  1102/1102/1102 1293/1293/1293 1294/1294/1294
f  1293/1293/1293 1040/1040/1040 1294/1294/1294
f  1294/1294/1294 1040/1040/1040 1295/1295/1295
f  1040/1040/1040 1044/1044/1044 1295/1295/1295
f  1296/1296/1296 1294/1294/1294 1295/1295/1295
f  1295/1295/1295 1044/1044/1044 1296/1296/1296
f  1044/1044/1044 1297/1297/1297 1296/1296/1296
f  1046/1046/1046 1297/1297/1297 1044/1044/1044
f  1296/1296/1296 1297/1297/1297 1298/1298/1298
f  1297/1297/1297 1046/1046/1046 1298/1298/1298
f  1298/1298/1298 1046/1046/1046 1299/1299/1299
f  1046/1046/1046 1048/1048/1048 1300/1300/1300
f  1046/1046/1046 1300/1300/1300 1299/1299/1299
f  1301/1301/1301 1298/1298/1298 1299/1299/1299
f  1299/1299/1299 1300/1300/1300 1301/1301/1301
f  1300/1300/1300 1302/1302/1302 1301/1301/1301
f  1301/1301/1301 1302/1302/1302 1303/1303/1303
f  1102/1102/1102 1294/1294/1294 1304/1304/1304
f  1102/1102/1102 1304/1304/1304 1104/1104/1104
f  1294/1294/1294 1305/1305/1305 1304/1304/1304
f  1304/1304/1304 1305/1305/1305 1104/1104/1104
f  1104/1104/1104 1306/1306/1306 1108/1108/1108
f  1305/1305/1305 1306/1306/1306 1104/1104/1104
f  1306/1306/1306 1307/1307/1307 1108/1108/1108
f  1307/1307/1307 1306/1306/1306 1305/1305/1305
f  1108/1108/1108 1308/1308/1308 1110/1110/1110
f  1108/1108/1108 1307/1307/1307 1308/1308/1308
f  1308/1308/1308 1309/1309/1309 1110/1110/1110
f  1307/1307/1307 1309/1309/1309 1308/1308/1308
f  1309/1309/1309 1310/1310/1310 1110/1110/1110
f  1110/1110/1110 1310/1310/1310 1114/1114/1114
f  1310/1310/1310 1311/1311/1311 1114/1114/1114
f  1311/1311/1311 1310/1310/1310 1309/1309/1309
f  1114/1114/1114 1312/1312/1312 1116/1116/1116
f  1114/1114/1114 1311/1311/1311 1312/1312/1312
f  1311/1311/1311 1313/1313/1313 1312/1312/1312
f  1312/1312/1312 1313/1313/1313 1116/1116/1116
f  1116/1116/1116 1314/1314/1314 1120/1120/1120
f  1313/1313/1313 1314/1314/1314 1116/1116/1116
f  1315/1315/1315 1314/1314/1314 1313/1313/1313
f  1314/1314/1314 1315/1315/1315 1120/1120/1120
f  1120/1120/1120 1316/1316/1316 1122/1122/1122
f  1120/1120/1120 1315/1315/1315 1316/1316/1316
f  1316/1316/1316 1317/1317/1317 1122/1122/1122
f  1315/1315/1315 1317/1317/1317 1316/1316/1316
f  1122/1122/1122 1318/1318/1318 1126/1126/1126
f  1317/1317/1317 1318/1318/1318 1122/1122/1122
f  1319/1319/1319 1318/1318/1318 1317/1317/1317
f  1318/1318/1318 1319/1319/1319 1126/1126/1126
f  1126/1126/1126 1319/1319/1319 1320/1320/1320
f  1126/1126/1126 1320/1320/1320 1128/1128/1128
f  1319/1319/1319 1321/1321/1321 1320/1320/1320
f  1320/1320/1320 1321/1321/1321 1128/1128/1128
f  1321/1321/1321 1322/1322/1322 1128/1128/1128
f  1128/1128/1128 1322/1322/1322 1132/1132/1132
f  1322/1322/1322 1321/1321/1321 1323/1323/1323
f  1322/1322/1322 1323/1323/1323 1132/1132/1132
f  1132/1132/1132 1323/1323/1323 1324/1324/1324
f  1132/1132/1132 1324/1324/1324 1134/1134/1134
f  1323/1323/1323 1325/1325/1325 1324/1324/1324
f  1324/1324/1324 1325/1325/1325 1134/1134/1134
f  1134/1134/1134 1326/1326/1326 1138/1138/1138
f  1325/1325/1325 1326/1326/1326 1134/1134/1134
f  1326/1326/1326 1327/1327/1327 1138/1138/1138
f  1326/1326/1326 1325/1325/1325 1327/1327/1327
f  1138/1138/1138 1328/1328/1328 1140/1140/1140
f  1138/1138/1138 1327/1327/1327 1328/1328/1328
f  1328/1328/1328 1329/1329/1329 1140/1140/1140
f  1327/1327/1327 1329/1329/1329 1328/1328/1328
f  1329/1329/1329 1330/1330/1330 1140/1140/1140
f  1331/1331/1331 1142/1142/1142 1140/1140/1140
f  1140/1140/1140 1330/1330/1330 1331/1331/1331
f  1332/1332/1332 1330/1330/1330 1329/1329/1329
f  1330/1330/1330 1332/1332/1332 1331/1331/1331
f  1331/1331/1331 1332/1332/1332 1333/1333/1333
f  1332/1332/1332 1334/1334/1334 1333/1333/1333
f  1296/1296/1296 1335/1335/1335 1294/1294/1294
f  1294/1294/1294 1335/1335/1335 1305/1305/1305
f  1335/1335/1335 1336/1336/1336 1305/1305/1305
f  1336/1336/1336 1335/1335/1335 1296/1296/1296
f  1337/1337/1337 1307/1307/1307 1305/1305/1305
f  1305/1305/1305 1336/1336/1336 1337/1337/1337
f  1336/1336/1336 1338/1338/1338 1337/1337/1337
f  1337/1337/1337 1338/1338/1338 1307/1307/1307
f  1338/1338/1338 1339/1339/1339 1307/1307/1307
f  1307/1307/1307 1339/1339/1339 1309/1309/1309
f  1339/1339/1339 1338/1338/1338 1340/1340/1340
f  1339/1339/1339 1340/1340/1340 1309/1309/1309
f  1341/1341/1341 1311/1311/1311 1309/1309/1309
f  1309/1309/1309 1340/1340/1340 1341/1341/1341
f  1340/1340/1340 1342/1342/1342 1341/1341/1341
f  1341/1341/1341 1342/1342/1342 1311/1311/1311
f  1311/1311/1311 1343/1343/1343 1313/1313/1313
f  1342/1342/1342 1343/1343/1343 1311/1311/1311
f  1343/1343/1343 1344/1344/1344 1313/1313/1313
f  1343/1343/1343 1342/1342/1342 1344/1344/1344
f  1345/1345/1345 1315/1315/1315 1313/1313/1313
f  1313/1313/1313 1344/1344/1344 1345/1345/1345
f  1345/1345/1345 1346/1346/1346 1315/1315/1315
f  1344/1344/1344 1346/1346/1346 1345/1345/1345
f  1346/1346/1346 1347/1347/1347 1315/1315/1315
f  1315/1315/1315 1347/1347/1347 1317/1317/1317
f  1348/1348/1348 1347/1347/1347 1346/1346/1346
f  1347/1347/1347 1348/1348/1348 1317/1317/1317
f  1349/1349/1349 1319/1319/1319 1317/1317/1317
f  1317/1317/1317 1348/1348/1348 1349/1349/1349
f  1349/1349/1349 1350/1350/1350 1319/1319/1319
f  1348/1348/1348 1350/1350/1350 1349/1349/1349
f  1350/1350/1350 1351/1351/1351 1319/1319/1319
f  1319/1319/1319 1351/1351/1351 1321/1321/1321
f  1352/1352/1352 1351/1351/1351 1350/1350/1350
f  1351/1351/1351 1352/1352/1352 1321/1321/1321
f  1321/1321/1321 1352/1352/1352 1353/1353/1353
f  1321/1321/1321 1353/1353/1353 1323/1323/1323
f  1352/1352/1352 1354/1354/1354 1353/1353/1353
f  1353/1353/1353 1354/1354/1354 1323/1323/1323
f  1354/1354/1354 1355/1355/1355 1323/1323/1323
f  1323/1323/1323 1355/1355/1355 1325/1325/1325
f  1356/1356/1356 1355/1355/1355 1354/1354/1354
f  1355/1355/1355 1356/1356/1356 1325/1325/1325
f  1325/1325/1325 1356/1356/1356 1357/1357/1357
f  1325/1325/1325 1357/1357/1357 1327/1327/1327
f  1357/1357/1357 1358/1358/1358 1327/1327/1327
f  1356/1356/1356 1358/1358/1358 1357/1357/1357
f  1358/1358/1358 1359/1359/1359 1327/1327/1327
f  1327/1327/1327 1359/1359/1359 1329/1329/1329
f  1359/1359/1359 1360/1360/1360 1329/1329/1329
f  1360/1360/1360 1359/1359/1359 1358/1358/1358
f  1329/1329/1329 1360/1360/1360 1361/1361/1361
f  1361/1361/1361 1332/1332/1332 1329/1329/1329
f  1361/1361/1361 1362/1362/1362 1332/1332/1332
f  1360/1360/1360 1362/1362/1362 1361/1361/1361
f  1362/1362/1362 1363/1363/1363 1332/1332/1332
f  1332/1332/1332 1363/1363/1363 1334/1334/1334
f  1363/1363/1363 1364/1364/1364 1334/1334/1334
f  1364/1364/1364 1363/1363/1363 1362/1362/1362
f  1334/1334/1334 1364/1364/1364 1365/1365/1365
f  1364/1364/1364 1366/1366/1366 1365/1365/1365
f  1336/1336/1336 1367/1367/1367 1338/1338/1338
f  1367/1367/1367 1368/1368/1368 1338/1338/1338
f  1338/1338/1338 1369/1369/1369 1340/1340/1340
f  1338/1338/1338 1368/1368/1368 1369/1369/1369
f  1368/1368/1368 1370/1370/1370 1369/1369/1369
f  1369/1369/1369 1370/1370/1370 1340/1340/1340
f  1340/1340/1340 1371/1371/1371 1342/1342/1342
f  1370/1370/1370 1371/1371/1371 1340/1340/1340
f  1371/1371/1371 1370/1370/1370 1372/1372/1372
f  1371/1371/1371 1372/1372/1372 1342/1342/1342
f  1342/1342/1342 1373/1373/1373 1344/1344/1344
f  1342/1342/1342 1372/1372/1372 1373/1373/1373
f  1372/1372/1372 1374/1374/1374 1373/1373/1373
f  1373/1373/1373 1374/1374/1374 1344/1344/1344
f  1344/1344/1344 1375/1375/1375 1346/1346/1346
f  1374/1374/1374 1375/1375/1375 1344/1344/1344
f  1375/1375/1375 1376/1376/1376 1346/1346/1346
f  1375/1375/1375 1374/1374/1374 1376/1376/1376
f  1346/1346/1346 1376/1376/1376 1377/1377/1377
f  1377/1377/1377 1348/1348/1348 1346/1346/1346
f  1376/1376/1376 1378/1378/1378 1377/1377/1377
f  1377/1377/1377 1378/1378/1378 1348/1348/1348
f  1348/1348/1348 1379/1379/1379 1350/1350/1350
f  1378/1378/1378 1379/1379/1379 1348/1348/1348
f  1379/1379/1379 1380/1380/1380 1350/1350/1350
f  1380/1380/1380 1379/1379/1379 1378/1378/1378
f  1350/1350/1350 1380/1380/1380 1381/1381/1381
f  1381/1381/1381 1352/1352/1352 1350/1350/1350
f  1381/1381/1381 1382/1382/1382 1352/1352/1352
f  1380/1380/1380 1382/1382/1382 1381/1381/1381
f  1382/1382/1382 1383/1383/1383 1352/1352/1352
f  1352/1352/1352 1383/1383/1383 1354/1354/1354
f  1383/1383/1383 1384/1384/1384 1354/1354/1354
f  1383/1383/1383 1382/1382/1382 1384/1384/1384
f  1354/1354/1354 1384/1384/1384 1385/1385/1385
f  1385/1385/1385 1356/1356/1356 1354/1354/1354
f  1385/1385/1385 1386/1386/1386 1356/1356/1356
f  1384/1384/1384 1386/1386/1386 1385/1385/1385
f  1386/1386/1386 1387/1387/1387 1356/1356/1356
f  1356/1356/1356 1387/1387/1387 1358/1358/1358
f  1387/1387/1387 1388/1388/1388 1358/1358/1358
f  1388/1388/1388 1387/1387/1387 1386/1386/1386
f  1389/1389/1389 1360/1360/1360 1358/1358/1358
f  1358/1358/1358 1388/1388/1388 1389/1389/1389
f  1388/1388/1388 1390/1390/1390 1389/1389/1389
f  1389/1389/1389 1390/1390/1390 1360/1360/1360
f  1360/1360/1360 1391/1391/1391 1362/1362/1362
f  1390/1390/1390 1391/1391/1391 1360/1360/1360
f  1391/1391/1391 1392/1392/1392 1362/1362/1362
f  1392/1392/1392 1391/1391/1391 1390/1390/1390
f  1393/1393/1393 1364/1364/1364 1362/1362/1362
f  1362/1362/1362 1392/1392/1392 1393/1393/1393
f  1393/1393/1393 1394/1394/1394 1364/1364/1364
f  1392/1392/1392 1394/1394/1394 1393/1393/1393
f  1394/1394/1394 1395/1395/1395 1364/1364/1364
f  1364/1364/1364 1395/1395/1395 1366/1366/1366
f  1395/1395/1395 1396/1396/1396 1366/1366/1366
f  1395/1395/1395 1394/1394/1394 1396/1396/1396
f  1366/1366/1366 1396/1396/1396 1397/1397/1397
f  1396/1396/1396 1398/1398/1398 1397/1397/1397
f  1368/1368/1368 1399/1399/1399 1370/1370/1370
f  1399/1399/1399 1400/1400/1400 1370/1370/1370
f  1370/1370/1370 1400/1400/1400 1401/1401/1401
f  1370/1370/1370 1401/1401/1401 1372/1372/1372
f  1401/1401/1401 1402/1402/1402 1372/1372/1372
f  1400/1400/1400 1402/1402/1402 1401/1401/1401
f  1402/1402/1402 1403/1403/1403 1372/1372/1372
f  1372/1372/1372 1403/1403/1403 1374/1374/1374
f  1403/1403/1403 1402/1402/1402 1404/1404/1404
f  1403/1403/1403 1404/1404/1404 1374/1374/1374
f  1374/1374/1374 1405/1405/1405 1376/1376/1376
f  1374/1374/1374 1404/1404/1404 1405/1405/1405
f  1404/1404/1404 1406/1406/1406 1405/1405/1405
f  1405/1405/1405 1406/1406/1406 1376/1376/1376
f  1376/1376/1376 1407/1407/1407 1378/1378/1378
f  1406/1406/1406 1407/1407/1407 1376/1376/1376
f  1408/1408/1408 1407/1407/1407 1406/1406/1406
f  1407/1407/1407 1408/1408/1408 1378/1378/1378
f  1378/1378/1378 1408/1408/1408 1409/1409/1409
f  1409/1409/1409 1380/1380/1380 1378/1378/1378
f  1409/1409/1409 1410/1410/1410 1380/1380/1380
f  1408/1408/1408 1410/1410/1410 1409/1409/1409
f  1380/1380/1380 1411/1411/1411 1382/1382/1382
f  1410/1410/1410 1411/1411/1411 1380/1380/1380
f  1412/1412/1412 1411/1411/1411 1410/1410/1410
f  1411/1411/1411 1412/1412/1412 1382/1382/1382
f  1382/1382/1382 1413/1413/1413 1384/1384/1384
f  1382/1382/1382 1412/1412/1412 1413/1413/1413
f  1412/1412/1412 1414/1414/1414 1413/1413/1413
f  1413/1413/1413 1414/1414/1414 1384/1384/1384
f  1384/1384/1384 1415/1415/1415 1386/1386/1386
f  1414/1414/1414 1415/1415/1415 1384/1384/1384
f  1415/1415/1415 1416/1416/1416 1386/1386/1386
f  1416/1416/1416 1415/1415/1415 1414/1414/1414
f  1417/1417/1417 1388/1388/1388 1386/1386/1386
f  1386/1386/1386 1416/1416/1416 1417/1417/1417
f  1416/1416/1416 1418/1418/1418 1417/1417/1417
f  1417/1417/1417 1418/1418/1418 1388/1388/1388
f  1418/1418/1418 1419/1419/1419 1388/1388/1388
f  1388/1388/1388 1419/1419/1419 1390/1390/1390
f  1419/1419/1419 1420/1420/1420 1390/1390/1390
f  1420/1420/1420 1419/1419/1419 1418/1418/1418
f  1421/1421/1421 1392/1392/1392 1390/1390/1390
f  1390/1390/1390 1420/1420/1420 1421/1421/1421
f  1421/1421/1421 1422/1422/1422 1392/1392/1392
f  1420/1420/1420 1422/1422/1422 1421/1421/1421
f  1392/1392/1392 1423/1423/1423 1394/1394/1394
f  1422/1422/1422 1423/1423/1423 1392/1392/1392
f  1423/1423/1423 1424/1424/1424 1394/1394/1394
f  1424/1424/1424 1423/1423/1423 1422/1422/1422
f  1394/1394/1394 1425/1425/1425 1396/1396/1396
f  1394/1394/1394 1424/1424/1424 1425/1425/1425
f  1425/1425/1425 1426/1426/1426 1396/1396/1396
f  1424/1424/1424 1426/1426/1426 1425/1425/1425
f  1396/1396/1396 1427/1427/1427 1398/1398/1398
f  1426/1426/1426 1427/1427/1427 1396/1396/1396
f  1428/1428/1428 1427/1427/1427 1426/1426/1426
f  1427/1427/1427 1428/1428/1428 1398/1398/1398
f  1398/1398/1398 1428/1428/1428 1429/1429/1429
f  1428/1428/1428 1430/1430/1430 1429/1429/1429
f  1400/1400/1400 1431/1431/1431 1402/1402/1402
f  1431/1431/1431 1432/1432/1432 1402/1402/1402
f  1402/1402/1402 1432/1432/1432 1433/1433/1433
f  1402/1402/1402 1433/1433/1433 1404/1404/1404
f  1433/1433/1433 1434/1434/1434 1404/1404/1404
f  1432/1432/1432 1434/1434/1434 1433/1433/1433
f  1434/1434/1434 1435/1435/1435 1404/1404/1404
f  1404/1404/1404 1435/1435/1435 1406/1406/1406
f  1436/1436/1436 1435/1435/1435 1434/1434/1434
f  1435/1435/1435 1436/1436/1436 1406/1406/1406
f  1437/1437/1437 1408/1408/1408 1406/1406/1406
f  1406/1406/1406 1436/1436/1436 1437/1437/1437
f  1436/1436/1436 1438/1438/1438 1437/1437/1437
f  1437/1437/1437 1438/1438/1438 1408/1408/1408
f  1438/1438/1438 1439/1439/1439 1408/1408/1408
f  1408/1408/1408 1439/1439/1439 1410/1410/1410
f  1439/1439/1439 1440/1440/1440 1410/1410/1410
f  1439/1439/1439 1438/1438/1438 1440/1440/1440
f  1441/1441/1441 1412/1412/1412 1410/1410/1410
f  1410/1410/1410 1440/1440/1440 1441/1441/1441
f  1441/1441/1441 1442/1442/1442 1412/1412/1412
f  1440/1440/1440 1442/1442/1442 1441/1441/1441
f  1412/1412/1412 1443/1443/1443 1414/1414/1414
f  1442/1442/1442 1443/1443/1443 1412/1412/1412
f  1443/1443/1443 1444/1444/1444 1414/1414/1414
f  1444/1444/1444 1443/1443/1443 1442/1442/1442
f  1445/1445/1445 1416/1416/1416 1414/1414/1414
f  1414/1414/1414 1444/1444/1444 1445/1445/1445
f  1444/1444/1444 1446/1446/1446 1445/1445/1445
f  1445/1445/1445 1446/1446/1446 1416/1416/1416
f  1416/1416/1416 1447/1447/1447 1418/1418/1418
f  1446/1446/1446 1447/1447/1447 1416/1416/1416
f  1447/1447/1447 1448/1448/1448 1418/1418/1418
f  1447/1447/1447 1446/1446/1446 1448/1448/1448
f  1449/1449/1449 1420/1420/1420 1418/1418/1418
f  1418/1418/1418 1448/1448/1448 1449/1449/1449
f  1449/1449/1449 1450/1450/1450 1420/1420/1420
f  1448/1448/1448 1450/1450/1450 1449/1449/1449
f  1450/1450/1450 1451/1451/1451 1420/1420/1420
f  1420/1420/1420 1451/1451/1451 1422/1422/1422
f  1451/1451/1451 1450/1450/1450 1452/1452/1452
f  1451/1451/1451 1452/1452/1452 1422/1422/1422
f  1453/1453/1453 1424/1424/1424 1422/1422/1422
f  1422/1422/1422 1452/1452/1452 1453/1453/1453
f  1453/1453/1453 1454/1454/1454 1424/1424/1424
f  1452/1452/1452 1454/1454/1454 1453/1453/1453
f  1454/1454/1454 1455/1455/1455 1424/1424/1424
f  1424/1424/1424 1455/1455/1455 1426/1426/1426
f  1455/1455/1455 1456/1456/1456 1426/1426/1426
f  1455/1455/1455 1454/1454/1454 1456/1456/1456
f  1426/1426/1426 1456/1456/1456 1457/1457/1457
f  1457/1457/1457 1428/1428/1428 1426/1426/1426
f  1456/1456/1456 1458/1458/1458 1457/1457/1457
f  1457/1457/1457 1458/1458/1458 1428/1428/1428
f  1458/1458/1458 1459/1459/1459 1428/1428/1428
f  1428/1428/1428 1459/1459/1459 1430/1430/1430
f  1460/1460/1460 1459/1459/1459 1458/1458/1458
f  1459/1459/1459 1460/1460/1460 1430/1430/1430
f  1430/1430/1430 1460/1460/1460 1461/1461/1461
f  1460/1460/1460 1462/1462/1462 1461/1461/1461
f  1432/1432/1432 1463/1463/1463 1434/1434/1434
f  1463/1463/1463 1464/1464/1464 1434/1434/1434
f  1434/1434/1434 1464/1464/1464 1465/1465/1465
f  1465/1465/1465 1436/1436/1436 1434/1434/1434
f  1465/1465/1465 1466/1466/1466 1436/1436/1436
f  1464/1464/1464 1466/1466/1466 1465/1465/1465
f  1436/1436/1436 1467/1467/1467 1438/1438/1438
f  1466/1466/1466 1467/1467/1467 1436/1436/1436
f  1467/1467/1467 1468/1468/1468 1438/1438/1438
f  1466/1466/1466 1468/1468/1468 1467/1467/1467
f  1438/1438/1438 1468/1468/1468 1469/1469/1469
f  1438/1438/1438 1469/1469/1469 1440/1440/1440
f  1468/1468/1468 1470/1470/1470 1469/1469/1469
f  1469/1469/1469 1470/1470/1470 1440/1440/1440
f  1440/1440/1440 1471/1471/1471 1442/1442/1442
f  1470/1470/1470 1471/1471/1471 1440/1440/1440
f  1470/1470/1470 1472/1472/1472 1471/1471/1471
f  1471/1471/1471 1472/1472/1472 1442/1442/1442
f  1473/1473/1473 1444/1444/1444 1442/1442/1442
f  1442/1442/1442 1472/1472/1472 1473/1473/1473
f  1472/1472/1472 1474/1474/1474 1473/1473/1473
f  1473/1473/1473 1474/1474/1474 1444/1444/1444
f  1444/1444/1444 1475/1475/1475 1446/1446/1446
f  1474/1474/1474 1475/1475/1475 1444/1444/1444
f  1474/1474/1474 1476/1476/1476 1475/1475/1475
f  1475/1475/1475 1476/1476/1476 1446/1446/1446
f  1446/1446/1446 1476/1476/1476 1477/1477/1477
f  1446/1446/1446 1477/1477/1477 1448/1448/1448
f  1477/1477/1477 1478/1478/1478 1448/1448/1448
f  1476/1476/1476 1478/1478/1478 1477/1477/1477
f  1478/1478/1478 1479/1479/1479 1448/1448/1448
f  1448/1448/1448 1479/1479/1479 1450/1450/1450
f  1479/1479/1479 1480/1480/1480 1450/1450/1450
f  1478/1478/1478 1480/1480/1480 1479/1479/1479
f  1450/1450/1450 1480/1480/1480 1481/1481/1481
f  1450/1450/1450 1481/1481/1481 1452/1452/1452
f  1481/1481/1481 1482/1482/1482 1452/1452/1452
f  1480/1480/1480 1482/1482/1482 1481/1481/1481
f  1482/1482/1482 1483/1483/1483 1452/1452/1452
f  1452/1452/1452 1483/1483/1483 1454/1454/1454
f  1482/1482/1482 1484/1484/1484 1483/1483/1483
f  1483/1483/1483 1484/1484/1484 1454/1454/1454
f  1454/1454/1454 1484/1484/1484 1485/1485/1485
f  1454/1454/1454 1485/1485/1485 1456/1456/1456
f  1484/1484/1484 1486/1486/1486 1485/1485/1485
f  1485/1485/1485 1486/1486/1486 1456/1456/1456
f  1456/1456/1456 1487/1487/1487 1458/1458/1458
f  1486/1486/1486 1487/1487/1487 1456/1456/1456
f  1487/1487/1487 1488/1488/1488 1458/1458/1458
f  1486/1486/1486 1488/1488/1488 1487/1487/1487
f  1489/1489/1489 1460/1460/1460 1458/1458/1458
f  1458/1458/1458 1488/1488/1488 1489/1489/1489
f  1488/1488/1488 1490/1490/1490 1489/1489/1489
f  1489/1489/1489 1490/1490/1490 1460/1460/1460
f  1490/1490/1490 1491/1491/1491 1460/1460/1460
f  1460/1460/1460 1491/1491/1491 1462/1462/1462
f  1491/1491/1491 1490/1490/1490 1492/1492/1492
f  1490/1490/1490 1493/1493/1493 1492/1492/1492
f  1490/1490/1490 1488/1488/1488 1493/1493/1493
f  1492/1492/1492 1493/1493/1493 1494/1494/1494
f  1493/1493/1493 1488/1488/1488 1494/1494/1494
f  1488/1488/1488 1486/1486/1486 1495/1495/1495
f  1494/1494/1494 1488/1488/1488 1495/1495/1495
f  1495/1495/1495 1486/1486/1486 1496/1496/1496
f  1495/1495/1495 1496/1496/1496 1494/1494/1494
f  1486/1486/1486 1497/1497/1497 1496/1496/1496
f  1486/1486/1486 1484/1484/1484 1497/1497/1497
f  1497/1497/1497 1484/1484/1484 1498/1498/1498
f  1496/1496/1496 1497/1497/1497 1498/1498/1498
f  1498/1498/1498 1484/1484/1484 1499/1499/1499
f  1484/1484/1484 1482/1482/1482 1499/1499/1499
f  1499/1499/1499 1482/1482/1482 1500/1500/1500
f  1498/1498/1498 1499/1499/1499 1500/1500/1500
f  1482/1482/1482 1480/1480/1480 1501/1501/1501
f  1482/1482/1482 1501/1501/1501 1500/1500/1500
f  1501/1501/1501 1480/1480/1480 1502/1502/1502
f  1500/1500/1500 1501/1501/1501 1502/1502/1502
f  1480/1480/1480 1478/1478/1478 1503/1503/1503
f  1502/1502/1502 1480/1480/1480 1503/1503/1503
f  1502/1502/1502 1503/1503/1503 1504/1504/1504
f  1503/1503/1503 1478/1478/1478 1504/1504/1504
f  1478/1478/1478 1476/1476/1476 1505/1505/1505
f  1478/1478/1478 1505/1505/1505 1504/1504/1504
f  1505/1505/1505 1476/1476/1476 1506/1506/1506
f  1504/1504/1504 1505/1505/1505 1506/1506/1506
f  1506/1506/1506 1476/1476/1476 1507/1507/1507
f  1476/1476/1476 1474/1474/1474 1507/1507/1507
f  1507/1507/1507 1474/1474/1474 1508/1508/1508
f  1506/1506/1506 1507/1507/1507 1508/1508/1508
f  1474/1474/1474 1472/1472/1472 1509/1509/1509
f  1474/1474/1474 1509/1509/1509 1508/1508/1508
f  1509/1509/1509 1472/1472/1472 1510/1510/1510
f  1508/1508/1508 1509/1509/1509 1510/1510/1510
f  1510/1510/1510 1472/1472/1472 1511/1511/1511
f  1472/1472/1472 1470/1470/1470 1511/1511/1511
f  1511/1511/1511 1470/1470/1470 1512/1512/1512
f  1511/1511/1511 1512/1512/1512 1510/1510/1510
f  1470/1470/1470 1468/1468/1468 1513/1513/1513
f  1470/1470/1470 1513/1513/1513 1512/1512/1512
f  1513/1513/1513 1468/1468/1468 1514/1514/1514
f  1512/1512/1512 1513/1513/1513 1514/1514/1514
f  1514/1514/1514 1468/1468/1468 1515/1515/1515
f  1468/1468/1468 1466/1466/1466 1515/1515/1515
f  1515/1515/1515 1516/1516/1516 1514/1514/1514
f  1515/1515/1515 1466/1466/1466 1516/1516/1516
f  1466/1466/1466 1464/1464/1464 1517/1517/1517
f  1466/1466/1466 1517/1517/1517 1516/1516/1516
f  1516/1516/1516 1517/1517/1517 1518/1518/1518
f  1517/1517/1517 1464/1464/1464 1518/1518/1518
f  1518/1518/1518 1464/1464/1464 1519/1519/1519
f  1464/1464/1464 1520/1520/1520 1519/1519/1519
f  1520/1520/1520 1464/1464/1464 1463/1463/1463
f  1520/1520/1520 1463/1463/1463 1432/1432/1432
f  1518/1518/1518 1519/1519/1519 1521/1521/1521
f  1519/1519/1519 1520/1520/1520 1521/1521/1521
f  1520/1520/1520 1522/1522/1522 1521/1521/1521
f  1521/1521/1521 1522/1522/1522 1523/1523/1523
f  1522/1522/1522 1524/1524/1524 1523/1523/1523
f  1520/1520/1520 1524/1524/1524 1522/1522/1522
f  1523/1523/1523 1524/1524/1524 1525/1525/1525
f  1524/1524/1524 1526/1526/1526 1525/1525/1525
f  1523/1523/1523 1525/1525/1525 1527/1527/1527
f  1525/1525/1525 1526/1526/1526 1527/1527/1527
f  1526/1526/1526 1528/1528/1528 1527/1527/1527
f  1523/1523/1523 1529/1529/1529 1521/1521/1521
f  1529/1529/1529 1530/1530/1530 1521/1521/1521
f  1531/1531/1531 1518/1518/1518 1521/1521/1521
f  1521/1521/1521 1530/1530/1530 1531/1531/1531
f  1531/1531/1531 1532/1532/1532 1518/1518/1518
f  1530/1530/1530 1532/1532/1532 1531/1531/1531
f  1518/1518/1518 1533/1533/1533 1516/1516/1516
f  1532/1532/1532 1533/1533/1533 1518/1518/1518
f  1533/1533/1533 1534/1534/1534 1516/1516/1516
f  1534/1534/1534 1533/1533/1533 1532/1532/1532
f  1516/1516/1516 1535/1535/1535 1514/1514/1514
f  1516/1516/1516 1534/1534/1534 1535/1535/1535
f  1534/1534/1534 1536/1536/1536 1535/1535/1535
f  1535/1535/1535 1536/1536/1536 1514/1514/1514
f  1536/1536/1536 1537/1537/1537 1514/1514/1514
f  1514/1514/1514 1537/1537/1537 1512/1512/1512
f  1537/1537/1537 1538/1538/1538 1512/1512/1512
f  1538/1538/1538 1537/1537/1537 1536/1536/1536
f  1512/1512/1512 1539/1539/1539 1510/1510/1510
f  1512/1512/1512 1538/1538/1538 1539/1539/1539
f  1539/1539/1539 1540/1540/1540 1510/1510/1510
f  1538/1538/1538 1540/1540/1540 1539/1539/1539
f  1510/1510/1510 1541/1541/1541 1508/1508/1508
f  1540/1540/1540 1541/1541/1541 1510/1510/1510
f  1541/1541/1541 1542/1542/1542 1508/1508/1508
f  1541/1541/1541 1540/1540/1540 1542/1542/1542
f  1543/1543/1543 1506/1506/1506 1508/1508/1508
f  1508/1508/1508 1542/1542/1542 1543/1543/1543
f  1542/1542/1542 1544/1544/1544 1543/1543/1543
f  1543/1543/1543 1544/1544/1544 1506/1506/1506
f  1506/1506/1506 1545/1545/1545 1504/1504/1504
f  1544/1544/1544 1545/1545/1545 1506/1506/1506
f  1545/1545/1545 1546/1546/1546 1504/1504/1504
f  1545/1545/1545 1544/1544/1544 1546/1546/1546
f  1547/1547/1547 1502/1502/1502 1504/1504/1504
f  1504/1504/1504 1546/1546/1546 1547/1547/1547
f  1547/1547/1547 1548/1548/1548 1502/1502/1502
f  1546/1546/1546 1548/1548/1548 1547/1547/1547
f  1548/1548/1548 1549/1549/1549 1502/1502/1502
f  1502/1502/1502 1549/1549/1549 1500/1500/1500
f  1550/1550/1550 1549/1549/1549 1548/1548/1548
f  1549/1549/1549 1550/1550/1550 1500/1500/1500
f  1551/1551/1551 1498/1498/1498 1500/1500/1500
f  1500/1500/1500 1550/1550/1550 1551/1551/1551
f  1550/1550/1550 1552/1552/1552 1551/1551/1551
f  1551/1551/1551 1552/1552/1552 1498/1498/1498
f  1552/1552/1552 1553/1553/1553 1498/1498/1498
f  1498/1498/1498 1553/1553/1553 1496/1496/1496
f  1553/1553/1553 1554/1554/1554 1496/1496/1496
f  1554/1554/1554 1553/1553/1553 1552/1552/1552
f  1496/1496/1496 1554/1554/1554 1555/1555/1555
f  1496/1496/1496 1555/1555/1555 1494/1494/1494
f  1555/1555/1555 1556/1556/1556 1494/1494/1494
f  1554/1554/1554 1556/1556/1556 1555/1555/1555
f  1556/1556/1556 1557/1557/1557 1494/1494/1494
f  1494/1494/1494 1557/1557/1557 1492/1492/1492
f  1530/1530/1530 1558/1558/1558 1532/1532/1532
f  1558/1558/1558 1559/1559/1559 1532/1532/1532
f  1560/1560/1560 1534/1534/1534 1532/1532/1532
f  1532/1532/1532 1559/1559/1559 1560/1560/1560
f  1559/1559/1559 1561/1561/1561 1560/1560/1560
f  1560/1560/1560 1561/1561/1561 1534/1534/1534
f  1534/1534/1534 1562/1562/1562 1536/1536/1536
f  1561/1561/1561 1562/1562/1562 1534/1534/1534
f  1562/1562/1562 1563/1563/1563 1536/1536/1536
f  1563/1563/1563 1562/1562/1562 1561/1561/1561
f  1564/1564/1564 1538/1538/1538 1536/1536/1536
f  1536/1536/1536 1563/1563/1563 1564/1564/1564
f  1563/1563/1563 1565/1565/1565 1564/1564/1564
f  1564/1564/1564 1565/1565/1565 1538/1538/1538
f  1538/1538/1538 1566/1566/1566 1540/1540/1540
f  1565/1565/1565 1566/1566/1566 1538/1538/1538
f  1566/1566/1566 1567/1567/1567 1540/1540/1540
f  1567/1567/1567 1566/1566/1566 1565/1565/1565
f  1540/1540/1540 1568/1568/1568 1542/1542/1542
f  1540/1540/1540 1567/1567/1567 1568/1568/1568
f  1568/1568/1568 1569/1569/1569 1542/1542/1542
f  1567/1567/1567 1569/1569/1569 1568/1568/1568
f  1542/1542/1542 1570/1570/1570 1544/1544/1544
f  1569/1569/1569 1570/1570/1570 1542/1542/1542
f  1571/1571/1571 1570/1570/1570 1569/1569/1569
f  1570/1570/1570 1571/1571/1571 1544/1544/1544
f  1544/1544/1544 1571/1571/1571 1572/1572/1572
f  1544/1544/1544 1572/1572/1572 1546/1546/1546
f  1571/1571/1571 1573/1573/1573 1572/1572/1572
f  1572/1572/1572 1573/1573/1573 1546/1546/1546
f  1546/1546/1546 1574/1574/1574 1548/1548/1548
f  1573/1573/1573 1574/1574/1574 1546/1546/1546
f  1574/1574/1574 1573/1573/1573 1575/1575/1575
f  1574/1574/1574 1575/1575/1575 1548/1548/1548
f  1576/1576/1576 1550/1550/1550 1548/1548/1548
f  1548/1548/1548 1575/1575/1575 1576/1576/1576
f  1576/1576/1576 1577/1577/1577 1550/1550/1550
f  1575/1575/1575 1577/1577/1577 1576/1576/1576
f  1550/1550/1550 1578/1578/1578 1552/1552/1552
f  1577/1577/1577 1578/1578/1578 1550/1550/1550
f  1578/1578/1578 1577/1577/1577 1579/1579/1579
f  1578/1578/1578 1579/1579/1579 1552/1552/1552
f  1580/1580/1580 1554/1554/1554 1552/1552/1552
f  1552/1552/1552 1579/1579/1579 1580/1580/1580
f  1579/1579/1579 1581/1581/1581 1580/1580/1580
f  1580/1580/1580 1581/1581/1581 1554/1554/1554
f  1581/1581/1581 1582/1582/1582 1554/1554/1554
f  1554/1554/1554 1582/1582/1582 1556/1556/1556
f  1559/1559/1559 1583/1583/1583 1561/1561/1561
f  1583/1583/1583 1584/1584/1584 1561/1561/1561
f  1561/1561/1561 1584/1584/1584 1585/1585/1585
f  1585/1585/1585 1563/1563/1563 1561/1561/1561
f  1585/1585/1585 1586/1586/1586 1563/1563/1563
f  1584/1584/1584 1586/1586/1586 1585/1585/1585
f  1586/1586/1586 1587/1587/1587 1563/1563/1563
f  1563/1563/1563 1587/1587/1587 1565/1565/1565
f  1587/1587/1587 1586/1586/1586 1588/1588/1588
f  1587/1587/1587 1588/1588/1588 1565/1565/1565
f  1589/1589/1589 1567/1567/1567 1565/1565/1565
f  1565/1565/1565 1588/1588/1588 1589/1589/1589
f  1588/1588/1588 1590/1590/1590 1589/1589/1589
f  1589/1589/1589 1590/1590/1590 1567/1567/1567
f  1590/1590/1590 1591/1591/1591 1567/1567/1567
f  1567/1567/1567 1591/1591/1591 1569/1569/1569
f  1592/1592/1592 1591/1591/1591 1590/1590/1590
f  1591/1591/1591 1592/1592/1592 1569/1569/1569
f  1593/1593/1593 1571/1571/1571 1569/1569/1569
f  1569/1569/1569 1592/1592/1592 1593/1593/1593
f  1592/1592/1592 1594/1594/1594 1593/1593/1593
f  1593/1593/1593 1594/1594/1594 1571/1571/1571
f  1571/1571/1571 1595/1595/1595 1573/1573/1573
f  1594/1594/1594 1595/1595/1595 1571/1571/1571
f  1595/1595/1595 1594/1594/1594 1596/1596/1596
f  1595/1595/1595 1596/1596/1596 1573/1573/1573
f  1573/1573/1573 1597/1597/1597 1575/1575/1575
f  1573/1573/1573 1596/1596/1596 1597/1597/1597
f  1596/1596/1596 1598/1598/1598 1597/1597/1597
f  1597/1597/1597 1598/1598/1598 1575/1575/1575
f  1598/1598/1598 1599/1599/1599 1575/1575/1575
f  1575/1575/1575 1599/1599/1599 1577/1577/1577
f  1600/1600/1600 1599/1599/1599 1598/1598/1598
f  1599/1599/1599 1600/1600/1600 1577/1577/1577
f  1577/1577/1577 1600/1600/1600 1601/1601/1601
f  1577/1577/1577 1601/1601/1601 1579/1579/1579
f  1601/1601/1601 1602/1602/1602 1579/1579/1579
f  1600/1600/1600 1602/1602/1602 1601/1601/1601
f  1602/1602/1602 1603/1603/1603 1579/1579/1579
f  1579/1579/1579 1603/1603/1603 1581/1581/1581
f  1584/1584/1584 1604/1604/1604 1586/1586/1586
f  1604/1604/1604 1605/1605/1605 1586/1586/1586
f  1586/1586/1586 1605/1605/1605 1606/1606/1606
f  1586/1586/1586 1606/1606/1606 1588/1588/1588
f  1605/1605/1605 1607/1607/1607 1606/1606/1606
f  1606/1606/1606 1607/1607/1607 1588/1588/1588
f  1588/1588/1588 1608/1608/1608 1590/1590/1590
f  1607/1607/1607 1608/1608/1608 1588/1588/1588
f  1608/1608/1608 1609/1609/1609 1590/1590/1590
f  1608/1608/1608 1607/1607/1607 1609/1609/1609
f  1590/1590/1590 1609/1609/1609 1610/1610/1610
f  1610/1610/1610 1592/1592/1592 1590/1590/1590
f  1610/1610/1610 1611/1611/1611 1592/1592/1592
f  1609/1609/1609 1611/1611/1611 1610/1610/1610
f  1592/1592/1592 1612/1612/1612 1594/1594/1594
f  1611/1611/1611 1612/1612/1612 1592/1592/1592
f  1612/1612/1612 1613/1613/1613 1594/1594/1594
f  1612/1612/1612 1611/1611/1611 1613/1613/1613
f  1594/1594/1594 1614/1614/1614 1596/1596/1596
f  1594/1594/1594 1613/1613/1613 1614/1614/1614
f  1613/1613/1613 1615/1615/1615 1614/1614/1614
f  1614/1614/1614 1615/1615/1615 1596/1596/1596
f  1596/1596/1596 1616/1616/1616 1598/1598/1598
f  1615/1615/1615 1616/1616/1616 1596/1596/1596
f  1616/1616/1616 1617/1617/1617 1598/1598/1598
f  1617/1617/1617 1616/1616/1616 1615/1615/1615
f  1598/1598/1598 1617/1617/1617 1618/1618/1618
f  1618/1618/1618 1600/1600/1600 1598/1598/1598
f  1618/1618/1618 1619/1619/1619 1600/1600/1600
f  1617/1617/1617 1619/1619/1619 1618/1618/1618
f  1619/1619/1619 1620/1620/1620 1600/1600/1600
f  1600/1600/1600 1620/1620/1620 1602/1602/1602
f  1605/1605/1605 1621/1621/1621 1607/1607/1607
f  1621/1621/1621 1622/1622/1622 1607/1607/1607
f  1607/1607/1607 1623/1623/1623 1609/1609/1609
f  1607/1607/1607 1622/1622/1622 1623/1623/1623
f  1623/1623/1623 1624/1624/1624 1609/1609/1609
f  1622/1622/1622 1624/1624/1624 1623/1623/1623
f  1609/1609/1609 1625/1625/1625 1611/1611/1611
f  1624/1624/1624 1625/1625/1625 1609/1609/1609
f  1625/1625/1625 1626/1626/1626 1611/1611/1611
f  1626/1626/1626 1625/1625/1625 1624/1624/1624
f  1611/1611/1611 1626/1626/1626 1627/1627/1627
f  1611/1611/1611 1627/1627/1627 1613/1613/1613
f  1627/1627/1627 1628/1628/1628 1613/1613/1613
f  1626/1626/1626 1628/1628/1628 1627/1627/1627
f  1613/1613/1613 1629/1629/1629 1615/1615/1615
f  1628/1628/1628 1629/1629/1629 1613/1613/1613
f  1629/1629/1629 1630/1630/1630 1615/1615/1615
f  1630/1630/1630 1629/1629/1629 1628/1628/1628
f  1631/1631/1631 1617/1617/1617 1615/1615/1615
f  1615/1615/1615 1630/1630/1630 1631/1631/1631
f  1631/1631/1631 1632/1632/1632 1617/1617/1617
f  1630/1630/1630 1632/1632/1632 1631/1631/1631
f  1617/1617/1617 1633/1633/1633 1619/1619/1619
f  1632/1632/1632 1633/1633/1633 1617/1617/1617
f  1622/1622/1622 1634/1634/1634 1624/1624/1624
f  1634/1634/1634 1635/1635/1635 1624/1624/1624
f  1624/1624/1624 1635/1635/1635 1636/1636/1636
f  1636/1636/1636 1626/1626/1626 1624/1624/1624
f  1635/1635/1635 1637/1637/1637 1636/1636/1636
f  1636/1636/1636 1637/1637/1637 1626/1626/1626
f  1626/1626/1626 1638/1638/1638 1628/1628/1628
f  1637/1637/1637 1638/1638/1638 1626/1626/1626
f  1638/1638/1638 1637/1637/1637 1639/1639/1639
f  1638/1638/1638 1639/1639/1639 1628/1628/1628
f  1628/1628/1628 1639/1639/1639 1640/1640/1640
f  1640/1640/1640 1630/1630/1630 1628/1628/1628
f  1639/1639/1639 1641/1641/1641 1640/1640/1640
f  1640/1640/1640 1641/1641/1641 1630/1630/1630
f  1641/1641/1641 1642/1642/1642 1630/1630/1630
f  1630/1630/1630 1642/1642/1642 1632/1632/1632
f  1637/1637/1637 1643/1643/1643 1639/1639/1639
f  1639/1639/1639 1643/1643/1643 1641/1641/1641
f  1643/1643/1643 1644/1644/1644 1641/1641/1641
f  1643/1643/1643 1637/1637/1637 1644/1644/1644
f  1641/1641/1641 1644/1644/1644 1645/1645/1645
f  1644/1644/1644 1646/1646/1646 1645/1645/1645
f  1647/1647/1647 1635/1635/1635 1646/1646/1646
f  1637/1637/1637 1647/1647/1647 1644/1644/1644
f  1644/1644/1644 1647/1647/1647 1646/1646/1646
f  1635/1635/1635 1647/1647/1647 1637/1637/1637
f  1646/1646/1646 1635/1635/1635 1648/1648/1648
f  1635/1635/1635 1649/1649/1649 1648/1648/1648
f  1635/1635/1635 1634/1634/1634 1649/1649/1649
f  1634/1634/1634 1622/1622/1622 1649/1649/1649
f  1649/1649/1649 1622/1622/1622 1650/1650/1650
f  1621/1621/1621 1605/1605/1605 1651/1651/1651
f  1622/1622/1622 1651/1651/1651 1650/1650/1650
f  1622/1622/1622 1621/1621/1621 1651/1651/1651
f  1651/1651/1651 1605/1605/1605 1652/1652/1652
f  1604/1604/1604 1584/1584/1584 1653/1653/1653
f  1605/1605/1605 1653/1653/1653 1652/1652/1652
f  1605/1605/1605 1604/1604/1604 1653/1653/1653
f  1653/1653/1653 1584/1584/1584 1654/1654/1654
f  1584/1584/1584 1583/1583/1583 1655/1655/1655
f  1584/1584/1584 1655/1655/1655 1654/1654/1654
f  1583/1583/1583 1559/1559/1559 1655/1655/1655
f  1655/1655/1655 1559/1559/1559 1656/1656/1656
f  1558/1558/1558 1530/1530/1530 1657/1657/1657
f  1559/1559/1559 1558/1558/1558 1657/1657/1657
f  1559/1559/1559 1657/1657/1657 1656/1656/1656
f  1657/1657/1657 1530/1530/1530 1658/1658/1658
f  1530/1530/1530 1529/1529/1529 1659/1659/1659
f  1529/1529/1529 1523/1523/1523 1659/1659/1659
f  1530/1530/1530 1659/1659/1659 1658/1658/1658
f  1523/1523/1523 1527/1527/1527 1660/1660/1660
f  1659/1659/1659 1523/1523/1523 1660/1660/1660
f  1291/1291/1291 1661/1661/1661 1289/1289/1289
f  1289/1289/1289 1661/1661/1661 1662/1662/1662
f  1662/1662/1662 1287/1287/1287 1289/1289/1289
f  1276/1276/1276 1249/1249/1249 1663/1663/1663
f  1249/1249/1249 1248/1248/1248 1663/1663/1663
f  1663/1663/1663 1248/1248/1248 1232/1232/1232
f  1663/1663/1663 1232/1232/1232 1664/1664/1664
f  1232/1232/1232 1231/1231/1231 1665/1665/1665
f  1231/1231/1231 1213/1213/1213 1665/1665/1665
f  1232/1232/1232 1665/1665/1665 1664/1664/1664
f  1665/1665/1665 1213/1213/1213 1666/1666/1666
f  1213/1213/1213 1212/1212/1212 1667/1667/1667
f  1212/1212/1212 1192/1192/1192 1667/1667/1667
f  1213/1213/1213 1667/1667/1667 1666/1666/1666
f  1667/1667/1667 1192/1192/1192 1668/1668/1668
f  1192/1192/1192 1669/1669/1669 1668/1668/1668
f  1192/1192/1192 1191/1191/1191 1669/1669/1669
f  1191/1191/1191 1169/1169/1169 1669/1669/1669
f  1669/1669/1669 1169/1169/1169 1670/1670/1670
f  1169/1169/1169 1168/1168/1168 1671/1671/1671
f  1168/1168/1168 1144/1144/1144 1671/1671/1671
f  1169/1169/1169 1671/1671/1671 1670/1670/1670
f  1671/1671/1671 1144/1144/1144 1672/1672/1672
f  1144/1144/1144 1143/1143/1143 1673/1673/1673
f  1143/1143/1143 1137/1137/1137 1673/1673/1673
f  1144/1144/1144 1673/1673/1673 1672/1672/1672
f  1673/1673/1673 1137/1137/1137 1674/1674/1674
f  1137/1137/1137 1141/1141/1141 1674/1674/1674
f  1528/1528/1528 1526/1526/1526 1675/1675/1675
f  1526/1526/1526 1676/1676/1676 1675/1675/1675
f  1675/1675/1675 1676/1676/1676 1677/1677/1677
f  1676/1676/1676 1526/1526/1526 1678/1678/1678
f  1676/1676/1676 1678/1678/1678 1677/1677/1677
f  1677/1677/1677 1678/1678/1678 1679/1679/1679
f  1680/1680/1680 1399/1399/1399 1368/1368/1368
f  1678/1678/1678 1680/1680/1680 1679/1679/1679
f  1400/1400/1400 1399/1399/1399 1680/1680/1680
f  1679/1679/1679 1680/1680/1680 1681/1681/1681
f  1677/1677/1677 1679/1679/1679 1681/1681/1681
f  1680/1680/1680 1368/1368/1368 1682/1682/1682
f  1680/1680/1680 1682/1682/1682 1681/1681/1681
f  1682/1682/1682 1368/1368/1368 1683/1683/1683
f  1683/1683/1683 1368/1368/1368 1367/1367/1367
f  1683/1683/1683 1367/1367/1367 1336/1336/1336
f  1681/1681/1681 1682/1682/1682 1683/1683/1683
f  1526/1526/1526 1684/1684/1684 1678/1678/1678
f  1526/1526/1526 1524/1524/1524 1684/1684/1684
f  1685/1685/1685 1432/1432/1432 1431/1431/1431
f  1400/1400/1400 1685/1685/1685 1431/1431/1431
f  1678/1678/1678 1684/1684/1684 1685/1685/1685
f  1684/1684/1684 1524/1524/1524 1685/1685/1685
f  1524/1524/1524 1520/1520/1520 1686/1686/1686
f  1686/1686/1686 1520/1520/1520 1432/1432/1432
f  1685/1685/1685 1524/1524/1524 1686/1686/1686
f  1685/1685/1685 1686/1686/1686 1432/1432/1432
f  1680/1680/1680 1678/1678/1678 1687/1687/1687
f  1678/1678/1678 1685/1685/1685 1687/1687/1687
f  1685/1685/1685 1400/1400/1400 1687/1687/1687
f  1687/1687/1687 1400/1400/1400 1680/1680/1680
f  1675/1675/1675 1677/1677/1677 1688/1688/1688
f  1677/1677/1677 1303/1303/1303 1688/1688/1688
f  1689/1689/1689 1681/1681/1681 1301/1301/1301
f  1301/1301/1301 1303/1303/1303 1689/1689/1689
f  1677/1677/1677 1681/1681/1681 1689/1689/1689
f  1303/1303/1303 1677/1677/1677 1689/1689/1689
f  1683/1683/1683 1690/1690/1690 1681/1681/1681
f  1681/1681/1681 1690/1690/1690 1301/1301/1301
f  1301/1301/1301 1690/1690/1690 1298/1298/1298
f  1690/1690/1690 1683/1683/1683 1298/1298/1298
f  1691/1691/1691 1336/1336/1336 1296/1296/1296
f  1683/1683/1683 1336/1336/1336 1691/1691/1691
f  1296/1296/1296 1298/1298/1298 1691/1691/1691
f  1298/1298/1298 1683/1683/1683 1691/1691/1691
f  1692/1692/1692 1693/1693/1693 1694/1694/1694
f  1693/1693/1693 1695/1695/1695 1694/1694/1694
f  1694/1694/1694 1695/1695/1695 1696/1696/1696
f  1695/1695/1695 1697/1697/1697 1696/1696/1696
f  1696/1696/1696 1697/1697/1697 1698/1698/1698
f  1697/1697/1697 1699/1699/1699 1698/1698/1698
f  1698/1698/1698 1699/1699/1699 1700/1700/1700
f  1699/1699/1699 1701/1701/1701 1700/1700/1700
f  1700/1700/1700 1701/1701/1701 1702/1702/1702
f  1701/1701/1701 1703/1703/1703 1702/1702/1702
f  1702/1702/1702 1703/1703/1703 1704/1704/1704
f  1703/1703/1703 1705/1705/1705 1704/1704/1704
f  1704/1704/1704 1705/1705/1705 1706/1706/1706
f  1705/1705/1705 1707/1707/1707 1706/1706/1706
f  1706/1706/1706 1707/1707/1707 1708/1708/1708
f  1707/1707/1707 1709/1709/1709 1708/1708/1708
f  1708/1708/1708 1709/1709/1709 1710/1710/1710
f  1709/1709/1709 1711/1711/1711 1710/1710/1710
f  1710/1710/1710 1711/1711/1711 1712/1712/1712
f  1711/1711/1711 1713/1713/1713 1712/1712/1712
f  1712/1712/1712 1713/1713/1713 1714/1714/1714
f  1713/1713/1713 1715/1715/1715 1714/1714/1714
f  1714/1714/1714 1715/1715/1715 1716/1716/1716
f  1715/1715/1715 1717/1717/1717 1716/1716/1716
f  1716/1716/1716 1717/1717/1717 1718/1718/1718
f  1717/1717/1717 1719/1719/1719 1718/1718/1718
f  1718/1718/1718 1719/1719/1719 1720/1720/1720
f  1719/1719/1719 1721/1721/1721 1720/1720/1720
f  1720/1720/1720 1721/1721/1721 1722/1722/1722
f  1721/1721/1721 1723/1723/1723 1722/1722/1722
f  1722/1722/1722 1723/1723/1723 1724/1724/1724
f  1723/1723/1723 1725/1725/1725 1724/1724/1724
f  1724/1724/1724 1725/1725/1725 1726/1726/1726
f  1726/1726/1726 1727/1727/1727 1692/1692/1692
f  1727/1727/1727 1693/1693/1693 1692/1692/1692
f  1725/1725/1725 1727/1727/1727 1726/1726/1726
f  1727/1727/1727 1728/1728/1728 1693/1693/1693
f  1693/1693/1693 1729/1729/1729 1695/1695/1695
f  1728/1728/1728 1729/1729/1729 1693/1693/1693
f  1729/1729/1729 1730/1730/1730 1695/1695/1695
f  1695/1695/1695 1730/1730/1730 1697/1697/1697
f  1697/1697/1697 1731/1731/1731 1699/1699/1699
f  1730/1730/1730 1731/1731/1731 1697/1697/1697
f  1731/1731/1731 1732/1732/1732 1699/1699/1699
f  1699/1699/1699 1732/1732/1732 1701/1701/1701
f  1732/1732/1732 1733/1733/1733 1701/1701/1701
f  1701/1701/1701 1733/1733/1733 1703/1703/1703
f  1733/1733/1733 1734/1734/1734 1703/1703/1703
f  1703/1703/1703 1734/1734/1734 1705/1705/1705
f  1705/1705/1705 1735/1735/1735 1707/1707/1707
f  1734/1734/1734 1735/1735/1735 1705/1705/1705
f  1707/1707/1707 1736/1736/1736 1709/1709/1709
f  1735/1735/1735 1736/1736/1736 1707/1707/1707
f  1736/1736/1736 1737/1737/1737 1709/1709/1709
f  1709/1709/1709 1737/1737/1737 1711/1711/1711
f  1711/1711/1711 1738/1738/1738 1713/1713/1713
f  1737/1737/1737 1738/1738/1738 1711/1711/1711
f  1713/1713/1713 1739/1739/1739 1715/1715/1715
f  1738/1738/1738 1739/1739/1739 1713/1713/1713
f  1739/1739/1739 1740/1740/1740 1715/1715/1715
f  1715/1715/1715 1740/1740/1740 1717/1717/1717
f  1717/1717/1717 1741/1741/1741 1719/1719/1719
f  1740/1740/1740 1741/1741/1741 1717/1717/1717
f  1719/1719/1719 1742/1742/1742 1721/1721/1721
f  1741/1741/1741 1742/1742/1742 1719/1719/1719
f  1721/1721/1721 1743/1743/1743 1723/1723/1723
f  1742/1742/1742 1743/1743/1743 1721/1721/1721
f  1723/1723/1723 1744/1744/1744 1725/1725/1725
f  1743/1743/1743 1744/1744/1744 1723/1723/1723
f  1725/1725/1725 1745/1745/1745 1727/1727/1727
f  1744/1744/1744 1745/1745/1745 1725/1725/1725
f  1745/1745/1745 1728/1728/1728 1727/1727/1727
f  1745/1745/1745 1746/1746/1746 1728/1728/1728
f  1746/1746/1746 1747/1747/1747 1728/1728/1728
f  1728/1728/1728 1747/1747/1747 1729/1729/1729
f  1747/1747/1747 1748/1748/1748 1729/1729/1729
f  1729/1729/1729 1748/1748/1748 1730/1730/1730
f  1748/1748/1748 1749/1749/1749 1730/1730/1730
f  1730/1730/1730 1749/1749/1749 1731/1731/1731
f  1749/1749/1749 1750/1750/1750 1731/1731/1731
f  1731/1731/1731 1750/1750/1750 1732/1732/1732
f  1732/1732/1732 1751/1751/1751 1733/1733/1733
f  1750/1750/1750 1751/1751/1751 1732/1732/1732
f  1751/1751/1751 1752/1752/1752 1733/1733/1733
f  1733/1733/1733 1752/1752/1752 1734/1734/1734
f  1752/1752/1752 1753/1753/1753 1734/1734/1734
f  1734/1734/1734 1753/1753/1753 1735/1735/1735
f  1735/1735/1735 1754/1754/1754 1736/1736/1736
f  1753/1753/1753 1754/1754/1754 1735/1735/1735
f  1736/1736/1736 1755/1755/1755 1737/1737/1737
f  1754/1754/1754 1755/1755/1755 1736/1736/1736
f  1737/1737/1737 1756/1756/1756 1738/1738/1738
f  1755/1755/1755 1756/1756/1756 1737/1737/1737
f  1738/1738/1738 1757/1757/1757 1739/1739/1739
f  1756/1756/1756 1757/1757/1757 1738/1738/1738
f  1739/1739/1739 1758/1758/1758 1740/1740/1740
f  1757/1757/1757 1758/1758/1758 1739/1739/1739
f  1740/1740/1740 1759/1759/1759 1741/1741/1741
f  1758/1758/1758 1759/1759/1759 1740/1740/1740
f  1741/1741/1741 1760/1760/1760 1742/1742/1742
f  1759/1759/1759 1760/1760/1760 1741/1741/1741
f  1760/1760/1760 1761/1761/1761 1742/1742/1742
f  1742/1742/1742 1761/1761/1761 1743/1743/1743
f  1743/1743/1743 1762/1762/1762 1744/1744/1744
f  1761/1761/1761 1762/1762/1762 1743/1743/1743
f  1744/1744/1744 1763/1763/1763 1745/1745/1745
f  1763/1763/1763 1746/1746/1746 1745/1745/1745
f  1762/1762/1762 1763/1763/1763 1744/1744/1744
f  1763/1763/1763 1764/1764/1764 1746/1746/1746
f  1764/1764/1764 1765/1765/1765 1746/1746/1746
f  1746/1746/1746 1765/1765/1765 1747/1747/1747
f  1765/1765/1765 1766/1766/1766 1747/1747/1747
f  1747/1747/1747 1766/1766/1766 1748/1748/1748
f  1766/1766/1766 1767/1767/1767 1748/1748/1748
f  1748/1748/1748 1767/1767/1767 1749/1749/1749
f  1767/1767/1767 1768/1768/1768 1749/1749/1749
f  1749/1749/1749 1768/1768/1768 1750/1750/1750
f  1750/1750/1750 1769/1769/1769 1751/1751/1751
f  1768/1768/1768 1769/1769/1769 1750/1750/1750
f  1769/1769/1769 1770/1770/1770 1751/1751/1751
f  1751/1751/1751 1770/1770/1770 1752/1752/1752
f  1770/1770/1770 1771/1771/1771 1752/1752/1752
f  1752/1752/1752 1771/1771/1771 1753/1753/1753
f  1771/1771/1771 1772/1772/1772 1753/1753/1753
f  1753/1753/1753 1772/1772/1772 1754/1754/1754
f  1754/1754/1754 1773/1773/1773 1755/1755/1755
f  1772/1772/1772 1773/1773/1773 1754/1754/1754
f  1755/1755/1755 1774/1774/1774 1756/1756/1756
f  1773/1773/1773 1774/1774/1774 1755/1755/1755
f  1774/1774/1774 1775/1775/1775 1756/1756/1756
f  1756/1756/1756 1775/1775/1775 1757/1757/1757
f  1775/1775/1775 1776/1776/1776 1757/1757/1757
f  1757/1757/1757 1776/1776/1776 1758/1758/1758
f  1776/1776/1776 1777/1777/1777 1758/1758/1758
f  1758/1758/1758 1777/1777/1777 1759/1759/1759
f  1759/1759/1759 1778/1778/1778 1760/1760/1760
f  1777/1777/1777 1778/1778/1778 1759/1759/1759
f  1778/1778/1778 1779/1779/1779 1760/1760/1760
f  1760/1760/1760 1779/1779/1779 1761/1761/1761
f  1779/1779/1779 1780/1780/1780 1761/1761/1761
f  1761/1761/1761 1780/1780/1780 1762/1762/1762
f  1781/1781/1781 1764/1764/1764 1763/1763/1763
f  1780/1780/1780 1781/1781/1781 1762/1762/1762
f  1762/1762/1762 1781/1781/1781 1763/1763/1763
f  1781/1781/1781 1782/1782/1782 1764/1764/1764
f  1782/1782/1782 1783/1783/1783 1764/1764/1764
f  1764/1764/1764 1783/1783/1783 1765/1765/1765
f  1765/1765/1765 1784/1784/1784 1766/1766/1766
f  1783/1783/1783 1784/1784/1784 1765/1765/1765
f  1766/1766/1766 1785/1785/1785 1767/1767/1767
f  1784/1784/1784 1785/1785/1785 1766/1766/1766
f  1767/1767/1767 1786/1786/1786 1768/1768/1768
f  1785/1785/1785 1786/1786/1786 1767/1767/1767
f  1786/1786/1786 1787/1787/1787 1768/1768/1768
f  1768/1768/1768 1787/1787/1787 1769/1769/1769
f  1769/1769/1769 1788/1788/1788 1770/1770/1770
f  1787/1787/1787 1788/1788/1788 1769/1769/1769
f  1770/1770/1770 1789/1789/1789 1771/1771/1771
f  1788/1788/1788 1789/1789/1789 1770/1770/1770
f  1771/1771/1771 1790/1790/1790 1772/1772/1772
f  1789/1789/1789 1790/1790/1790 1771/1771/1771
f  1790/1790/1790 1791/1791/1791 1772/1772/1772
f  1772/1772/1772 1791/1791/1791 1773/1773/1773
f  1773/1773/1773 1792/1792/1792 1774/1774/1774
f  1791/1791/1791 1792/1792/1792 1773/1773/1773
f  1774/1774/1774 1793/1793/1793 1775/1775/1775
f  1792/1792/1792 1793/1793/1793 1774/1774/1774
f  1775/1775/1775 1794/1794/1794 1776/1776/1776
f  1793/1793/1793 1794/1794/1794 1775/1775/1775
f  1794/1794/1794 1795/1795/1795 1776/1776/1776
f  1776/1776/1776 1795/1795/1795 1777/1777/1777
f  1777/1777/1777 1796/1796/1796 1778/1778/1778
f  1795/1795/1795 1796/1796/1796 1777/1777/1777
f  1778/1778/1778 1797/1797/1797 1779/1779/1779
f  1796/1796/1796 1797/1797/1797 1778/1778/1778
f  1779/1779/1779 1798/1798/1798 1780/1780/1780
f  1797/1797/1797 1798/1798/1798 1779/1779/1779
f  1798/1798/1798 1799/1799/1799 1780/1780/1780
f  1780/1780/1780 1799/1799/1799 1781/1781/1781
f  1799/1799/1799 1782/1782/1782 1781/1781/1781
f  1799/1799/1799 1800/1800/1800 1782/1782/1782
f  1782/1782/1782 1801/1801/1801 1783/1783/1783
f  1800/1800/1800 1801/1801/1801 1782/1782/1782
f  1783/1783/1783 1802/1802/1802 1784/1784/1784
f  1801/1801/1801 1802/1802/1802 1783/1783/1783
f  1802/1802/1802 1803/1803/1803 1784/1784/1784
f  1784/1784/1784 1803/1803/1803 1785/1785/1785
f  1785/1785/1785 1804/1804/1804 1786/1786/1786
f  1803/1803/1803 1804/1804/1804 1785/1785/1785
f  1786/1786/1786 1805/1805/1805 1787/1787/1787
f  1804/1804/1804 1805/1805/1805 1786/1786/1786
f  1787/1787/1787 1806/1806/1806 1788/1788/1788
f  1805/1805/1805 1806/1806/1806 1787/1787/1787
f  1806/1806/1806 1807/1807/1807 1788/1788/1788
f  1788/1788/1788 1807/1807/1807 1789/1789/1789
f  1789/1789/1789 1808/1808/1808 1790/1790/1790
f  1807/1807/1807 1808/1808/1808 1789/1789/1789
f  1790/1790/1790 1809/1809/1809 1791/1791/1791
f  1808/1808/1808 1809/1809/1809 1790/1790/1790
f  1791/1791/1791 1810/1810/1810 1792/1792/1792
f  1809/1809/1809 1810/1810/1810 1791/1791/1791
f  1810/1810/1810 1811/1811/1811 1792/1792/1792
f  1792/1792/1792 1811/1811/1811 1793/1793/1793
f  1793/1793/1793 1812/1812/1812 1794/1794/1794
f  1811/1811/1811 1812/1812/1812 1793/1793/1793
f  1794/1794/1794 1813/1813/1813 1795/1795/1795
f  1812/1812/1812 1813/1813/1813 1794/1794/1794
f  1795/1795/1795 1814/1814/1814 1796/1796/1796
f  1813/1813/1813 1814/1814/1814 1795/1795/1795
f  1796/1796/1796 1815/1815/1815 1797/1797/1797
f  1814/1814/1814 1815/1815/1815 1796/1796/1796
f  1797/1797/1797 1816/1816/1816 1798/1798/1798
f  1815/1815/1815 1816/1816/1816 1797/1797/1797
f  1816/1816/1816 1817/1817/1817 1798/1798/1798
f  1798/1798/1798 1817/1817/1817 1799/1799/1799
f  1817/1817/1817 1800/1800/1800 1799/1799/1799
f  1800/1800/1800 1817/1817/1817 1818/1818/1818
f  1801/1801/1801 1800/1800/1800 1818/1818/1818
f  1817/1817/1817 1816/1816/1816 1819/1819/1819
f  1818/1818/1818 1817/1817/1817 1819/1819/1819
f  1816/1816/1816 1815/1815/1815 1820/1820/1820
f  1819/1819/1819 1816/1816/1816 1820/1820/1820
f  1820/1820/1820 1815/1815/1815 1821/1821/1821
f  1815/1815/1815 1814/1814/1814 1821/1821/1821
f  1814/1814/1814 1813/1813/1813 1822/1822/1822
f  1821/1821/1821 1814/1814/1814 1822/1822/1822
f  1813/1813/1813 1812/1812/1812 1823/1823/1823
f  1822/1822/1822 1813/1813/1813 1823/1823/1823
f  1812/1812/1812 1811/1811/1811 1824/1824/1824
f  1823/1823/1823 1812/1812/1812 1824/1824/1824
f  1824/1824/1824 1811/1811/1811 1825/1825/1825
f  1811/1811/1811 1810/1810/1810 1825/1825/1825
f  1810/1810/1810 1809/1809/1809 1826/1826/1826
f  1825/1825/1825 1810/1810/1810 1826/1826/1826
f  1809/1809/1809 1808/1808/1808 1827/1827/1827
f  1826/1826/1826 1809/1809/1809 1827/1827/1827
f  1808/1808/1808 1807/1807/1807 1828/1828/1828
f  1827/1827/1827 1808/1808/1808 1828/1828/1828
f  1828/1828/1828 1807/1807/1807 1829/1829/1829
f  1807/1807/1807 1806/1806/1806 1829/1829/1829
f  1806/1806/1806 1805/1805/1805 1830/1830/1830
f  1829/1829/1829 1806/1806/1806 1830/1830/1830
f  1805/1805/1805 1804/1804/1804 1831/1831/1831
f  1830/1830/1830 1805/1805/1805 1831/1831/1831
f  1804/1804/1804 1803/1803/1803 1832/1832/1832
f  1831/1831/1831 1804/1804/1804 1832/1832/1832
f  1832/1832/1832 1803/1803/1803 1833/1833/1833
f  1803/1803/1803 1802/1802/1802 1833/1833/1833
f  1802/1802/1802 1801/1801/1801 1834/1834/1834
f  1833/1833/1833 1802/1802/1802 1834/1834/1834
f  1801/1801/1801 1818/1818/1818 1835/1835/1835
f  1834/1834/1834 1801/1801/1801 1835/1835/1835
f  1835/1835/1835 1818/1818/1818 1836/1836/1836
f  1818/1818/1818 1819/1819/1819 1836/1836/1836
f  1820/1820/1820 1821/1821/1821 1836/1836/1836
f  1821/1821/1821 1822/1822/1822 1836/1836/1836
f  1836/1836/1836 1822/1822/1822 1823/1823/1823
f  1823/1823/1823 1824/1824/1824 1836/1836/1836
f  1824/1824/1824 1825/1825/1825 1836/1836/1836
f  1836/1836/1836 1825/1825/1825 1826/1826/1826
f  1826/1826/1826 1827/1827/1827 1836/1836/1836
f  1827/1827/1827 1828/1828/1828 1836/1836/1836
f  1836/1836/1836 1828/1828/1828 1829/1829/1829
f  1829/1829/1829 1830/1830/1830 1836/1836/1836
f  1830/1830/1830 1831/1831/1831 1836/1836/1836
f  1836/1836/1836 1831/1831/1831 1832/1832/1832
f  1832/1832/1832 1833/1833/1833 1836/1836/1836
f  1833/1833/1833 1834/1834/1834 1836/1836/1836
f  1836/1836/1836 1834/1834/1834 1835/1835/1835
f  1836/1836/1836 1819/1819/1819 1820/1820/1820

g
