# 3ds Max Wavefront OBJ Exporter v0.99 - (c)2007 guruware
# File Created: 19.06.2026 18:57:52

mtllib 1.mtl

#
# object Cylinder001
#

v  -0.8270 0.0000 -0.0000
v  -0.5337 0.0000 -0.0420
v  0.0000 0.0000 -0.0000
v  -0.8169 0.0000 -0.1294
v  -0.5205 0.0000 -0.1250
v  -0.7866 0.0000 -0.2556
v  -0.4946 0.0000 -0.2049
v  -0.7369 0.0000 -0.3755
v  -0.4564 0.0000 -0.2797
v  -0.6691 0.0000 -0.4861
v  -0.4070 0.0000 -0.3477
v  -0.5848 0.0000 -0.5848
v  -0.3477 0.0000 -0.4070
v  -0.4861 0.0000 -0.6691
v  -0.2797 0.0000 -0.4564
v  -0.3755 0.0000 -0.7369
v  -0.2049 0.0000 -0.4946
v  -0.2556 0.0000 -0.7866
v  -0.1250 0.0000 -0.5205
v  -0.1294 0.0000 -0.8169
v  -0.0420 0.0000 -0.5337
v  0.0000 0.0000 -0.8270
v  0.0420 0.0000 -0.5337
v  0.1294 0.0000 -0.8169
v  0.1250 0.0000 -0.5205
v  0.2556 0.0000 -0.7866
v  0.2049 0.0000 -0.4946
v  0.3755 0.0000 -0.7369
v  0.2797 0.0000 -0.4564
v  0.4861 0.0000 -0.6691
v  0.3477 0.0000 -0.4070
v  0.5848 0.0000 -0.5848
v  0.4070 0.0000 -0.3477
v  0.6691 0.0000 -0.4861
v  0.4564 0.0000 -0.2797
v  0.7369 0.0000 -0.3755
v  0.4946 0.0000 -0.2049
v  0.7866 0.0000 -0.2556
v  0.5205 0.0000 -0.1250
v  0.8169 0.0000 -0.1294
v  0.5337 0.0000 -0.0420
v  0.8270 0.0000 -0.0000
v  3.1080 0.0492 -0.0000
v  3.0984 0.0492 -0.2439
v  3.1302 0.1969 -0.2464
v  3.1399 0.1969 -0.0000
v  3.0698 0.0492 -0.4862
v  3.1013 0.1969 -0.4912
v  3.1013 0.3937 -0.4912
v  3.1302 0.3937 -0.2464
v  3.1399 0.3937 -0.0000
v  3.0221 0.0492 -0.7255
v  3.0531 0.1969 -0.7330
v  2.9559 0.0492 -0.9604
v  2.9862 0.1969 -0.9703
v  2.9862 0.3937 -0.9703
v  3.0531 0.3937 -0.7330
v  2.8714 0.0492 -1.1894
v  2.9009 0.1969 -1.2016
v  2.7693 0.0492 -1.4110
v  2.7977 0.1969 -1.4255
v  2.7977 0.3937 -1.4255
v  2.9009 0.3937 -1.2016
v  2.6500 0.0492 -1.6239
v  2.6772 0.1969 -1.6406
v  2.5144 0.0492 -1.8268
v  2.5402 0.1969 -1.8456
v  2.5402 0.3937 -1.8456
v  2.6772 0.3937 -1.6406
v  2.3633 0.0492 -2.0185
v  2.3876 0.1969 -2.0392
v  2.1977 0.0492 -2.1977
v  2.2203 0.1969 -2.2203
v  2.2203 0.3937 -2.2203
v  2.3876 0.3937 -2.0392
v  2.0185 0.0492 -2.3633
v  2.0392 0.1969 -2.3876
v  1.8268 0.0492 -2.5144
v  1.8456 0.1969 -2.5402
v  1.8456 0.3937 -2.5402
v  2.0392 0.3937 -2.3876
v  1.6239 0.0492 -2.6500
v  1.6406 0.1969 -2.6772
v  1.4110 0.0492 -2.7693
v  1.4255 0.1969 -2.7977
v  1.4255 0.3937 -2.7977
v  1.6406 0.3937 -2.6772
v  1.1894 0.0492 -2.8714
v  1.2016 0.1969 -2.9009
v  0.9604 0.0492 -2.9559
v  0.9703 0.1969 -2.9862
v  0.9703 0.3937 -2.9862
v  1.2016 0.3937 -2.9009
v  0.7255 0.0492 -3.0221
v  0.7330 0.1969 -3.0531
v  0.4862 0.0492 -3.0698
v  0.4912 0.1969 -3.1013
v  0.4912 0.3937 -3.1013
v  0.7330 0.3937 -3.0531
v  0.2439 0.0492 -3.0984
v  0.2464 0.1969 -3.1302
v  -0.0000 0.0492 -3.1080
v  -0.0000 0.1969 -3.1399
v  -0.0000 0.3937 -3.1399
v  0.2464 0.3937 -3.1302
v  -0.2439 0.0492 -3.0984
v  -0.2464 0.1969 -3.1302
v  -0.4862 0.0492 -3.0698
v  -0.4912 0.1969 -3.1013
v  -0.4912 0.3937 -3.1013
v  -0.2464 0.3937 -3.1302
v  -0.7256 0.0492 -3.0221
v  -0.7330 0.1969 -3.0531
v  -0.9604 0.0492 -2.9559
v  -0.9703 0.1969 -2.9862
v  -0.9703 0.3937 -2.9862
v  -0.7330 0.3937 -3.0531
v  -1.1894 0.0492 -2.8714
v  -1.2016 0.1969 -2.9009
v  -1.4110 0.0492 -2.7693
v  -1.4255 0.1969 -2.7977
v  -1.4255 0.3937 -2.7977
v  -1.2016 0.3937 -2.9009
v  -1.6239 0.0492 -2.6500
v  -1.6406 0.1969 -2.6772
v  -1.8268 0.0492 -2.5144
v  -1.8456 0.1969 -2.5402
v  -1.8456 0.3937 -2.5402
v  -1.6406 0.3937 -2.6772
v  -2.0185 0.0492 -2.3633
v  -2.0392 0.1969 -2.3876
v  -2.1977 0.0492 -2.1977
v  -2.2203 0.1969 -2.2203
v  -2.2203 0.3937 -2.2203
v  -2.0392 0.3937 -2.3876
v  -2.3633 0.0492 -2.0185
v  -2.3876 0.1969 -2.0392
v  -2.5144 0.0492 -1.8268
v  -2.5402 0.1969 -1.8456
v  -2.5402 0.3937 -1.8456
v  -2.3876 0.3937 -2.0392
v  -2.6500 0.0492 -1.6239
v  -2.6772 0.1969 -1.6406
v  -2.7693 0.0492 -1.4110
v  -2.7977 0.1969 -1.4255
v  -2.7977 0.3937 -1.4255
v  -2.6772 0.3937 -1.6406
v  -2.8714 0.0492 -1.1894
v  -2.9009 0.1969 -1.2016
v  -2.9559 0.0492 -0.9604
v  -2.9862 0.1969 -0.9703
v  -2.9862 0.3937 -0.9703
v  -2.9009 0.3937 -1.2016
v  -3.0221 0.0492 -0.7255
v  -3.0531 0.1969 -0.7330
v  -3.0698 0.0492 -0.4862
v  -3.1013 0.1969 -0.4912
v  -3.1013 0.3937 -0.4912
v  -3.0531 0.3937 -0.7330
v  -3.0984 0.0492 -0.2438
v  -3.1302 0.1969 -0.2464
v  -3.1080 0.0492 -0.0000
v  -3.1399 0.1968 -0.0000
v  -3.1399 0.3937 -0.0000
v  -3.1302 0.3937 -0.2464
v  3.1302 0.5906 -0.2464
v  3.1399 0.5906 -0.0000
v  3.1013 0.5906 -0.4912
v  3.1013 0.7874 -0.4912
v  3.1302 0.7874 -0.2464
v  3.1399 0.7874 -0.0000
v  3.0531 0.5906 -0.7330
v  2.9862 0.5906 -0.9703
v  2.9862 0.7874 -0.9703
v  3.0531 0.7874 -0.7330
v  2.9009 0.5906 -1.2016
v  2.7977 0.5906 -1.4255
v  2.7977 0.7874 -1.4255
v  2.9009 0.7874 -1.2016
v  2.6772 0.5906 -1.6406
v  2.5402 0.5906 -1.8456
v  2.5402 0.7874 -1.8456
v  2.6772 0.7874 -1.6406
v  2.3876 0.5906 -2.0392
v  2.2203 0.5906 -2.2203
v  2.2203 0.7874 -2.2203
v  2.3876 0.7874 -2.0392
v  2.0392 0.5906 -2.3876
v  1.8456 0.5906 -2.5402
v  1.8456 0.7874 -2.5402
v  2.0392 0.7874 -2.3876
v  1.6406 0.5906 -2.6772
v  1.4255 0.5906 -2.7977
v  1.4255 0.7874 -2.7977
v  1.6406 0.7874 -2.6772
v  1.2016 0.5906 -2.9009
v  0.9703 0.5906 -2.9862
v  0.9703 0.7874 -2.9862
v  1.2016 0.7874 -2.9009
v  0.7330 0.5906 -3.0531
v  0.4912 0.5906 -3.1013
v  0.4912 0.7829 -3.1013
v  0.7330 0.7874 -3.0531
v  0.2464 0.5906 -3.1302
v  -0.0000 0.5906 -3.1399
v  -0.0000 0.7606 -3.1399
v  0.2464 0.7696 -3.1302
v  -0.2464 0.5906 -3.1302
v  -0.4912 0.5906 -3.1013
v  -0.4912 0.7829 -3.1013
v  -0.2464 0.7696 -3.1302
v  -0.7330 0.5906 -3.0531
v  -0.9703 0.5906 -2.9862
v  -0.9703 0.7874 -2.9862
v  -0.7330 0.7874 -3.0531
v  -1.2016 0.5906 -2.9009
v  -1.4255 0.5906 -2.7977
v  -1.4255 0.7874 -2.7977
v  -1.2016 0.7874 -2.9009
v  -1.6406 0.5906 -2.6772
v  -1.8456 0.5906 -2.5402
v  -1.8456 0.7874 -2.5402
v  -1.6406 0.7874 -2.6772
v  -2.0392 0.5906 -2.3876
v  -2.2203 0.5906 -2.2203
v  -2.2203 0.7874 -2.2203
v  -2.0392 0.7874 -2.3876
v  -2.3876 0.5906 -2.0392
v  -2.5402 0.5906 -1.8456
v  -2.5402 0.7874 -1.8456
v  -2.3876 0.7874 -2.0392
v  -2.6772 0.5906 -1.6406
v  -2.7977 0.5906 -1.4255
v  -2.7977 0.7874 -1.4255
v  -2.6772 0.7874 -1.6406
v  -2.9009 0.5906 -1.2016
v  -2.9862 0.5906 -0.9703
v  -2.9862 0.7874 -0.9703
v  -2.9009 0.7874 -1.2016
v  -3.0531 0.5906 -0.7330
v  -3.1013 0.5906 -0.4912
v  -3.1013 0.7874 -0.4912
v  -3.0531 0.7874 -0.7330
v  -3.1302 0.5906 -0.2464
v  -3.1399 0.5905 -0.0000
v  -3.1399 0.7874 -0.0000
v  -3.1302 0.7874 -0.2464
v  3.1302 0.9843 -0.2464
v  3.1399 0.9843 -0.0000
v  3.1013 0.9843 -0.4912
v  3.1013 1.1811 -0.4912
v  3.1302 1.1811 -0.2464
v  3.1399 1.1811 -0.0000
v  3.0531 0.9843 -0.7330
v  2.9862 0.9843 -0.9703
v  2.9862 1.1811 -0.9703
v  3.0531 1.1811 -0.7330
v  2.9009 0.9843 -1.2016
v  2.7977 0.9843 -1.4255
v  2.7977 1.1811 -1.4255
v  2.9009 1.1811 -1.2016
v  2.6772 0.9843 -1.6406
v  2.5402 0.9843 -1.8456
v  2.5402 1.1811 -1.8456
v  2.6772 1.1811 -1.6406
v  2.3876 0.9843 -2.0392
v  2.2203 0.9843 -2.2203
v  2.2203 1.1811 -2.2203
v  2.3876 1.1811 -2.0392
v  2.0392 0.9843 -2.3876
v  1.8456 0.9843 -2.5402
v  1.8456 1.1811 -2.5402
v  2.0392 1.1811 -2.3876
v  1.6406 0.9843 -2.6772
v  1.4255 0.9843 -2.7977
v  1.4255 1.1811 -2.7977
v  1.6406 1.1811 -2.6772
v  1.2016 0.9843 -2.9009
v  0.9703 0.9843 -2.9862
v  0.9703 1.1765 -2.9862
v  1.2016 1.1811 -2.9009
v  0.7330 0.9843 -3.0531
v  0.4912 0.9664 -3.1013
v  0.4912 1.1180 -3.1013
v  0.7330 1.1629 -3.0531
v  0.2464 0.9129 -3.1302
v  -0.0000 0.8772 -3.1399
v  -0.0000 0.9571 -3.1399
v  0.2464 1.0197 -3.1302
v  -0.2464 0.9129 -3.1302
v  -0.4912 0.9664 -3.1013
v  -0.4912 1.1168 -3.1013
v  -0.2464 1.0190 -3.1302
v  -0.7330 0.9843 -3.0531
v  -0.9703 0.9843 -2.9862
v  -0.9703 1.1764 -2.9862
v  -0.7330 1.1621 -3.0531
v  -1.2016 0.9843 -2.9009
v  -1.4255 0.9843 -2.7977
v  -1.4255 1.1811 -2.7977
v  -1.2016 1.1811 -2.9009
v  -1.6406 0.9843 -2.6772
v  -1.8456 0.9843 -2.5402
v  -1.8456 1.1811 -2.5402
v  -1.6406 1.1811 -2.6772
v  -2.0392 0.9843 -2.3876
v  -2.2203 0.9843 -2.2203
v  -2.2203 1.1811 -2.2203
v  -2.0392 1.1811 -2.3876
v  -2.3876 0.9843 -2.0392
v  -2.5402 0.9843 -1.8456
v  -2.5402 1.1811 -1.8456
v  -2.3876 1.1811 -2.0392
v  -2.6772 0.9843 -1.6406
v  -2.7977 0.9843 -1.4255
v  -2.7977 1.1811 -1.4255
v  -2.6772 1.1811 -1.6406
v  -2.9009 0.9843 -1.2016
v  -2.9862 0.9843 -0.9703
v  -2.9862 1.1811 -0.9703
v  -2.9009 1.1811 -1.2016
v  -3.0531 0.9843 -0.7330
v  -3.1013 0.9843 -0.4912
v  -3.1013 1.1811 -0.4912
v  -3.0531 1.1811 -0.7330
v  -3.1302 0.9843 -0.2464
v  -3.1399 0.9843 -0.0000
v  -3.1399 1.1811 -0.0000
v  -3.1302 1.1811 -0.2464
v  3.1302 1.3780 -0.2464
v  3.1399 1.3780 -0.0000
v  3.1013 1.3780 -0.4912
v  3.1013 1.5408 -0.4912
v  3.1302 1.5408 -0.2464
v  3.1399 1.5408 -0.0000
v  3.0531 1.3780 -0.7330
v  2.9862 1.3780 -0.9703
v  2.9862 1.5408 -0.9703
v  3.0531 1.5408 -0.7330
v  2.9009 1.3780 -1.2016
v  2.7977 1.3780 -1.4255
v  2.7977 1.5408 -1.4255
v  2.9009 1.5408 -1.2016
v  2.6772 1.3780 -1.6406
v  2.5402 1.3780 -1.8456
v  2.5402 1.5408 -1.8456
v  2.6772 1.5408 -1.6406
v  2.3876 1.3780 -2.0392
v  2.2203 1.3780 -2.2203
v  2.2203 1.5408 -2.2203
v  2.3876 1.5408 -2.0392
v  2.0392 1.3780 -2.3876
v  1.8456 1.3780 -2.5402
v  1.8456 1.5408 -2.5402
v  2.0392 1.5408 -2.3876
v  1.6406 1.3780 -2.6772
v  1.4255 1.3780 -2.7977
v  1.4255 1.5408 -2.7977
v  1.6406 1.5408 -2.6772
v  1.2016 1.3780 -2.9009
v  0.9703 1.3597 -2.9862
v  0.9703 1.5075 -2.9862
v  1.2016 1.5408 -2.9009
v  0.7330 1.3050 -3.0531
v  0.4912 1.2146 -3.1013
v  0.4912 1.2719 -3.1013
v  0.7330 1.4074 -3.0531
v  0.2464 1.0894 -3.1302
v  -0.0000 1.0173 -3.1399
v  -0.0000 1.0600 -3.1399
v  0.2464 1.1322 -3.1302
v  -0.2464 1.0864 -3.1302
v  -0.4912 1.2102 -3.1013
v  -0.4912 1.2643 -3.1013
v  -0.2464 1.1271 -3.1302
v  -0.7330 1.3020 -3.0531
v  -0.9703 1.3590 -2.9862
v  -0.9703 1.5062 -2.9862
v  -0.7330 1.4023 -3.0531
v  -1.2016 1.3780 -2.9009
v  -1.4255 1.3780 -2.7977
v  -1.4255 1.5408 -2.7977
v  -1.2016 1.5408 -2.9009
v  -1.6406 1.3780 -2.6772
v  -1.8456 1.3780 -2.5402
v  -1.8456 1.5408 -2.5402
v  -1.6406 1.5408 -2.6772
v  -2.0392 1.3780 -2.3876
v  -2.2203 1.3780 -2.2203
v  -2.2203 1.5408 -2.2203
v  -2.0392 1.5408 -2.3876
v  -2.3876 1.3780 -2.0392
v  -2.5402 1.3780 -1.8456
v  -2.5402 1.5408 -1.8456
v  -2.3876 1.5408 -2.0392
v  -2.6772 1.3780 -1.6406
v  -2.7977 1.3780 -1.4255
v  -2.7977 1.5408 -1.4255
v  -2.6772 1.5408 -1.6406
v  -2.9009 1.3780 -1.2016
v  -2.9862 1.3780 -0.9703
v  -2.9862 1.5408 -0.9703
v  -2.9009 1.5408 -1.2016
v  -3.0531 1.3780 -0.7330
v  -3.1013 1.3780 -0.4912
v  -3.1013 1.5408 -0.4912
v  -3.0531 1.5408 -0.7330
v  -3.1302 1.3780 -0.2464
v  -3.1399 1.3780 -0.0000
v  -3.1399 1.5408 -0.0000
v  -3.1302 1.5408 -0.2464
v  3.1302 1.6358 -0.2464
v  3.1399 1.6358 -0.0000
v  3.1013 1.6358 -0.4912
v  3.1013 1.7156 -0.4912
v  3.1302 1.7156 -0.2464
v  3.1399 1.7156 -0.0000
v  3.0531 1.6358 -0.7330
v  2.9862 1.6358 -0.9703
v  2.9862 1.7156 -0.9703
v  3.0531 1.7156 -0.7330
v  2.9009 1.6358 -1.2016
v  2.7977 1.6358 -1.4255
v  2.7977 1.7156 -1.4255
v  2.9009 1.7156 -1.2016
v  2.6772 1.6358 -1.6406
v  2.5402 1.6358 -1.8456
v  2.5402 1.7156 -1.8456
v  2.6772 1.7156 -1.6406
v  2.3876 1.6358 -2.0392
v  2.2203 1.6358 -2.2203
v  2.2203 1.7156 -2.2203
v  2.3876 1.7156 -2.0392
v  2.0392 1.6358 -2.3876
v  1.8456 1.6358 -2.5402
v  1.8456 1.7156 -2.5402
v  2.0392 1.7156 -2.3876
v  1.6406 1.6358 -2.6772
v  1.4255 1.6358 -2.7977
v  1.4235 1.7172 -2.7985
v  1.6406 1.7156 -2.6772
v  1.2016 1.6358 -2.9009
v  0.9703 1.5936 -2.9862
v  0.9683 1.6675 -2.9871
v  1.1936 1.7223 -2.9042
v  0.7330 1.4669 -3.0531
v  0.4912 1.3053 -3.1013
v  0.4912 1.3334 -3.1013
v  0.7330 1.5165 -3.0531
v  0.2464 1.1586 -3.1302
v  -0.0000 1.0876 -3.1399
v  -0.0000 1.1136 -3.1399
v  0.2464 1.1823 -3.1302
v  -0.2464 1.1531 -3.1302
v  -0.4912 1.2971 -3.1013
v  -0.4912 1.3261 -3.1013
v  -0.2464 1.1775 -3.1302
v  -0.7330 1.4614 -3.0531
v  -0.9703 1.5922 -2.9862
v  -0.9683 1.6663 -2.9871
v  -0.7330 1.5116 -3.0531
v  -1.2016 1.6358 -2.9009
v  -1.4255 1.6358 -2.7977
v  -1.4235 1.7172 -2.7985
v  -1.1936 1.7223 -2.9042
v  -1.6406 1.6358 -2.6772
v  -1.8456 1.6358 -2.5402
v  -1.8456 1.7156 -2.5402
v  -1.6406 1.7156 -2.6772
v  -2.0392 1.6358 -2.3876
v  -2.2203 1.6358 -2.2203
v  -2.2203 1.7156 -2.2203
v  -2.0392 1.7156 -2.3876
v  -2.3876 1.6358 -2.0392
v  -2.5402 1.6358 -1.8456
v  -2.5402 1.7156 -1.8456
v  -2.3876 1.7156 -2.0392
v  -2.6772 1.6358 -1.6406
v  -2.7977 1.6358 -1.4255
v  -2.7977 1.7156 -1.4255
v  -2.6772 1.7156 -1.6406
v  -2.9009 1.6358 -1.2016
v  -2.9862 1.6358 -0.9703
v  -2.9862 1.7156 -0.9703
v  -2.9009 1.7156 -1.2016
v  -3.0531 1.6358 -0.7330
v  -3.1013 1.6358 -0.4912
v  -3.1013 1.7156 -0.4912
v  -3.0531 1.7156 -0.7330
v  -3.1302 1.6358 -0.2464
v  -3.1399 1.6358 -0.0000
v  -3.1399 1.7156 -0.0000
v  -3.1302 1.7156 -0.2464
v  0.8620 0.6478 -0.1365
v  0.5675 0.6478 -0.1362
v  0.0000 0.6478 -0.0000
v  0.5818 0.6478 -0.0458
v  0.8300 0.6478 -0.2697
v  0.5392 0.6478 -0.2233
v  0.7776 0.6478 -0.3962
v  0.4976 0.6478 -0.3049
v  0.7061 0.6478 -0.5130
v  0.4438 0.6478 -0.3790
v  0.6171 0.6478 -0.6171
v  0.3790 0.6478 -0.4438
v  0.5130 0.6478 -0.7061
v  0.3049 0.6478 -0.4976
v  0.3962 0.6478 -0.7776
v  0.2233 0.6478 -0.5392
v  0.2697 0.6478 -0.8300
v  0.1362 0.6478 -0.5675
v  0.1365 0.6478 -0.8620
v  0.0458 0.6478 -0.5818
v  -0.0000 0.6478 -0.8727
v  -0.0458 0.6478 -0.5818
v  -0.1365 0.6478 -0.8620
v  -0.1362 0.6478 -0.5675
v  -0.2697 0.6478 -0.8300
v  -0.2233 0.6478 -0.5392
v  -0.3962 0.6478 -0.7776
v  -0.3049 0.6478 -0.4976
v  -0.5130 0.6478 -0.7061
v  -0.3790 0.6478 -0.4438
v  -0.6171 0.6478 -0.6171
v  -0.4438 0.6478 -0.3790
v  -0.7061 0.6478 -0.5130
v  -0.4976 0.6478 -0.3049
v  -0.7776 0.6478 -0.3962
v  -0.5392 0.6478 -0.2233
v  -0.8300 0.6478 -0.2697
v  -0.5675 0.6478 -0.1362
v  -0.8620 0.6478 -0.1365
v  -0.5818 0.6478 -0.0458
v  -0.8727 0.6478 -0.0000
v  3.0388 1.9685 -0.4813
v  2.9849 1.9685 -0.4728
v  3.0128 1.9685 -0.2371
v  3.0672 1.9685 -0.2414
v  2.9311 1.9685 -0.4642
v  2.9584 1.9685 -0.2328
v  2.9676 1.9685 -0.0000
v  3.0221 1.9685 -0.0000
v  3.0767 1.9685 -0.0000
v  2.9261 1.9685 -0.9508
v  2.8742 1.9685 -0.9339
v  2.9386 1.9685 -0.7055
v  2.9917 1.9685 -0.7182
v  2.8223 1.9685 -0.9170
v  2.8856 1.9685 -0.6928
v  2.7414 1.9685 -1.3968
v  2.6928 1.9685 -1.3720
v  2.7921 1.9685 -1.1565
v  2.8425 1.9685 -1.1774
v  2.6441 1.9685 -1.3473
v  2.7417 1.9685 -1.1356
v  2.4891 1.9685 -1.8084
v  2.4450 1.9685 -1.7764
v  2.5768 1.9685 -1.5791
v  2.6233 1.9685 -1.6076
v  2.4008 1.9685 -1.7443
v  2.5303 1.9685 -1.5506
v  2.1756 1.9685 -2.1756
v  2.1370 1.9685 -2.1370
v  2.2980 1.9685 -1.9627
v  2.3395 1.9685 -1.9981
v  2.0984 1.9685 -2.0984
v  2.2566 1.9685 -1.9273
v  1.8084 1.9685 -2.4891
v  1.7764 1.9685 -2.4450
v  1.9627 1.9685 -2.2980
v  1.9981 1.9685 -2.3395
v  1.7443 1.9685 -2.4008
v  1.9273 1.9685 -2.2566
v  1.4052 1.9685 -2.7379
v  1.3803 1.9685 -2.6893
v  1.5791 1.9685 -2.5768
v  1.6076 1.9685 -2.6233
v  1.3554 1.9685 -2.6408
v  1.5506 1.9685 -2.5303
v  0.9032 1.8948 -2.9458
v  0.8872 1.8948 -2.8936
v  0.9697 1.9685 -2.8695
v  0.9872 1.9685 -2.9212
v  0.8712 1.8948 -2.8413
v  0.9522 1.9685 -2.8177
v  1.0224 1.9685 -2.7886
v  1.0412 1.9685 -2.8399
v  1.0599 1.9685 -2.8911
v  0.4813 1.4225 -3.0388
v  0.4728 1.4225 -2.9849
v  0.7055 1.6739 -2.9386
v  0.7182 1.6739 -2.9917
v  0.4642 1.4225 -2.9311
v  0.6928 1.6739 -2.8856
v  -0.0000 1.1961 -3.0767
v  -0.0000 1.1961 -3.0221
v  0.2371 1.2577 -3.0128
v  0.2414 1.2577 -3.0672
v  -0.0000 1.1961 -2.9676
v  0.2328 1.2577 -2.9584
v  -0.4813 1.4180 -3.0388
v  -0.4728 1.4180 -2.9849
v  -0.2371 1.2547 -3.0128
v  -0.2414 1.2547 -3.0672
v  -0.4642 1.4180 -2.9311
v  -0.2328 1.2547 -2.9584
v  -0.9032 1.8941 -2.9458
v  -0.8872 1.8941 -2.8936
v  -0.7055 1.6709 -2.9386
v  -0.7182 1.6709 -2.9917
v  -0.8712 1.8941 -2.8413
v  -0.6928 1.6709 -2.8856
v  -1.4052 1.9685 -2.7379
v  -1.3803 1.9685 -2.6893
v  -1.1895 1.9685 -2.7784
v  -1.2110 1.9685 -2.8286
v  -1.3554 1.9685 -2.6408
v  -1.1680 1.9685 -2.7283
v  -1.0224 1.9685 -2.7886
v  -1.0412 1.9685 -2.8399
v  -1.0599 1.9685 -2.8911
v  -1.8084 1.9685 -2.4891
v  -1.7764 1.9685 -2.4450
v  -1.5791 1.9685 -2.5768
v  -1.6076 1.9685 -2.6233
v  -1.7443 1.9685 -2.4008
v  -1.5506 1.9685 -2.5303
v  -2.1756 1.9685 -2.1756
v  -2.1370 1.9685 -2.1370
v  -1.9627 1.9685 -2.2980
v  -1.9981 1.9685 -2.3395
v  -2.0984 1.9685 -2.0984
v  -1.9273 1.9685 -2.2566
v  -2.4891 1.9685 -1.8084
v  -2.4450 1.9685 -1.7764
v  -2.2980 1.9685 -1.9627
v  -2.3395 1.9685 -1.9981
v  -2.4008 1.9685 -1.7443
v  -2.2566 1.9685 -1.9273
v  -2.7414 1.9685 -1.3968
v  -2.6928 1.9685 -1.3720
v  -2.5768 1.9685 -1.5791
v  -2.6233 1.9685 -1.6076
v  -2.6441 1.9685 -1.3473
v  -2.5303 1.9685 -1.5506
v  -2.9261 1.9685 -0.9507
v  -2.8742 1.9685 -0.9339
v  -2.7921 1.9685 -1.1565
v  -2.8425 1.9685 -1.1774
v  -2.8223 1.9685 -0.9170
v  -2.7417 1.9685 -1.1356
v  -3.0388 1.9685 -0.4813
v  -2.9849 1.9685 -0.4728
v  -2.9386 1.9685 -0.7055
v  -2.9917 1.9685 -0.7182
v  -2.9311 1.9685 -0.4642
v  -2.8856 1.9685 -0.6928
v  -3.0767 1.9685 -0.0000
v  -3.0221 1.9685 -0.0000
v  -3.0128 1.9685 -0.2371
v  -3.0672 1.9685 -0.2414
v  -2.9676 1.9685 -0.0000
v  -2.9584 1.9685 -0.2328
v  2.9111 1.9528 -0.0000
v  2.9021 1.9528 -0.2284
v  2.8954 1.9058 -0.2279
v  2.9044 1.9058 -0.0000
v  2.8753 1.9528 -0.4554
v  2.8686 1.9058 -0.4543
v  2.8686 1.7205 -0.4543
v  2.8954 1.7205 -0.2279
v  2.9044 1.7205 -0.0000
v  2.8307 1.9528 -0.6796
v  2.8241 1.9058 -0.6780
v  2.7687 1.9528 -0.8996
v  2.7622 1.9058 -0.8975
v  2.7622 1.7205 -0.8975
v  2.8241 1.7205 -0.6780
v  2.6895 1.9528 -1.1140
v  2.6833 1.9058 -1.1115
v  2.5938 1.9528 -1.3216
v  2.5878 1.9058 -1.3186
v  2.5878 1.7205 -1.3186
v  2.6833 1.7205 -1.1115
v  2.4821 1.9528 -1.5211
v  2.4764 1.9058 -1.5175
v  2.3552 1.9528 -1.7111
v  2.3497 1.9058 -1.7072
v  2.3497 1.7205 -1.7072
v  2.4764 1.7205 -1.5175
v  2.2136 1.9528 -1.8906
v  2.2085 1.9058 -1.8862
v  2.0585 1.9528 -2.0585
v  2.0537 1.9058 -2.0537
v  2.0537 1.7205 -2.0537
v  2.2085 1.7205 -1.8862
v  1.8906 1.9528 -2.2136
v  1.8862 1.9058 -2.2085
v  1.7111 1.9528 -2.3552
v  1.7072 1.9058 -2.3497
v  1.7072 1.7205 -2.3497
v  1.8862 1.7205 -2.2085
v  1.5211 1.9528 -2.4821
v  1.5175 1.9058 -2.4764
v  1.3257 1.9536 -2.5921
v  1.3112 1.9089 -2.5909
v  1.3167 1.7213 -2.5886
v  1.5175 1.7205 -2.4764
v  1.1305 1.9560 -2.6827
v  1.0819 1.9183 -2.6955
v  1.0302 1.9629 -2.7299
v  0.9716 1.9560 -2.7485
v  0.8640 1.8808 -2.7834
v  0.8901 1.8387 -2.7653
v  0.8957 1.6615 -2.7630
v  1.1041 1.7237 -2.6863
v  0.6796 1.6617 -2.8307
v  0.6780 1.6251 -2.8241
v  0.4554 1.4133 -2.8753
v  0.4543 1.3857 -2.8686
v  0.4543 1.2770 -2.8686
v  0.6780 1.4812 -2.8241
v  0.2284 1.2504 -2.9021
v  0.2279 1.2287 -2.8954
v  -0.0000 1.1896 -2.9111
v  -0.0000 1.1701 -2.9044
v  -0.0000 1.0932 -2.9044
v  0.2279 1.1431 -2.8954
v  -0.2284 1.2475 -2.9021
v  -0.2279 1.2259 -2.8954
v  -0.4554 1.4089 -2.8753
v  -0.4543 1.3815 -2.8686
v  -0.4543 1.2734 -2.8686
v  -0.2279 1.1407 -2.8954
v  -0.6796 1.6588 -2.8307
v  -0.6780 1.6223 -2.8241
v  -0.8640 1.8801 -2.7834
v  -0.8901 1.8380 -2.7653
v  -0.8957 1.6609 -2.7630
v  -0.6780 1.4788 -2.8241
v  -0.9716 1.9560 -2.7485
v  -1.0819 1.9183 -2.6955
v  -1.0302 1.9629 -2.7299
v  -1.1305 1.9560 -2.6827
v  -1.3257 1.9536 -2.5921
v  -1.3112 1.9089 -2.5909
v  -1.3167 1.7213 -2.5886
v  -1.1041 1.7237 -2.6863
v  -1.5211 1.9528 -2.4821
v  -1.5175 1.9058 -2.4764
v  -1.7111 1.9528 -2.3552
v  -1.7072 1.9058 -2.3497
v  -1.7072 1.7205 -2.3497
v  -1.5175 1.7205 -2.4764
v  -1.8906 1.9528 -2.2136
v  -1.8862 1.9058 -2.2085
v  -2.0585 1.9528 -2.0585
v  -2.0537 1.9058 -2.0537
v  -2.0537 1.7205 -2.0537
v  -1.8862 1.7205 -2.2085
v  -2.2136 1.9528 -1.8906
v  -2.2085 1.9058 -1.8862
v  -2.3552 1.9528 -1.7111
v  -2.3497 1.9058 -1.7071
v  -2.3497 1.7205 -1.7071
v  -2.2085 1.7205 -1.8862
v  -2.4821 1.9528 -1.5211
v  -2.4764 1.9058 -1.5175
v  -2.5938 1.9528 -1.3216
v  -2.5878 1.9058 -1.3186
v  -2.5878 1.7205 -1.3186
v  -2.4764 1.7205 -1.5175
v  -2.6895 1.9528 -1.1140
v  -2.6833 1.9058 -1.1115
v  -2.7687 1.9528 -0.8996
v  -2.7622 1.9058 -0.8975
v  -2.7622 1.7205 -0.8975
v  -2.6833 1.7205 -1.1115
v  -2.8307 1.9528 -0.6796
v  -2.8241 1.9058 -0.6780
v  -2.8753 1.9528 -0.4554
v  -2.8686 1.9058 -0.4543
v  -2.8686 1.7205 -0.4543
v  -2.8241 1.7205 -0.6780
v  -2.9021 1.9528 -0.2284
v  -2.8954 1.9058 -0.2279
v  -2.9111 1.9528 -0.0000
v  -2.9044 1.9058 -0.0000
v  -2.9044 1.7205 -0.0000
v  -2.8954 1.7205 -0.2279
v  2.8686 1.2902 -0.4543
v  2.8954 1.2902 -0.2279
v  2.8686 0.8644 -0.4543
v  2.8954 0.8644 -0.2279
v  2.9044 0.8644 -0.0000
v  2.9044 1.2902 -0.0000
v  2.7622 1.2902 -0.8975
v  2.8241 1.2902 -0.6780
v  2.7622 0.8644 -0.8975
v  2.8241 0.8644 -0.6780
v  2.5878 1.2902 -1.3186
v  2.6833 1.2902 -1.1115
v  2.5878 0.8644 -1.3186
v  2.6833 0.8644 -1.1115
v  2.3497 1.2902 -1.7072
v  2.4764 1.2902 -1.5175
v  2.3497 0.8644 -1.7072
v  2.4764 0.8644 -1.5175
v  2.0537 1.2902 -2.0537
v  2.2085 1.2902 -1.8862
v  2.0537 0.8644 -2.0537
v  2.2085 0.8644 -1.8862
v  1.7072 1.2902 -2.3497
v  1.8862 1.2902 -2.2085
v  1.7072 0.8644 -2.3497
v  1.8862 0.8644 -2.2085
v  1.3186 1.2902 -2.5878
v  1.5175 1.2902 -2.4764
v  1.3186 0.8644 -2.5878
v  1.5175 0.8644 -2.4764
v  0.8975 1.2544 -2.7622
v  1.1115 1.2902 -2.6833
v  0.8975 0.8523 -2.7622
v  1.1115 0.8644 -2.6833
v  0.4543 1.0246 -2.8686
v  0.6780 1.1469 -2.8241
v  0.4543 0.7748 -2.8686
v  0.6780 0.8161 -2.8241
v  -0.0000 0.9145 -2.9044
v  0.2279 0.9444 -2.8954
v  -0.0000 0.7377 -2.9044
v  0.2279 0.7478 -2.8954
v  -0.4543 1.0225 -2.8686
v  -0.2279 0.9430 -2.8954
v  -0.4543 0.7741 -2.8686
v  -0.2279 0.7473 -2.8954
v  -0.8975 1.2540 -2.7622
v  -0.6780 1.1455 -2.8241
v  -0.8975 0.8522 -2.7622
v  -0.6780 0.8156 -2.8241
v  -1.3186 1.2902 -2.5878
v  -1.1115 1.2902 -2.6833
v  -1.3186 0.8644 -2.5878
v  -1.1115 0.8644 -2.6833
v  -1.7072 1.2902 -2.3497
v  -1.5175 1.2902 -2.4764
v  -1.7072 0.8644 -2.3497
v  -1.5175 0.8644 -2.4764
v  -2.0537 1.2902 -2.0537
v  -1.8862 1.2902 -2.2085
v  -2.0537 0.8644 -2.0537
v  -1.8862 0.8644 -2.2085
v  -2.3497 1.2902 -1.7071
v  -2.2085 1.2902 -1.8862
v  -2.3497 0.8644 -1.7071
v  -2.2085 0.8644 -1.8862
v  -2.5878 1.2902 -1.3186
v  -2.4764 1.2902 -1.5175
v  -2.5878 0.8644 -1.3186
v  -2.4764 0.8644 -1.5175
v  -2.7622 1.2902 -0.8975
v  -2.6833 1.2902 -1.1115
v  -2.7622 0.8644 -0.8975
v  -2.6833 0.8644 -1.1115
v  -2.8686 1.2902 -0.4543
v  -2.8241 1.2902 -0.6780
v  -2.8686 0.8644 -0.4543
v  -2.8241 0.8644 -0.6780
v  -2.9044 1.2902 -0.0000
v  -2.8954 1.2902 -0.2279
v  -2.9044 0.8644 -0.0000
v  -2.8954 0.8644 -0.2279
v  2.8686 0.6926 -0.4543
v  2.8954 0.6926 -0.2279
v  2.8582 0.6590 -0.4527
v  2.8849 0.6590 -0.2270
v  2.8939 0.6590 -0.0000
v  2.9044 0.6926 -0.0000
v  2.7622 0.6926 -0.8975
v  2.8241 0.6926 -0.6780
v  2.7522 0.6590 -0.8943
v  2.8139 0.6590 -0.6756
v  2.5878 0.6926 -1.3186
v  2.6833 0.6926 -1.1115
v  2.5785 0.6590 -1.3138
v  2.6736 0.6590 -1.1074
v  2.3497 0.6926 -1.7072
v  2.4764 0.6926 -1.5175
v  2.3412 0.6590 -1.7010
v  2.4674 0.6590 -1.5120
v  2.0537 0.6926 -2.0537
v  2.2085 0.6926 -1.8862
v  2.0463 0.6590 -2.0463
v  2.2005 0.6590 -1.8794
v  1.7072 0.6926 -2.3497
v  1.8862 0.6926 -2.2085
v  1.7010 0.6590 -2.3412
v  1.8794 0.6590 -2.2005
v  1.3186 0.6926 -2.5878
v  1.5175 0.6926 -2.4764
v  1.3138 0.6590 -2.5785
v  1.5120 0.6590 -2.4674
v  0.8975 0.6901 -2.7622
v  1.1115 0.6926 -2.6833
v  0.8943 0.6583 -2.7522
v  1.1074 0.6590 -2.6736
v  0.4543 0.6741 -2.8686
v  0.6780 0.6826 -2.8241
v  0.4527 0.6543 -2.8582
v  0.6756 0.6565 -2.8139
v  -0.0000 0.6664 -2.9044
v  0.2279 0.6685 -2.8954
v  -0.0000 0.6524 -2.8939
v  0.2270 0.6529 -2.8849
v  -0.4543 0.6739 -2.8686
v  -0.2279 0.6684 -2.8954
v  -0.4527 0.6543 -2.8582
v  -0.2271 0.6529 -2.8849
v  -0.8975 0.6901 -2.7622
v  -0.6780 0.6825 -2.8241
v  -0.8943 0.6583 -2.7522
v  -0.6756 0.6564 -2.8139
v  -1.3186 0.6926 -2.5878
v  -1.1115 0.6926 -2.6833
v  -1.3138 0.6590 -2.5785
v  -1.1074 0.6590 -2.6736
v  -1.7072 0.6926 -2.3497
v  -1.5175 0.6926 -2.4764
v  -1.7010 0.6590 -2.3412
v  -1.5120 0.6590 -2.4674
v  -2.0537 0.6926 -2.0537
v  -1.8862 0.6926 -2.2085
v  -2.0463 0.6590 -2.0463
v  -1.8794 0.6590 -2.2005
v  -2.3497 0.6926 -1.7071
v  -2.2085 0.6926 -1.8862
v  -2.3412 0.6590 -1.7010
v  -2.2005 0.6590 -1.8794
v  -2.5878 0.6926 -1.3186
v  -2.4764 0.6926 -1.5175
v  -2.5785 0.6590 -1.3138
v  -2.4674 0.6590 -1.5120
v  -2.7622 0.6926 -0.8975
v  -2.6833 0.6926 -1.1115
v  -2.7522 0.6590 -0.8943
v  -2.6736 0.6590 -1.1074
v  -2.8686 0.6926 -0.4543
v  -2.8241 0.6926 -0.6780
v  -2.8582 0.6590 -0.4527
v  -2.8139 0.6590 -0.6756
v  -2.9044 0.6926 -0.0000
v  -2.8954 0.6926 -0.2279
v  -2.8939 0.6590 -0.0000
v  -2.8849 0.6590 -0.2270
v  2.8535 0.6478 -0.2246
v  2.8624 0.6478 -0.0000
v  2.8271 0.6478 -0.4478
v  2.4935 0.6478 -0.3949
v  2.5167 0.6478 -0.1981
v  2.5245 0.6478 -0.0000
v  2.7833 0.6478 -0.6682
v  2.7223 0.6478 -0.8845
v  2.4010 0.6478 -0.7801
v  2.4548 0.6478 -0.5893
v  2.6445 0.6478 -1.0954
v  2.5504 0.6478 -1.2995
v  2.2494 0.6478 -1.1461
v  2.3324 0.6478 -0.9661
v  2.4406 0.6478 -1.4956
v  2.3157 0.6478 -1.6825
v  2.0424 0.6478 -1.4839
v  2.1525 0.6478 -1.3191
v  2.1766 0.6478 -1.8590
v  2.0240 0.6478 -2.0240
v  1.7851 0.6478 -1.7851
v  1.9197 0.6478 -1.6395
v  1.8590 0.6478 -2.1766
v  1.6825 0.6478 -2.3157
v  1.4839 0.6478 -2.0424
v  1.6395 0.6478 -1.9197
v  1.4956 0.6478 -2.4406
v  1.2995 0.6478 -2.5504
v  1.1461 0.6478 -2.2494
v  1.3191 0.6478 -2.1525
v  1.0954 0.6478 -2.6445
v  0.8845 0.6478 -2.7223
v  0.7801 0.6478 -2.4010
v  0.9661 0.6478 -2.3324
v  0.6682 0.6478 -2.7833
v  0.4478 0.6478 -2.8271
v  0.3949 0.6478 -2.4935
v  0.5893 0.6478 -2.4548
v  0.2246 0.6478 -2.8535
v  -0.0000 0.6478 -2.8624
v  -0.0000 0.6478 -2.5245
v  0.1981 0.6478 -2.5167
v  -0.2246 0.6478 -2.8535
v  -0.4478 0.6478 -2.8271
v  -0.3949 0.6478 -2.4935
v  -0.1981 0.6478 -2.5167
v  -0.6682 0.6478 -2.7833
v  -0.8845 0.6478 -2.7223
v  -0.7801 0.6478 -2.4010
v  -0.5893 0.6478 -2.4548
v  -1.0954 0.6478 -2.6445
v  -1.2995 0.6478 -2.5504
v  -1.1461 0.6478 -2.2494
v  -0.9661 0.6478 -2.3324
v  -1.4956 0.6478 -2.4406
v  -1.6825 0.6478 -2.3157
v  -1.4839 0.6478 -2.0424
v  -1.3191 0.6478 -2.1525
v  -1.8590 0.6478 -2.1766
v  -2.0240 0.6478 -2.0240
v  -1.7851 0.6478 -1.7851
v  -1.6395 0.6478 -1.9197
v  -2.1766 0.6478 -1.8590
v  -2.3157 0.6478 -1.6825
v  -2.0424 0.6478 -1.4839
v  -1.9197 0.6478 -1.6395
v  -2.4406 0.6478 -1.4956
v  -2.5504 0.6478 -1.2995
v  -2.2494 0.6478 -1.1461
v  -2.1525 0.6478 -1.3191
v  -2.6445 0.6478 -1.0954
v  -2.7223 0.6478 -0.8845
v  -2.4010 0.6478 -0.7801
v  -2.3324 0.6478 -0.9661
v  -2.7833 0.6478 -0.6682
v  -2.8271 0.6478 -0.4478
v  -2.4935 0.6478 -0.3949
v  -2.4548 0.6478 -0.5893
v  -2.8535 0.6478 -0.2246
v  -2.8624 0.6478 -0.0000
v  -2.5245 0.6478 -0.0000
v  -2.5167 0.6478 -0.1981
v  2.8953 1.9685 -0.4586
v  2.9223 1.9685 -0.2300
v  2.9314 1.9685 -0.0000
v  3.1129 1.9685 -0.0000
v  3.1033 1.9685 -0.2442
v  3.1332 1.9345 -0.0000
v  3.1235 1.9345 -0.2458
v  3.0946 1.9345 -0.4901
v  3.0746 1.9685 -0.4870
v  2.7879 1.9685 -0.9059
v  2.8504 1.9685 -0.6843
v  3.0269 1.9685 -0.7267
v  3.0466 1.9345 -0.7314
v  2.9798 1.9345 -0.9682
v  2.9605 1.9685 -0.9619
v  2.6119 1.9685 -1.3308
v  2.7082 1.9685 -1.1218
v  2.8759 1.9685 -1.1912
v  2.8946 1.9345 -1.1990
v  2.7917 1.9345 -1.4224
v  2.7736 1.9685 -1.4132
v  2.3716 1.9685 -1.7230
v  2.4994 1.9685 -1.5316
v  2.6542 1.9685 -1.6265
v  2.6714 1.9345 -1.6371
v  2.5348 1.9345 -1.8416
v  2.5184 1.9685 -1.8297
v  2.0728 1.9685 -2.0728
v  2.2290 1.9685 -1.9038
v  2.3671 1.9685 -2.0217
v  2.3825 1.9345 -2.0348
v  2.2155 1.9345 -2.2155
v  2.2011 1.9685 -2.2011
v  1.7230 1.9685 -2.3716
v  1.9038 1.9685 -2.2290
v  2.0217 1.9685 -2.3671
v  2.0348 1.9345 -2.3825
v  1.8416 1.9345 -2.5348
v  1.8297 1.9685 -2.5184
v  1.3388 1.9685 -2.6086
v  1.5316 1.9685 -2.4994
v  1.6265 1.9685 -2.6542
v  1.6371 1.9345 -2.6714
v  1.4268 1.9362 -2.7898
v  1.4217 1.9685 -2.7701
v  0.8606 1.8948 -2.8067
v  0.9406 1.9685 -2.7833
v  1.0099 1.9685 -2.7546
v  1.2252 1.9685 -2.8619
v  1.2110 1.9685 -2.8286
v  1.2166 1.9413 -2.8873
v  1.1051 1.9564 -2.9278
v  1.0724 1.9685 -2.9251
v  0.4586 1.4225 -2.8953
v  0.6843 1.6739 -2.8504
v  0.9138 1.8948 -2.9805
v  0.7267 1.6739 -3.0269
v  0.9299 1.8658 -2.9957
v  0.7314 1.6527 -3.0466
v  0.4901 1.4105 -3.0946
v  0.4870 1.4225 -3.0746
v  -0.0000 1.1961 -2.9314
v  0.2300 1.2577 -2.9223
v  0.2442 1.2577 -3.1033
v  0.2458 1.2475 -3.1235
v  -0.0000 1.1850 -3.1332
v  -0.0000 1.1961 -3.1129
v  -0.4586 1.4180 -2.8953
v  -0.2300 1.2547 -2.9223
v  -0.2442 1.2547 -3.1033
v  -0.2458 1.2443 -3.1235
v  -0.4901 1.4057 -3.0946
v  -0.4870 1.4180 -3.0746
v  -0.8606 1.8941 -2.8067
v  -0.6843 1.6709 -2.8504
v  -0.7267 1.6709 -3.0269
v  -0.7314 1.6495 -3.0466
v  -0.9299 1.8650 -2.9957
v  -0.9138 1.8941 -2.9805
v  -1.3388 1.9685 -2.6086
v  -1.1538 1.9685 -2.6950
v  -1.0099 1.9685 -2.7546
v  -0.9989 1.9685 -2.9556
v  -0.9872 1.9685 -2.9212
v  -1.0459 1.9413 -2.9581
v  -1.1051 1.9564 -2.9278
v  -1.0724 1.9685 -2.9251
v  -1.7230 1.9685 -2.3715
v  -1.5316 1.9685 -2.4994
v  -1.4217 1.9685 -2.7701
v  -1.6265 1.9685 -2.6542
v  -1.4268 1.9362 -2.7898
v  -1.6371 1.9345 -2.6714
v  -1.8416 1.9345 -2.5348
v  -1.8297 1.9685 -2.5184
v  -2.0728 1.9685 -2.0728
v  -1.9038 1.9685 -2.2290
v  -2.0217 1.9685 -2.3671
v  -2.0348 1.9345 -2.3825
v  -2.2155 1.9345 -2.2155
v  -2.2011 1.9685 -2.2011
v  -2.3716 1.9685 -1.7230
v  -2.2290 1.9685 -1.9038
v  -2.3671 1.9685 -2.0217
v  -2.3825 1.9345 -2.0348
v  -2.5348 1.9345 -1.8416
v  -2.5184 1.9685 -1.8297
v  -2.6119 1.9685 -1.3308
v  -2.4994 1.9685 -1.5316
v  -2.6542 1.9685 -1.6265
v  -2.6714 1.9345 -1.6371
v  -2.7917 1.9345 -1.4224
v  -2.7736 1.9685 -1.4132
v  -2.7879 1.9685 -0.9058
v  -2.7082 1.9685 -1.1218
v  -2.8759 1.9685 -1.1912
v  -2.8946 1.9345 -1.1990
v  -2.9798 1.9345 -0.9682
v  -2.9605 1.9685 -0.9619
v  -2.8953 1.9685 -0.4586
v  -2.8504 1.9685 -0.6843
v  -3.0269 1.9685 -0.7267
v  -3.0466 1.9345 -0.7314
v  -3.0946 1.9345 -0.4901
v  -3.0746 1.9685 -0.4870
v  -2.9314 1.9685 -0.0000
v  -2.9223 1.9685 -0.2300
v  -3.1033 1.9685 -0.2442
v  -3.1235 1.9345 -0.2458
v  -3.1332 1.9345 -0.0000
v  -3.1129 1.9685 -0.0000
v  3.1013 1.8327 -0.4912
v  3.1302 1.8327 -0.2464
v  3.1399 1.8327 -0.0000
v  2.9862 1.8327 -0.9703
v  3.0531 1.8327 -0.7330
v  2.7977 1.8327 -1.4255
v  2.9009 1.8327 -1.2016
v  2.5402 1.8327 -1.8456
v  2.6772 1.8327 -1.6406
v  2.2203 1.8327 -2.2203
v  2.3876 1.8327 -2.0392
v  1.8456 1.8327 -2.5402
v  2.0392 1.8327 -2.3876
v  1.4175 1.8395 -2.8010
v  1.6406 1.8327 -2.6772
v  0.9623 1.7786 -2.9895
v  1.1696 1.8598 -2.9141
v  1.0459 1.9413 -2.9581
v  0.4912 1.3747 -3.1013
v  0.7330 1.5894 -3.0531
v  -0.0000 1.1518 -3.1399
v  0.2464 1.2172 -3.1302
v  -0.4912 1.3687 -3.1013
v  -0.2464 1.2132 -3.1302
v  -0.9623 1.7776 -2.9895
v  -0.7330 1.5854 -3.0531
v  -1.4175 1.8395 -2.8010
v  -1.1696 1.8598 -2.9141
v  -1.2166 1.9413 -2.8873
v  -1.8456 1.8327 -2.5402
v  -1.6406 1.8327 -2.6772
v  -2.2203 1.8327 -2.2203
v  -2.0392 1.8327 -2.3876
v  -2.5402 1.8327 -1.8456
v  -2.3876 1.8327 -2.0392
v  -2.7977 1.8327 -1.4255
v  -2.6772 1.8327 -1.6406
v  -2.9862 1.8327 -0.9703
v  -2.9009 1.8327 -1.2016
v  -3.1013 1.8327 -0.4912
v  -3.0531 1.8327 -0.7330
v  -3.1399 1.8327 -0.0000
v  -3.1302 1.8327 -0.2464
v  1.5901 0.6478 -0.1251
v  1.5951 0.6478 -0.0000
v  1.5754 0.6478 -0.2495
v  0.8727 0.6478 -0.0000
v  1.5510 0.6478 -0.3724
v  1.5170 0.6478 -0.4929
v  1.4736 0.6478 -0.6104
v  1.4212 0.6478 -0.7241
v  1.3600 0.6478 -0.8334
v  1.2904 0.6478 -0.9375
v  1.2129 0.6478 -1.0359
v  1.1279 0.6478 -1.1279
v  1.0359 0.6478 -1.2129
v  0.9375 0.6478 -1.2904
v  0.8334 0.6478 -1.3600
v  0.7241 0.6478 -1.4212
v  0.6104 0.6478 -1.4736
v  0.4929 0.6478 -1.5170
v  0.3724 0.6478 -1.5510
v  0.2495 0.6478 -1.5754
v  0.1251 0.6478 -1.5901
v  -0.0000 0.6478 -1.5951
v  -0.1251 0.6478 -1.5901
v  -0.2495 0.6478 -1.5754
v  -0.3724 0.6478 -1.5510
v  -0.4929 0.6478 -1.5170
v  -0.6104 0.6478 -1.4736
v  -0.7241 0.6478 -1.4212
v  -0.8334 0.6478 -1.3600
v  -0.9375 0.6478 -1.2904
v  -1.0359 0.6478 -1.2129
v  -1.1279 0.6478 -1.1279
v  -1.2129 0.6478 -1.0359
v  -1.2904 0.6478 -0.9375
v  -1.3600 0.6478 -0.8334
v  -1.4212 0.6478 -0.7241
v  -1.4736 0.6478 -0.6104
v  -1.5170 0.6478 -0.4929
v  -1.5510 0.6478 -0.3724
v  -1.5754 0.6478 -0.2495
v  -1.5901 0.6478 -0.1251
v  -1.5951 0.6478 -0.0000
v  3.0030 0.0000 -0.2363
v  2.9753 0.0000 -0.4712
v  3.0123 0.0000 -0.0000
v  2.5910 0.0000 -0.0000
v  2.5830 0.0000 -0.2033
v  2.5591 0.0000 -0.4053
v  -3.0030 0.0000 -0.2363
v  -3.0123 0.0000 -0.0000
v  -2.9753 0.0000 -0.4712
v  -2.5591 0.0000 -0.4053
v  -2.5830 0.0000 -0.2033
v  -2.5910 0.0000 -0.0000
v  -2.9291 0.0000 -0.7032
v  -2.8649 0.0000 -0.9309
v  -2.4642 0.0000 -0.8007
v  -2.5194 0.0000 -0.6049
v  -2.7830 0.0000 -1.1528
v  -2.6840 0.0000 -1.3676
v  -2.3086 0.0000 -1.1763
v  -2.3938 0.0000 -0.9915
v  -2.5684 0.0000 -1.5739
v  -2.4370 0.0000 -1.7706
v  -2.0962 0.0000 -1.5230
v  -2.2092 0.0000 -1.3538
v  -2.2906 0.0000 -1.9564
v  -2.1301 0.0000 -2.1301
v  -1.8321 0.0000 -1.8321
v  -1.9702 0.0000 -1.6827
v  -1.9564 0.0000 -2.2906
v  -1.7706 0.0000 -2.4370
v  -1.5230 0.0000 -2.0962
v  -1.6827 0.0000 -1.9702
v  -1.5739 0.0000 -2.5684
v  -1.3676 0.0000 -2.6840
v  -1.1763 0.0000 -2.3086
v  -1.3538 0.0000 -2.2092
v  -1.1528 0.0000 -2.7830
v  -0.9309 0.0000 -2.8649
v  -0.8007 0.0000 -2.4642
v  -0.9915 0.0000 -2.3938
v  -0.7032 0.0000 -2.9291
v  -0.4712 0.0000 -2.9753
v  -0.4053 0.0000 -2.5591
v  -0.6049 0.0000 -2.5194
v  -0.2363 0.0000 -3.0030
v  -0.0000 0.0000 -3.0123
v  -0.0000 0.0000 -2.5910
v  -0.2033 0.0000 -2.5830
v  0.2363 0.0000 -3.0030
v  0.4712 0.0000 -2.9753
v  0.4053 0.0000 -2.5591
v  0.2033 0.0000 -2.5830
v  0.7032 0.0000 -2.9291
v  0.9309 0.0000 -2.8649
v  0.8007 0.0000 -2.4642
v  0.6049 0.0000 -2.5194
v  1.1528 0.0000 -2.7830
v  1.3676 0.0000 -2.6840
v  1.1763 0.0000 -2.3086
v  0.9915 0.0000 -2.3938
v  1.5739 0.0000 -2.5684
v  1.7706 0.0000 -2.4370
v  1.5230 0.0000 -2.0962
v  1.3538 0.0000 -2.2092
v  1.9564 0.0000 -2.2906
v  2.1301 0.0000 -2.1301
v  1.8321 0.0000 -1.8321
v  1.6827 0.0000 -1.9702
v  2.2906 0.0000 -1.9564
v  2.4370 0.0000 -1.7706
v  2.0962 0.0000 -1.5230
v  1.9702 0.0000 -1.6827
v  2.5684 0.0000 -1.5739
v  2.6840 0.0000 -1.3676
v  2.3086 0.0000 -1.1763
v  2.2092 0.0000 -1.3538
v  2.7830 0.0000 -1.1528
v  2.8649 0.0000 -0.9309
v  2.4642 0.0000 -0.8007
v  2.3938 0.0000 -0.9915
v  2.9291 0.0000 -0.7032
v  2.5194 0.0000 -0.6049
v  1.5773 0.0000 -0.1241
v  1.5627 0.0000 -0.2475
v  1.5822 0.0000 -0.0000
v  -1.5773 0.0000 -0.1241
v  -1.5821 0.0000 -0.0000
v  -1.5627 0.0000 -0.2475
v  -1.5384 0.0000 -0.3693
v  -1.5047 0.0000 -0.4889
v  -1.4617 0.0000 -0.6055
v  -1.4097 0.0000 -0.7183
v  -1.3490 0.0000 -0.8267
v  -1.2800 0.0000 -0.9300
v  -1.2031 0.0000 -1.0275
v  -1.1188 0.0000 -1.1188
v  -1.0275 0.0000 -1.2031
v  -0.9300 0.0000 -1.2800
v  -0.8267 0.0000 -1.3490
v  -0.7183 0.0000 -1.4097
v  -0.6055 0.0000 -1.4617
v  -0.4889 0.0000 -1.5047
v  -0.3693 0.0000 -1.5384
v  -0.2475 0.0000 -1.5627
v  -0.1241 0.0000 -1.5773
v  -0.0000 0.0000 -1.5822
v  0.1241 0.0000 -1.5773
v  0.2475 0.0000 -1.5627
v  0.3693 0.0000 -1.5384
v  0.4889 0.0000 -1.5047
v  0.6055 0.0000 -1.4617
v  0.7183 0.0000 -1.4097
v  0.8267 0.0000 -1.3490
v  0.9300 0.0000 -1.2800
v  1.0275 0.0000 -1.2031
v  1.1188 0.0000 -1.1188
v  1.2031 0.0000 -1.0275
v  1.2800 0.0000 -0.9300
v  1.3490 0.0000 -0.8267
v  1.4097 0.0000 -0.7183
v  1.4617 0.0000 -0.6055
v  1.5047 0.0000 -0.4889
v  1.5384 0.0000 -0.3693
v  -0.9522 1.9685 -2.8177
v  -0.9697 1.9685 -2.8695
v  -0.9406 1.9685 -2.7833
v  -1.2252 1.9685 -2.8619
v  1.1680 1.9685 -2.7283
v  1.1895 1.9685 -2.7784
v  1.1538 1.9685 -2.6950
v  0.9989 1.9685 -2.9556
v  2.5830 0.0000 0.2033
v  -0.5337 0.0000 0.0420
v  -0.5205 0.0000 0.1250
v  -0.8169 0.0000 0.1294
v  -0.7866 0.0000 0.2556
v  -0.4946 0.0000 0.2049
v  -0.4564 0.0000 0.2797
v  -0.7369 0.0000 0.3755
v  -0.6691 0.0000 0.4861
v  -0.4070 0.0000 0.3477
v  -0.3477 0.0000 0.4070
v  -0.5848 0.0000 0.5848
v  -0.4861 0.0000 0.6691
v  -0.2797 0.0000 0.4564
v  -0.2049 0.0000 0.4946
v  -0.3755 0.0000 0.7369
v  -0.2556 0.0000 0.7866
v  -0.1250 0.0000 0.5205
v  -0.0420 0.0000 0.5337
v  -0.1294 0.0000 0.8169
v  0.0000 0.0000 0.8270
v  0.0420 0.0000 0.5337
v  0.1250 0.0000 0.5205
v  0.1294 0.0000 0.8169
v  0.2556 0.0000 0.7866
v  0.2049 0.0000 0.4946
v  0.2797 0.0000 0.4564
v  0.3755 0.0000 0.7369
v  0.4861 0.0000 0.6691
v  0.3477 0.0000 0.4070
v  0.4070 0.0000 0.3477
v  0.5848 0.0000 0.5848
v  0.6691 0.0000 0.4861
v  0.4564 0.0000 0.2797
v  0.4946 0.0000 0.2049
v  0.7369 0.0000 0.3755
v  0.7866 0.0000 0.2556
v  0.5205 0.0000 0.1250
v  0.5337 0.0000 0.0420
v  0.8169 0.0000 0.1294
v  3.0984 0.0492 0.2439
v  3.1302 0.1969 0.2464
v  3.0698 0.0492 0.4862
v  3.1013 0.1969 0.4912
v  3.1302 0.3937 0.2464
v  3.1013 0.3937 0.4912
v  3.0221 0.0492 0.7255
v  3.0531 0.1969 0.7330
v  2.9559 0.0492 0.9604
v  2.9862 0.1969 0.9703
v  3.0531 0.3937 0.7330
v  2.9862 0.3937 0.9703
v  2.8714 0.0492 1.1894
v  2.9009 0.1969 1.2016
v  2.7693 0.0492 1.4110
v  2.7977 0.1969 1.4255
v  2.9009 0.3937 1.2016
v  2.7977 0.3937 1.4255
v  2.6500 0.0492 1.6239
v  2.6772 0.1969 1.6406
v  2.5144 0.0492 1.8268
v  2.5402 0.1969 1.8456
v  2.6772 0.3937 1.6406
v  2.5402 0.3937 1.8456
v  2.3633 0.0492 2.0185
v  2.3876 0.1969 2.0392
v  2.1977 0.0492 2.1977
v  2.2203 0.1969 2.2203
v  2.3876 0.3937 2.0392
v  2.2203 0.3937 2.2203
v  2.0185 0.0492 2.3633
v  2.0392 0.1969 2.3876
v  1.8268 0.0492 2.5144
v  1.8456 0.1969 2.5402
v  2.0392 0.3937 2.3876
v  1.8456 0.3937 2.5402
v  1.6239 0.0492 2.6500
v  1.6406 0.1969 2.6772
v  1.4110 0.0492 2.7693
v  1.4255 0.1969 2.7977
v  1.6406 0.3937 2.6772
v  1.4255 0.3937 2.7977
v  1.1894 0.0492 2.8714
v  1.2016 0.1969 2.9009
v  0.9604 0.0492 2.9559
v  0.9703 0.1969 2.9862
v  1.2016 0.3937 2.9009
v  0.9703 0.3937 2.9862
v  0.7255 0.0492 3.0221
v  0.7330 0.1969 3.0531
v  0.4862 0.0492 3.0698
v  0.4912 0.1969 3.1013
v  0.7330 0.3937 3.0531
v  0.4912 0.3937 3.1013
v  0.2439 0.0492 3.0984
v  0.2464 0.1969 3.1302
v  -0.0000 0.0492 3.1080
v  -0.0000 0.1969 3.1399
v  0.2464 0.3937 3.1302
v  -0.0000 0.3937 3.1399
v  -0.2439 0.0492 3.0984
v  -0.2464 0.1969 3.1302
v  -0.4862 0.0492 3.0698
v  -0.4912 0.1969 3.1013
v  -0.2464 0.3937 3.1302
v  -0.4912 0.3937 3.1013
v  -0.7256 0.0492 3.0221
v  -0.7330 0.1969 3.0531
v  -0.9604 0.0492 2.9559
v  -0.9703 0.1969 2.9862
v  -0.7330 0.3937 3.0531
v  -0.9703 0.3937 2.9862
v  -1.1894 0.0492 2.8714
v  -1.2016 0.1969 2.9009
v  -1.4110 0.0492 2.7693
v  -1.4255 0.1969 2.7977
v  -1.2016 0.3937 2.9009
v  -1.4255 0.3937 2.7977
v  -1.6239 0.0492 2.6500
v  -1.6406 0.1969 2.6772
v  -1.8268 0.0492 2.5144
v  -1.8456 0.1969 2.5402
v  -1.6406 0.3937 2.6772
v  -1.8456 0.3937 2.5402
v  -2.0185 0.0492 2.3633
v  -2.0392 0.1969 2.3876
v  -2.1977 0.0492 2.1977
v  -2.2203 0.1969 2.2203
v  -2.0392 0.3937 2.3876
v  -2.2203 0.3937 2.2203
v  -2.3633 0.0492 2.0185
v  -2.3876 0.1969 2.0392
v  -2.5144 0.0492 1.8268
v  -2.5402 0.1969 1.8456
v  -2.3876 0.3937 2.0392
v  -2.5402 0.3937 1.8456
v  -2.6500 0.0492 1.6239
v  -2.6772 0.1969 1.6406
v  -2.7693 0.0492 1.4110
v  -2.7977 0.1969 1.4255
v  -2.6772 0.3937 1.6406
v  -2.7977 0.3937 1.4255
v  -2.8714 0.0492 1.1894
v  -2.9009 0.1969 1.2016
v  -2.9559 0.0492 0.9604
v  -2.9862 0.1969 0.9703
v  -2.9009 0.3937 1.2016
v  -2.9862 0.3937 0.9703
v  -3.0221 0.0492 0.7255
v  -3.0531 0.1969 0.7330
v  -3.0698 0.0492 0.4862
v  -3.1013 0.1969 0.4912
v  -3.0531 0.3937 0.7330
v  -3.1013 0.3937 0.4912
v  -3.0984 0.0492 0.2438
v  -3.1302 0.1969 0.2464
v  -3.1302 0.3937 0.2464
v  3.1302 0.5906 0.2464
v  3.1013 0.5906 0.4912
v  3.1302 0.7874 0.2464
v  3.1013 0.7874 0.4912
v  3.0531 0.5906 0.7330
v  2.9862 0.5906 0.9703
v  3.0531 0.7874 0.7330
v  2.9862 0.7874 0.9703
v  2.9009 0.5906 1.2016
v  2.7977 0.5906 1.4255
v  2.9009 0.7874 1.2016
v  2.7977 0.7874 1.4255
v  2.6772 0.5906 1.6406
v  2.5402 0.5906 1.8456
v  2.6772 0.7874 1.6406
v  2.5402 0.7874 1.8456
v  2.3876 0.5906 2.0392
v  2.2203 0.5906 2.2203
v  2.3876 0.7874 2.0392
v  2.2203 0.7874 2.2203
v  2.0392 0.5906 2.3876
v  1.8456 0.5906 2.5402
v  2.0392 0.7874 2.3876
v  1.8456 0.7874 2.5402
v  1.6406 0.5906 2.6772
v  1.4255 0.5906 2.7977
v  1.6406 0.7874 2.6772
v  1.4255 0.7874 2.7977
v  1.2016 0.5906 2.9009
v  0.9703 0.5906 2.9862
v  1.2016 0.7874 2.9009
v  0.9703 0.7874 2.9862
v  0.7330 0.5906 3.0531
v  0.4912 0.5906 3.1013
v  0.7330 0.7874 3.0531
v  0.4912 0.7829 3.1013
v  0.2464 0.5906 3.1302
v  -0.0000 0.5906 3.1399
v  0.2464 0.7696 3.1302
v  -0.0000 0.7606 3.1399
v  -0.2464 0.5906 3.1302
v  -0.4912 0.5906 3.1013
v  -0.2464 0.7696 3.1302
v  -0.4912 0.7829 3.1013
v  -0.7330 0.5906 3.0531
v  -0.9703 0.5906 2.9862
v  -0.7330 0.7874 3.0531
v  -0.9703 0.7874 2.9862
v  -1.2016 0.5906 2.9009
v  -1.4255 0.5906 2.7977
v  -1.2016 0.7874 2.9009
v  -1.4255 0.7874 2.7977
v  -1.6406 0.5906 2.6772
v  -1.8456 0.5906 2.5402
v  -1.6406 0.7874 2.6772
v  -1.8456 0.7874 2.5402
v  -2.0392 0.5906 2.3876
v  -2.2203 0.5906 2.2203
v  -2.0392 0.7874 2.3876
v  -2.2203 0.7874 2.2203
v  -2.3876 0.5906 2.0392
v  -2.5402 0.5906 1.8456
v  -2.3876 0.7874 2.0392
v  -2.5402 0.7874 1.8456
v  -2.6772 0.5906 1.6406
v  -2.7977 0.5906 1.4255
v  -2.6772 0.7874 1.6406
v  -2.7977 0.7874 1.4255
v  -2.9009 0.5906 1.2016
v  -2.9862 0.5906 0.9703
v  -2.9009 0.7874 1.2016
v  -2.9862 0.7874 0.9703
v  -3.0531 0.5906 0.7330
v  -3.1013 0.5906 0.4912
v  -3.0531 0.7874 0.7330
v  -3.1013 0.7874 0.4912
v  -3.1302 0.5906 0.2464
v  -3.1302 0.7874 0.2464
v  3.1302 0.9843 0.2464
v  3.1013 0.9843 0.4912
v  3.1302 1.1811 0.2464
v  3.1013 1.1811 0.4912
v  3.0531 0.9843 0.7330
v  2.9862 0.9843 0.9703
v  3.0531 1.1811 0.7330
v  2.9862 1.1811 0.9703
v  2.9009 0.9843 1.2016
v  2.7977 0.9843 1.4255
v  2.9009 1.1811 1.2016
v  2.7977 1.1811 1.4255
v  2.6772 0.9843 1.6406
v  2.5402 0.9843 1.8456
v  2.6772 1.1811 1.6406
v  2.5402 1.1811 1.8456
v  2.3876 0.9843 2.0392
v  2.2203 0.9843 2.2203
v  2.3876 1.1811 2.0392
v  2.2203 1.1811 2.2203
v  2.0392 0.9843 2.3876
v  1.8456 0.9843 2.5402
v  2.0392 1.1811 2.3876
v  1.8456 1.1811 2.5402
v  1.6406 0.9843 2.6772
v  1.4255 0.9843 2.7977
v  1.6406 1.1811 2.6772
v  1.4255 1.1811 2.7977
v  1.2016 0.9843 2.9009
v  0.9703 0.9843 2.9862
v  1.2016 1.1811 2.9009
v  0.9703 1.1765 2.9862
v  0.7330 0.9843 3.0531
v  0.4912 0.9664 3.1013
v  0.7330 1.1629 3.0531
v  0.4912 1.1180 3.1013
v  0.2464 0.9129 3.1302
v  -0.0000 0.8772 3.1399
v  0.2464 1.0197 3.1302
v  -0.0000 0.9571 3.1399
v  -0.2464 0.9129 3.1302
v  -0.4912 0.9664 3.1013
v  -0.2464 1.0190 3.1302
v  -0.4912 1.1168 3.1013
v  -0.7330 0.9843 3.0531
v  -0.9703 0.9843 2.9862
v  -0.7330 1.1621 3.0531
v  -0.9703 1.1764 2.9862
v  -1.2016 0.9843 2.9009
v  -1.4255 0.9843 2.7977
v  -1.2016 1.1811 2.9009
v  -1.4255 1.1811 2.7977
v  -1.6406 0.9843 2.6772
v  -1.8456 0.9843 2.5402
v  -1.6406 1.1811 2.6772
v  -1.8456 1.1811 2.5402
v  -2.0392 0.9843 2.3876
v  -2.2203 0.9843 2.2203
v  -2.0392 1.1811 2.3876
v  -2.2203 1.1811 2.2203
v  -2.3876 0.9843 2.0392
v  -2.5402 0.9843 1.8456
v  -2.3876 1.1811 2.0392
v  -2.5402 1.1811 1.8456
v  -2.6772 0.9843 1.6406
v  -2.7977 0.9843 1.4255
v  -2.6772 1.1811 1.6406
v  -2.7977 1.1811 1.4255
v  -2.9009 0.9843 1.2016
v  -2.9862 0.9843 0.9703
v  -2.9009 1.1811 1.2016
v  -2.9862 1.1811 0.9703
v  -3.0531 0.9843 0.7330
v  -3.1013 0.9843 0.4912
v  -3.0531 1.1811 0.7330
v  -3.1013 1.1811 0.4912
v  -3.1302 0.9843 0.2464
v  -3.1302 1.1811 0.2464
v  3.1302 1.3780 0.2464
v  3.1013 1.3780 0.4912
v  3.1302 1.5408 0.2464
v  3.1013 1.5408 0.4912
v  3.0531 1.3780 0.7330
v  2.9862 1.3780 0.9703
v  3.0531 1.5408 0.7330
v  2.9862 1.5408 0.9703
v  2.9009 1.3780 1.2016
v  2.7977 1.3780 1.4255
v  2.9009 1.5408 1.2016
v  2.7977 1.5408 1.4255
v  2.6772 1.3780 1.6406
v  2.5402 1.3780 1.8456
v  2.6772 1.5408 1.6406
v  2.5402 1.5408 1.8456
v  2.3876 1.3780 2.0392
v  2.2203 1.3780 2.2203
v  2.3876 1.5408 2.0392
v  2.2203 1.5408 2.2203
v  2.0392 1.3780 2.3876
v  1.8456 1.3780 2.5402
v  2.0392 1.5408 2.3876
v  1.8456 1.5408 2.5402
v  1.6406 1.3780 2.6772
v  1.4255 1.3780 2.7977
v  1.6406 1.5408 2.6772
v  1.4255 1.5408 2.7977
v  1.2016 1.3780 2.9009
v  0.9703 1.3597 2.9862
v  1.2016 1.5408 2.9009
v  0.9703 1.5075 2.9862
v  0.7330 1.3050 3.0531
v  0.4912 1.2146 3.1013
v  0.7330 1.4074 3.0531
v  0.4912 1.2719 3.1013
v  0.2464 1.0894 3.1302
v  -0.0000 1.0173 3.1399
v  0.2464 1.1322 3.1302
v  -0.0000 1.0600 3.1399
v  -0.2464 1.0864 3.1302
v  -0.4912 1.2102 3.1013
v  -0.2464 1.1271 3.1302
v  -0.4912 1.2643 3.1013
v  -0.7330 1.3020 3.0531
v  -0.9703 1.3590 2.9862
v  -0.7330 1.4023 3.0531
v  -0.9703 1.5062 2.9862
v  -1.2016 1.3780 2.9009
v  -1.4255 1.3780 2.7977
v  -1.2016 1.5408 2.9009
v  -1.4255 1.5408 2.7977
v  -1.6406 1.3780 2.6772
v  -1.8456 1.3780 2.5402
v  -1.6406 1.5408 2.6772
v  -1.8456 1.5408 2.5402
v  -2.0392 1.3780 2.3876
v  -2.2203 1.3780 2.2203
v  -2.0392 1.5408 2.3876
v  -2.2203 1.5408 2.2203
v  -2.3876 1.3780 2.0392
v  -2.5402 1.3780 1.8456
v  -2.3876 1.5408 2.0392
v  -2.5402 1.5408 1.8456
v  -2.6772 1.3780 1.6406
v  -2.7977 1.3780 1.4255
v  -2.6772 1.5408 1.6406
v  -2.7977 1.5408 1.4255
v  -2.9009 1.3780 1.2016
v  -2.9862 1.3780 0.9703
v  -2.9009 1.5408 1.2016
v  -2.9862 1.5408 0.9703
v  -3.0531 1.3780 0.7330
v  -3.1013 1.3780 0.4912
v  -3.0531 1.5408 0.7330
v  -3.1013 1.5408 0.4912
v  -3.1302 1.3780 0.2464
v  -3.1302 1.5408 0.2464
v  3.1302 1.6358 0.2464
v  3.1013 1.6358 0.4912
v  3.1302 1.7156 0.2464
v  3.1013 1.7156 0.4912
v  3.0531 1.6358 0.7330
v  2.9862 1.6358 0.9703
v  3.0531 1.7156 0.7330
v  2.9862 1.7156 0.9703
v  2.9009 1.6358 1.2016
v  2.7977 1.6358 1.4255
v  2.9009 1.7156 1.2016
v  2.7977 1.7156 1.4255
v  2.6772 1.6358 1.6406
v  2.5402 1.6358 1.8456
v  2.6772 1.7156 1.6406
v  2.5402 1.7156 1.8456
v  2.3876 1.6358 2.0392
v  2.2203 1.6358 2.2203
v  2.3876 1.7156 2.0392
v  2.2203 1.7156 2.2203
v  2.0392 1.6358 2.3876
v  1.8456 1.6358 2.5402
v  2.0392 1.7156 2.3876
v  1.8456 1.7156 2.5402
v  1.6406 1.6358 2.6772
v  1.4255 1.6358 2.7977
v  1.6406 1.7156 2.6772
v  1.4235 1.7172 2.7985
v  1.2016 1.6358 2.9009
v  0.9703 1.5936 2.9862
v  1.1936 1.7223 2.9042
v  0.9683 1.6675 2.9871
v  0.7330 1.4669 3.0531
v  0.4912 1.3053 3.1013
v  0.7330 1.5165 3.0531
v  0.4912 1.3334 3.1013
v  0.2464 1.1586 3.1302
v  -0.0000 1.0876 3.1399
v  0.2464 1.1823 3.1302
v  -0.0000 1.1136 3.1399
v  -0.2464 1.1531 3.1302
v  -0.4912 1.2971 3.1013
v  -0.2464 1.1775 3.1302
v  -0.4912 1.3261 3.1013
v  -0.7330 1.4614 3.0531
v  -0.9703 1.5922 2.9862
v  -0.7330 1.5116 3.0531
v  -0.9683 1.6663 2.9871
v  -1.2016 1.6358 2.9009
v  -1.4255 1.6358 2.7977
v  -1.1936 1.7223 2.9042
v  -1.4235 1.7172 2.7985
v  -1.6406 1.6358 2.6772
v  -1.8456 1.6358 2.5402
v  -1.6406 1.7156 2.6772
v  -1.8456 1.7156 2.5402
v  -2.0392 1.6358 2.3876
v  -2.2203 1.6358 2.2203
v  -2.0392 1.7156 2.3876
v  -2.2203 1.7156 2.2203
v  -2.3876 1.6358 2.0392
v  -2.5402 1.6358 1.8456
v  -2.3876 1.7156 2.0392
v  -2.5402 1.7156 1.8456
v  -2.6772 1.6358 1.6406
v  -2.7977 1.6358 1.4255
v  -2.6772 1.7156 1.6406
v  -2.7977 1.7156 1.4255
v  -2.9009 1.6358 1.2016
v  -2.9862 1.6358 0.9703
v  -2.9009 1.7156 1.2016
v  -2.9862 1.7156 0.9703
v  -3.0531 1.6358 0.7330
v  -3.1013 1.6358 0.4912
v  -3.0531 1.7156 0.7330
v  -3.1013 1.7156 0.4912
v  -3.1302 1.6358 0.2464
v  -3.1302 1.7156 0.2464
v  0.5675 0.6478 0.1362
v  0.8620 0.6478 0.1365
v  0.5818 0.6478 0.0458
v  0.8300 0.6478 0.2697
v  0.5392 0.6478 0.2233
v  0.4976 0.6478 0.3049
v  0.7776 0.6478 0.3962
v  0.7061 0.6478 0.5130
v  0.4438 0.6478 0.3790
v  0.3790 0.6478 0.4438
v  0.6171 0.6478 0.6171
v  0.5130 0.6478 0.7061
v  0.3049 0.6478 0.4976
v  0.2233 0.6478 0.5392
v  0.3962 0.6478 0.7776
v  0.2697 0.6478 0.8300
v  0.1362 0.6478 0.5675
v  0.0458 0.6478 0.5818
v  0.1365 0.6478 0.8620
v  -0.0000 0.6478 0.8727
v  -0.0458 0.6478 0.5818
v  -0.1362 0.6478 0.5675
v  -0.1365 0.6478 0.8620
v  -0.2697 0.6478 0.8300
v  -0.2233 0.6478 0.5392
v  -0.3049 0.6478 0.4976
v  -0.3962 0.6478 0.7776
v  -0.5130 0.6478 0.7061
v  -0.3790 0.6478 0.4438
v  -0.4438 0.6478 0.3790
v  -0.6171 0.6478 0.6171
v  -0.7061 0.6478 0.5130
v  -0.4976 0.6478 0.3049
v  -0.5392 0.6478 0.2233
v  -0.7776 0.6478 0.3962
v  -0.8300 0.6478 0.2697
v  -0.5675 0.6478 0.1362
v  -0.5818 0.6478 0.0458
v  -0.8620 0.6478 0.1365
v  2.9849 1.9685 0.4728
v  3.0388 1.9685 0.4813
v  3.0672 1.9685 0.2414
v  3.0128 1.9685 0.2371
v  2.9311 1.9685 0.4642
v  2.9584 1.9685 0.2328
v  2.8742 1.9685 0.9339
v  2.9261 1.9685 0.9508
v  2.9917 1.9685 0.7182
v  2.9386 1.9685 0.7055
v  2.8223 1.9685 0.9170
v  2.8856 1.9685 0.6928
v  2.6928 1.9685 1.3720
v  2.7414 1.9685 1.3968
v  2.8425 1.9685 1.1774
v  2.7921 1.9685 1.1565
v  2.6441 1.9685 1.3473
v  2.7417 1.9685 1.1356
v  2.4450 1.9685 1.7764
v  2.4891 1.9685 1.8084
v  2.6233 1.9685 1.6076
v  2.5768 1.9685 1.5791
v  2.4008 1.9685 1.7443
v  2.5303 1.9685 1.5506
v  2.1370 1.9685 2.1370
v  2.1756 1.9685 2.1756
v  2.3395 1.9685 1.9981
v  2.2980 1.9685 1.9627
v  2.0984 1.9685 2.0984
v  2.2566 1.9685 1.9273
v  1.7764 1.9685 2.4450
v  1.8084 1.9685 2.4891
v  1.9981 1.9685 2.3395
v  1.9627 1.9685 2.2980
v  1.7443 1.9685 2.4008
v  1.9273 1.9685 2.2566
v  1.3803 1.9685 2.6893
v  1.4052 1.9685 2.7379
v  1.6076 1.9685 2.6233
v  1.5791 1.9685 2.5768
v  1.3554 1.9685 2.6408
v  1.5506 1.9685 2.5303
v  0.8872 1.8948 2.8936
v  0.9032 1.8948 2.9458
v  0.9872 1.9685 2.9212
v  0.9697 1.9685 2.8695
v  0.8712 1.8948 2.8413
v  0.9522 1.9685 2.8177
v  1.0412 1.9685 2.8399
v  1.0224 1.9685 2.7886
v  1.0599 1.9685 2.8911
v  0.4728 1.4225 2.9849
v  0.4813 1.4225 3.0388
v  0.7182 1.6739 2.9917
v  0.7055 1.6739 2.9386
v  0.4642 1.4225 2.9311
v  0.6928 1.6739 2.8856
v  -0.0000 1.1961 3.0221
v  -0.0000 1.1961 3.0767
v  0.2414 1.2577 3.0672
v  0.2371 1.2577 3.0128
v  -0.0000 1.1961 2.9676
v  0.2328 1.2577 2.9584
v  -0.4728 1.4180 2.9849
v  -0.4813 1.4180 3.0388
v  -0.2414 1.2547 3.0672
v  -0.2371 1.2547 3.0128
v  -0.4642 1.4180 2.9311
v  -0.2328 1.2547 2.9584
v  -0.8872 1.8941 2.8936
v  -0.9032 1.8941 2.9458
v  -0.7182 1.6709 2.9917
v  -0.7055 1.6709 2.9386
v  -0.8712 1.8941 2.8413
v  -0.6928 1.6709 2.8856
v  -1.3803 1.9685 2.6893
v  -1.4052 1.9685 2.7379
v  -1.2110 1.9685 2.8286
v  -1.1895 1.9685 2.7784
v  -1.3554 1.9685 2.6408
v  -1.1680 1.9685 2.7283
v  -1.0412 1.9685 2.8399
v  -1.0224 1.9685 2.7886
v  -1.0599 1.9685 2.8911
v  -1.7764 1.9685 2.4450
v  -1.8084 1.9685 2.4891
v  -1.6076 1.9685 2.6233
v  -1.5791 1.9685 2.5768
v  -1.7443 1.9685 2.4008
v  -1.5506 1.9685 2.5303
v  -2.1370 1.9685 2.1370
v  -2.1756 1.9685 2.1756
v  -1.9981 1.9685 2.3395
v  -1.9627 1.9685 2.2980
v  -2.0984 1.9685 2.0984
v  -1.9273 1.9685 2.2566
v  -2.4450 1.9685 1.7764
v  -2.4891 1.9685 1.8084
v  -2.3395 1.9685 1.9981
v  -2.2980 1.9685 1.9627
v  -2.4008 1.9685 1.7443
v  -2.2566 1.9685 1.9273
v  -2.6928 1.9685 1.3720
v  -2.7414 1.9685 1.3968
v  -2.6233 1.9685 1.6076
v  -2.5768 1.9685 1.5791
v  -2.6441 1.9685 1.3473
v  -2.5303 1.9685 1.5506
v  -2.8742 1.9685 0.9339
v  -2.9261 1.9685 0.9507
v  -2.8425 1.9685 1.1774
v  -2.7921 1.9685 1.1565
v  -2.8223 1.9685 0.9170
v  -2.7417 1.9685 1.1356
v  -2.9849 1.9685 0.4728
v  -3.0388 1.9685 0.4813
v  -2.9917 1.9685 0.7182
v  -2.9386 1.9685 0.7055
v  -2.9311 1.9685 0.4642
v  -2.8856 1.9685 0.6928
v  -3.0672 1.9685 0.2414
v  -3.0128 1.9685 0.2371
v  -2.9584 1.9685 0.2328
v  2.9021 1.9528 0.2284
v  2.8954 1.9058 0.2279
v  2.8753 1.9528 0.4554
v  2.8686 1.9058 0.4543
v  2.8954 1.7205 0.2279
v  2.8686 1.7205 0.4543
v  2.8307 1.9528 0.6796
v  2.8241 1.9058 0.6780
v  2.7687 1.9528 0.8996
v  2.7622 1.9058 0.8975
v  2.8241 1.7205 0.6780
v  2.7622 1.7205 0.8975
v  2.6895 1.9528 1.1140
v  2.6833 1.9058 1.1115
v  2.5938 1.9528 1.3216
v  2.5878 1.9058 1.3186
v  2.6833 1.7205 1.1115
v  2.5878 1.7205 1.3186
v  2.4821 1.9528 1.5211
v  2.4764 1.9058 1.5175
v  2.3552 1.9528 1.7111
v  2.3497 1.9058 1.7072
v  2.4764 1.7205 1.5175
v  2.3497 1.7205 1.7072
v  2.2136 1.9528 1.8906
v  2.2085 1.9058 1.8862
v  2.0585 1.9528 2.0585
v  2.0537 1.9058 2.0537
v  2.2085 1.7205 1.8862
v  2.0537 1.7205 2.0537
v  1.8906 1.9528 2.2136
v  1.8862 1.9058 2.2085
v  1.7111 1.9528 2.3552
v  1.7072 1.9058 2.3497
v  1.8862 1.7205 2.2085
v  1.7072 1.7205 2.3497
v  1.5211 1.9528 2.4821
v  1.5175 1.9058 2.4764
v  1.3257 1.9536 2.5921
v  1.3112 1.9089 2.5909
v  1.5175 1.7205 2.4764
v  1.3167 1.7213 2.5886
v  1.1305 1.9560 2.6827
v  1.0819 1.9183 2.6955
v  1.0302 1.9629 2.7299
v  0.9716 1.9560 2.7485
v  0.8901 1.8387 2.7653
v  0.8640 1.8808 2.7834
v  0.8957 1.6615 2.7630
v  1.1041 1.7237 2.6863
v  0.6796 1.6617 2.8307
v  0.6780 1.6251 2.8241
v  0.4554 1.4133 2.8753
v  0.4543 1.3857 2.8686
v  0.6780 1.4812 2.8241
v  0.4543 1.2770 2.8686
v  0.2284 1.2504 2.9021
v  0.2279 1.2287 2.8954
v  -0.0000 1.1896 2.9111
v  -0.0000 1.1701 2.9044
v  0.2279 1.1431 2.8954
v  -0.0000 1.0932 2.9044
v  -0.2284 1.2475 2.9021
v  -0.2279 1.2259 2.8954
v  -0.4554 1.4089 2.8753
v  -0.4543 1.3815 2.8686
v  -0.2279 1.1407 2.8954
v  -0.4543 1.2734 2.8686
v  -0.6796 1.6588 2.8307
v  -0.6780 1.6223 2.8241
v  -0.8640 1.8801 2.7834
v  -0.8901 1.8380 2.7653
v  -0.6780 1.4788 2.8241
v  -0.8957 1.6609 2.7630
v  -0.9716 1.9560 2.7485
v  -1.0819 1.9183 2.6955
v  -1.0302 1.9629 2.7299
v  -1.1305 1.9560 2.6827
v  -1.3112 1.9089 2.5909
v  -1.3257 1.9536 2.5921
v  -1.3167 1.7213 2.5886
v  -1.1041 1.7237 2.6863
v  -1.5211 1.9528 2.4821
v  -1.5175 1.9058 2.4764
v  -1.7111 1.9528 2.3552
v  -1.7072 1.9058 2.3497
v  -1.5175 1.7205 2.4764
v  -1.7072 1.7205 2.3497
v  -1.8906 1.9528 2.2136
v  -1.8862 1.9058 2.2085
v  -2.0585 1.9528 2.0585
v  -2.0537 1.9058 2.0537
v  -1.8862 1.7205 2.2085
v  -2.0537 1.7205 2.0537
v  -2.2136 1.9528 1.8906
v  -2.2085 1.9058 1.8862
v  -2.3552 1.9528 1.7111
v  -2.3497 1.9058 1.7071
v  -2.2085 1.7205 1.8862
v  -2.3497 1.7205 1.7071
v  -2.4821 1.9528 1.5211
v  -2.4764 1.9058 1.5175
v  -2.5938 1.9528 1.3216
v  -2.5878 1.9058 1.3186
v  -2.4764 1.7205 1.5175
v  -2.5878 1.7205 1.3186
v  -2.6895 1.9528 1.1140
v  -2.6833 1.9058 1.1115
v  -2.7687 1.9528 0.8996
v  -2.7622 1.9058 0.8975
v  -2.6833 1.7205 1.1115
v  -2.7622 1.7205 0.8975
v  -2.8307 1.9528 0.6796
v  -2.8241 1.9058 0.6780
v  -2.8753 1.9528 0.4554
v  -2.8686 1.9058 0.4543
v  -2.8241 1.7205 0.6780
v  -2.8686 1.7205 0.4543
v  -2.9021 1.9528 0.2284
v  -2.8954 1.9058 0.2279
v  -2.8954 1.7205 0.2279
v  2.8686 1.2902 0.4543
v  2.8954 1.2902 0.2279
v  2.8686 0.8644 0.4543
v  2.8954 0.8644 0.2279
v  2.7622 1.2902 0.8975
v  2.8241 1.2902 0.6780
v  2.7622 0.8644 0.8975
v  2.8241 0.8644 0.6780
v  2.5878 1.2902 1.3186
v  2.6833 1.2902 1.1115
v  2.5878 0.8644 1.3186
v  2.6833 0.8644 1.1115
v  2.3497 1.2902 1.7072
v  2.4764 1.2902 1.5175
v  2.3497 0.8644 1.7072
v  2.4764 0.8644 1.5175
v  2.0537 1.2902 2.0537
v  2.2085 1.2902 1.8862
v  2.0537 0.8644 2.0537
v  2.2085 0.8644 1.8862
v  1.7072 1.2902 2.3497
v  1.8862 1.2902 2.2085
v  1.7072 0.8644 2.3497
v  1.8862 0.8644 2.2085
v  1.3186 1.2902 2.5878
v  1.5175 1.2902 2.4764
v  1.3186 0.8644 2.5878
v  1.5175 0.8644 2.4764
v  0.8975 1.2544 2.7622
v  1.1115 1.2902 2.6833
v  0.8975 0.8523 2.7622
v  1.1115 0.8644 2.6833
v  0.4543 1.0246 2.8686
v  0.6780 1.1469 2.8241
v  0.4543 0.7748 2.8686
v  0.6780 0.8161 2.8241
v  -0.0000 0.9145 2.9044
v  0.2279 0.9444 2.8954
v  -0.0000 0.7377 2.9044
v  0.2279 0.7478 2.8954
v  -0.4543 1.0225 2.8686
v  -0.2279 0.9430 2.8954
v  -0.4543 0.7741 2.8686
v  -0.2279 0.7473 2.8954
v  -0.8975 1.2540 2.7622
v  -0.6780 1.1455 2.8241
v  -0.8975 0.8522 2.7622
v  -0.6780 0.8156 2.8241
v  -1.3186 1.2902 2.5878
v  -1.1115 1.2902 2.6833
v  -1.3186 0.8644 2.5878
v  -1.1115 0.8644 2.6833
v  -1.7072 1.2902 2.3497
v  -1.5175 1.2902 2.4764
v  -1.7072 0.8644 2.3497
v  -1.5175 0.8644 2.4764
v  -2.0537 1.2902 2.0537
v  -1.8862 1.2902 2.2085
v  -2.0537 0.8644 2.0537
v  -1.8862 0.8644 2.2085
v  -2.3497 1.2902 1.7071
v  -2.2085 1.2902 1.8862
v  -2.3497 0.8644 1.7071
v  -2.2085 0.8644 1.8862
v  -2.5878 1.2902 1.3186
v  -2.4764 1.2902 1.5175
v  -2.5878 0.8644 1.3186
v  -2.4764 0.8644 1.5175
v  -2.7622 1.2902 0.8975
v  -2.6833 1.2902 1.1115
v  -2.7622 0.8644 0.8975
v  -2.6833 0.8644 1.1115
v  -2.8686 1.2902 0.4543
v  -2.8241 1.2902 0.6780
v  -2.8686 0.8644 0.4543
v  -2.8241 0.8644 0.6780
v  -2.8954 1.2902 0.2279
v  -2.8954 0.8644 0.2279
v  2.8686 0.6926 0.4543
v  2.8954 0.6926 0.2279
v  2.8582 0.6590 0.4527
v  2.8849 0.6590 0.2270
v  2.7622 0.6926 0.8975
v  2.8241 0.6926 0.6780
v  2.7522 0.6590 0.8943
v  2.8139 0.6590 0.6756
v  2.5878 0.6926 1.3186
v  2.6833 0.6926 1.1115
v  2.5785 0.6590 1.3138
v  2.6736 0.6590 1.1074
v  2.3497 0.6926 1.7072
v  2.4764 0.6926 1.5175
v  2.3412 0.6590 1.7010
v  2.4674 0.6590 1.5120
v  2.0537 0.6926 2.0537
v  2.2085 0.6926 1.8862
v  2.0463 0.6590 2.0463
v  2.2005 0.6590 1.8794
v  1.7072 0.6926 2.3497
v  1.8862 0.6926 2.2085
v  1.7010 0.6590 2.3412
v  1.8794 0.6590 2.2005
v  1.3186 0.6926 2.5878
v  1.5175 0.6926 2.4764
v  1.3138 0.6590 2.5785
v  1.5120 0.6590 2.4674
v  0.8975 0.6901 2.7622
v  1.1115 0.6926 2.6833
v  0.8943 0.6583 2.7522
v  1.1074 0.6590 2.6736
v  0.4543 0.6741 2.8686
v  0.6780 0.6826 2.8241
v  0.4527 0.6543 2.8582
v  0.6756 0.6565 2.8139
v  -0.0000 0.6664 2.9044
v  0.2279 0.6685 2.8954
v  -0.0000 0.6524 2.8939
v  0.2270 0.6529 2.8849
v  -0.4543 0.6739 2.8686
v  -0.2279 0.6684 2.8954
v  -0.4527 0.6543 2.8582
v  -0.2271 0.6529 2.8849
v  -0.8975 0.6901 2.7622
v  -0.6780 0.6825 2.8241
v  -0.8943 0.6583 2.7522
v  -0.6756 0.6564 2.8139
v  -1.3186 0.6926 2.5878
v  -1.1115 0.6926 2.6833
v  -1.3138 0.6590 2.5785
v  -1.1074 0.6590 2.6736
v  -1.7072 0.6926 2.3497
v  -1.5175 0.6926 2.4764
v  -1.7010 0.6590 2.3412
v  -1.5120 0.6590 2.4674
v  -2.0537 0.6926 2.0537
v  -1.8862 0.6926 2.2085
v  -2.0463 0.6590 2.0463
v  -1.8794 0.6590 2.2005
v  -2.3497 0.6926 1.7071
v  -2.2085 0.6926 1.8862
v  -2.3412 0.6590 1.7010
v  -2.2005 0.6590 1.8794
v  -2.5878 0.6926 1.3186
v  -2.4764 0.6926 1.5175
v  -2.5785 0.6590 1.3138
v  -2.4674 0.6590 1.5120
v  -2.7622 0.6926 0.8975
v  -2.6833 0.6926 1.1115
v  -2.7522 0.6590 0.8943
v  -2.6736 0.6590 1.1074
v  -2.8686 0.6926 0.4543
v  -2.8241 0.6926 0.6780
v  -2.8582 0.6590 0.4527
v  -2.8139 0.6590 0.6756
v  -2.8954 0.6926 0.2279
v  -2.8849 0.6590 0.2270
v  2.8535 0.6478 0.2246
v  2.8271 0.6478 0.4478
v  2.5167 0.6478 0.1981
v  2.4935 0.6478 0.3949
v  2.7833 0.6478 0.6682
v  2.7223 0.6478 0.8845
v  2.4548 0.6478 0.5893
v  2.4010 0.6478 0.7801
v  2.6445 0.6478 1.0954
v  2.5504 0.6478 1.2995
v  2.3324 0.6478 0.9661
v  2.2494 0.6478 1.1461
v  2.4406 0.6478 1.4956
v  2.3157 0.6478 1.6825
v  2.1525 0.6478 1.3191
v  2.0424 0.6478 1.4839
v  2.1766 0.6478 1.8590
v  2.0240 0.6478 2.0240
v  1.9197 0.6478 1.6395
v  1.7851 0.6478 1.7851
v  1.8590 0.6478 2.1766
v  1.6825 0.6478 2.3157
v  1.6395 0.6478 1.9197
v  1.4839 0.6478 2.0424
v  1.4956 0.6478 2.4406
v  1.2995 0.6478 2.5504
v  1.3191 0.6478 2.1525
v  1.1461 0.6478 2.2494
v  1.0954 0.6478 2.6445
v  0.8845 0.6478 2.7223
v  0.9661 0.6478 2.3324
v  0.7801 0.6478 2.4010
v  0.6682 0.6478 2.7833
v  0.4478 0.6478 2.8271
v  0.5893 0.6478 2.4548
v  0.3949 0.6478 2.4935
v  0.2246 0.6478 2.8535
v  -0.0000 0.6478 2.8624
v  0.1981 0.6478 2.5167
v  -0.0000 0.6478 2.5245
v  -0.2246 0.6478 2.8535
v  -0.4478 0.6478 2.8271
v  -0.1981 0.6478 2.5167
v  -0.3949 0.6478 2.4935
v  -0.6682 0.6478 2.7833
v  -0.8845 0.6478 2.7223
v  -0.5893 0.6478 2.4548
v  -0.7801 0.6478 2.4010
v  -1.0954 0.6478 2.6445
v  -1.2995 0.6478 2.5504
v  -0.9661 0.6478 2.3324
v  -1.1461 0.6478 2.2494
v  -1.4956 0.6478 2.4406
v  -1.6825 0.6478 2.3157
v  -1.3191 0.6478 2.1525
v  -1.4839 0.6478 2.0424
v  -1.8590 0.6478 2.1766
v  -2.0240 0.6478 2.0240
v  -1.6395 0.6478 1.9197
v  -1.7851 0.6478 1.7851
v  -2.1766 0.6478 1.8590
v  -2.3157 0.6478 1.6825
v  -1.9197 0.6478 1.6395
v  -2.0424 0.6478 1.4839
v  -2.4406 0.6478 1.4956
v  -2.5504 0.6478 1.2995
v  -2.1525 0.6478 1.3191
v  -2.2494 0.6478 1.1461
v  -2.6445 0.6478 1.0954
v  -2.7223 0.6478 0.8845
v  -2.3324 0.6478 0.9661
v  -2.4010 0.6478 0.7801
v  -2.7833 0.6478 0.6682
v  -2.8271 0.6478 0.4478
v  -2.4548 0.6478 0.5893
v  -2.4935 0.6478 0.3949
v  -2.8535 0.6478 0.2246
v  -2.5167 0.6478 0.1981
v  2.8953 1.9685 0.4586
v  2.9223 1.9685 0.2300
v  3.1033 1.9685 0.2442
v  3.1235 1.9345 0.2458
v  3.0746 1.9685 0.4870
v  3.0946 1.9345 0.4901
v  2.7879 1.9685 0.9059
v  2.8504 1.9685 0.6843
v  3.0269 1.9685 0.7267
v  3.0466 1.9345 0.7314
v  2.9605 1.9685 0.9619
v  2.9798 1.9345 0.9682
v  2.6119 1.9685 1.3308
v  2.7082 1.9685 1.1218
v  2.8759 1.9685 1.1912
v  2.8946 1.9345 1.1990
v  2.7736 1.9685 1.4132
v  2.7917 1.9345 1.4224
v  2.3716 1.9685 1.7230
v  2.4994 1.9685 1.5316
v  2.6542 1.9685 1.6265
v  2.6714 1.9345 1.6371
v  2.5184 1.9685 1.8297
v  2.5348 1.9345 1.8416
v  2.0728 1.9685 2.0728
v  2.2290 1.9685 1.9038
v  2.3671 1.9685 2.0217
v  2.3825 1.9345 2.0348
v  2.2011 1.9685 2.2011
v  2.2155 1.9345 2.2155
v  1.7230 1.9685 2.3716
v  1.9038 1.9685 2.2290
v  2.0217 1.9685 2.3671
v  2.0348 1.9345 2.3825
v  1.8297 1.9685 2.5184
v  1.8416 1.9345 2.5348
v  1.3388 1.9685 2.6086
v  1.5316 1.9685 2.4994
v  1.6265 1.9685 2.6542
v  1.6371 1.9345 2.6714
v  1.4217 1.9685 2.7701
v  1.4268 1.9362 2.7898
v  0.8606 1.8948 2.8067
v  0.9406 1.9685 2.7833
v  1.0099 1.9685 2.7546
v  1.2110 1.9685 2.8286
v  1.2252 1.9685 2.8619
v  1.2166 1.9413 2.8873
v  1.0724 1.9685 2.9251
v  1.1051 1.9564 2.9278
v  0.4586 1.4225 2.8953
v  0.6843 1.6739 2.8504
v  0.9138 1.8948 2.9805
v  0.7267 1.6739 3.0269
v  0.9299 1.8658 2.9957
v  0.7314 1.6527 3.0466
v  0.4870 1.4225 3.0746
v  0.4901 1.4105 3.0946
v  -0.0000 1.1961 2.9314
v  0.2300 1.2577 2.9223
v  0.2442 1.2577 3.1033
v  0.2458 1.2475 3.1235
v  -0.0000 1.1961 3.1129
v  -0.0000 1.1850 3.1332
v  -0.4586 1.4180 2.8953
v  -0.2300 1.2547 2.9223
v  -0.2442 1.2547 3.1033
v  -0.2458 1.2443 3.1235
v  -0.4870 1.4180 3.0746
v  -0.4901 1.4057 3.0946
v  -0.8606 1.8941 2.8067
v  -0.6843 1.6709 2.8504
v  -0.7267 1.6709 3.0269
v  -0.7314 1.6495 3.0466
v  -0.9138 1.8941 2.9805
v  -0.9299 1.8650 2.9957
v  -1.3388 1.9685 2.6086
v  -1.1538 1.9685 2.6950
v  -1.0099 1.9685 2.7546
v  -0.9872 1.9685 2.9212
v  -0.9989 1.9685 2.9556
v  -1.0459 1.9413 2.9581
v  -1.0724 1.9685 2.9251
v  -1.1051 1.9564 2.9278
v  -1.7230 1.9685 2.3715
v  -1.5316 1.9685 2.4994
v  -1.4217 1.9685 2.7701
v  -1.6265 1.9685 2.6542
v  -1.4268 1.9362 2.7898
v  -1.6371 1.9345 2.6714
v  -1.8297 1.9685 2.5184
v  -1.8416 1.9345 2.5348
v  -2.0728 1.9685 2.0728
v  -1.9038 1.9685 2.2290
v  -2.0217 1.9685 2.3671
v  -2.0348 1.9345 2.3825
v  -2.2011 1.9685 2.2011
v  -2.2155 1.9345 2.2155
v  -2.3716 1.9685 1.7230
v  -2.2290 1.9685 1.9038
v  -2.3671 1.9685 2.0217
v  -2.3825 1.9345 2.0348
v  -2.5184 1.9685 1.8297
v  -2.5348 1.9345 1.8416
v  -2.6119 1.9685 1.3308
v  -2.4994 1.9685 1.5316
v  -2.6542 1.9685 1.6265
v  -2.6714 1.9345 1.6371
v  -2.7736 1.9685 1.4132
v  -2.7917 1.9345 1.4224
v  -2.7879 1.9685 0.9058
v  -2.7082 1.9685 1.1218
v  -2.8759 1.9685 1.1912
v  -2.8946 1.9345 1.1990
v  -2.9605 1.9685 0.9619
v  -2.9798 1.9345 0.9682
v  -2.8953 1.9685 0.4586
v  -2.8504 1.9685 0.6843
v  -3.0269 1.9685 0.7267
v  -3.0466 1.9345 0.7314
v  -3.0746 1.9685 0.4870
v  -3.0946 1.9345 0.4901
v  -2.9223 1.9685 0.2300
v  -3.1033 1.9685 0.2442
v  -3.1235 1.9345 0.2458
v  3.1013 1.8327 0.4912
v  3.1302 1.8327 0.2464
v  2.9862 1.8327 0.9703
v  3.0531 1.8327 0.7330
v  2.7977 1.8327 1.4255
v  2.9009 1.8327 1.2016
v  2.5402 1.8327 1.8456
v  2.6772 1.8327 1.6406
v  2.2203 1.8327 2.2203
v  2.3876 1.8327 2.0392
v  1.8456 1.8327 2.5402
v  2.0392 1.8327 2.3876
v  1.4175 1.8395 2.8010
v  1.6406 1.8327 2.6772
v  0.9623 1.7786 2.9895
v  1.1696 1.8598 2.9141
v  1.0459 1.9413 2.9581
v  0.4912 1.3747 3.1013
v  0.7330 1.5894 3.0531
v  -0.0000 1.1518 3.1399
v  0.2464 1.2172 3.1302
v  -0.4912 1.3687 3.1013
v  -0.2464 1.2132 3.1302
v  -0.9623 1.7776 2.9895
v  -0.7330 1.5854 3.0531
v  -1.4175 1.8395 2.8010
v  -1.1696 1.8598 2.9141
v  -1.2166 1.9413 2.8873
v  -1.8456 1.8327 2.5402
v  -1.6406 1.8327 2.6772
v  -2.2203 1.8327 2.2203
v  -2.0392 1.8327 2.3876
v  -2.5402 1.8327 1.8456
v  -2.3876 1.8327 2.0392
v  -2.7977 1.8327 1.4255
v  -2.6772 1.8327 1.6406
v  -2.9862 1.8327 0.9703
v  -2.9009 1.8327 1.2016
v  -3.1013 1.8327 0.4912
v  -3.0531 1.8327 0.7330
v  -3.1302 1.8327 0.2464
v  1.5901 0.6478 0.1251
v  1.5754 0.6478 0.2495
v  1.5510 0.6478 0.3724
v  1.5170 0.6478 0.4929
v  1.4736 0.6478 0.6104
v  1.4212 0.6478 0.7241
v  1.3600 0.6478 0.8334
v  1.2904 0.6478 0.9375
v  1.2129 0.6478 1.0359
v  1.1279 0.6478 1.1279
v  1.0359 0.6478 1.2129
v  0.9375 0.6478 1.2904
v  0.8334 0.6478 1.3600
v  0.7241 0.6478 1.4212
v  0.6104 0.6478 1.4736
v  0.4929 0.6478 1.5170
v  0.3724 0.6478 1.5510
v  0.2495 0.6478 1.5754
v  0.1251 0.6478 1.5901
v  -0.0000 0.6478 1.5951
v  -0.1251 0.6478 1.5901
v  -0.2495 0.6478 1.5754
v  -0.3724 0.6478 1.5510
v  -0.4929 0.6478 1.5170
v  -0.6104 0.6478 1.4736
v  -0.7241 0.6478 1.4212
v  -0.8334 0.6478 1.3600
v  -0.9375 0.6478 1.2904
v  -1.0359 0.6478 1.2129
v  -1.1279 0.6478 1.1279
v  -1.2129 0.6478 1.0359
v  -1.2904 0.6478 0.9375
v  -1.3600 0.6478 0.8334
v  -1.4212 0.6478 0.7241
v  -1.4736 0.6478 0.6104
v  -1.5170 0.6478 0.4929
v  -1.5510 0.6478 0.3724
v  -1.5754 0.6478 0.2495
v  -1.5901 0.6478 0.1251
v  2.9753 0.0000 0.4712
v  3.0030 0.0000 0.2363
v  2.5591 0.0000 0.4053
v  -3.0030 0.0000 0.2363
v  -2.9753 0.0000 0.4712
v  -2.5830 0.0000 0.2033
v  -2.5591 0.0000 0.4053
v  -2.9291 0.0000 0.7032
v  -2.8649 0.0000 0.9309
v  -2.5194 0.0000 0.6049
v  -2.4642 0.0000 0.8007
v  -2.7830 0.0000 1.1528
v  -2.6840 0.0000 1.3676
v  -2.3938 0.0000 0.9915
v  -2.3086 0.0000 1.1763
v  -2.5684 0.0000 1.5739
v  -2.4370 0.0000 1.7706
v  -2.2092 0.0000 1.3538
v  -2.0962 0.0000 1.5230
v  -2.2906 0.0000 1.9564
v  -2.1301 0.0000 2.1301
v  -1.9702 0.0000 1.6827
v  -1.8321 0.0000 1.8321
v  -1.9564 0.0000 2.2906
v  -1.7706 0.0000 2.4370
v  -1.6827 0.0000 1.9702
v  -1.5230 0.0000 2.0962
v  -1.5739 0.0000 2.5684
v  -1.3676 0.0000 2.6840
v  -1.3538 0.0000 2.2092
v  -1.1763 0.0000 2.3086
v  -1.1528 0.0000 2.7830
v  -0.9309 0.0000 2.8649
v  -0.9915 0.0000 2.3938
v  -0.8007 0.0000 2.4642
v  -0.7032 0.0000 2.9291
v  -0.4712 0.0000 2.9753
v  -0.6049 0.0000 2.5194
v  -0.4053 0.0000 2.5591
v  -0.2363 0.0000 3.0030
v  -0.0000 0.0000 3.0123
v  -0.2033 0.0000 2.5830
v  -0.0000 0.0000 2.5910
v  0.2363 0.0000 3.0030
v  0.4712 0.0000 2.9753
v  0.2033 0.0000 2.5830
v  0.4053 0.0000 2.5591
v  0.7032 0.0000 2.9291
v  0.9309 0.0000 2.8649
v  0.6049 0.0000 2.5194
v  0.8007 0.0000 2.4642
v  1.1528 0.0000 2.7830
v  1.3676 0.0000 2.6840
v  0.9915 0.0000 2.3938
v  1.1763 0.0000 2.3086
v  1.5739 0.0000 2.5684
v  1.7706 0.0000 2.4370
v  1.3538 0.0000 2.2092
v  1.5230 0.0000 2.0962
v  1.9564 0.0000 2.2906
v  2.1301 0.0000 2.1301
v  1.6827 0.0000 1.9702
v  1.8321 0.0000 1.8321
v  2.2906 0.0000 1.9564
v  2.4370 0.0000 1.7706
v  1.9702 0.0000 1.6827
v  2.0962 0.0000 1.5230
v  2.5684 0.0000 1.5739
v  2.6840 0.0000 1.3676
v  2.2092 0.0000 1.3538
v  2.3086 0.0000 1.1763
v  2.7830 0.0000 1.1528
v  2.8649 0.0000 0.9309
v  2.3938 0.0000 0.9915
v  2.4642 0.0000 0.8007
v  2.9291 0.0000 0.7032
v  2.5194 0.0000 0.6049
v  1.5627 0.0000 0.2475
v  1.5773 0.0000 0.1241
v  -1.5773 0.0000 0.1241
v  -1.5627 0.0000 0.2475
v  -1.5384 0.0000 0.3693
v  -1.5047 0.0000 0.4889
v  -1.4617 0.0000 0.6055
v  -1.4097 0.0000 0.7183
v  -1.3490 0.0000 0.8267
v  -1.2800 0.0000 0.9300
v  -1.2031 0.0000 1.0275
v  -1.1188 0.0000 1.1188
v  -1.0275 0.0000 1.2031
v  -0.9300 0.0000 1.2800
v  -0.8267 0.0000 1.3490
v  -0.7183 0.0000 1.4097
v  -0.6055 0.0000 1.4617
v  -0.4889 0.0000 1.5047
v  -0.3693 0.0000 1.5384
v  -0.2475 0.0000 1.5627
v  -0.1241 0.0000 1.5773
v  -0.0000 0.0000 1.5822
v  0.1241 0.0000 1.5773
v  0.2475 0.0000 1.5627
v  0.3693 0.0000 1.5384
v  0.4889 0.0000 1.5047
v  0.6055 0.0000 1.4617
v  0.7183 0.0000 1.4097
v  0.8267 0.0000 1.3490
v  0.9300 0.0000 1.2800
v  1.0275 0.0000 1.2031
v  1.1188 0.0000 1.1188
v  1.2031 0.0000 1.0275
v  1.2800 0.0000 0.9300
v  1.3490 0.0000 0.8267
v  1.4097 0.0000 0.7183
v  1.4617 0.0000 0.6055
v  1.5047 0.0000 0.4889
v  1.5384 0.0000 0.3693
v  -0.9522 1.9685 2.8177
v  -0.9697 1.9685 2.8695
v  -0.9406 1.9685 2.7833
v  -1.2252 1.9685 2.8619
v  1.1680 1.9685 2.7283
v  1.1895 1.9685 2.7784
v  1.1538 1.9685 2.6950
v  0.9989 1.9685 2.9556
# 2698 vertices

vn 0.0000 -1.0000 -0.0000
vn 0.7974 -0.6034 -0.0000
vn 0.7949 -0.6034 -0.0626
vn 0.9913 -0.1059 -0.0780
vn 0.9944 -0.1059 -0.0000
vn 0.7876 -0.6034 -0.1247
vn 0.9821 -0.1059 -0.1556
vn 0.9877 0.0000 -0.1564
vn 0.9969 0.0000 -0.0785
vn 1.0000 0.0000 -0.0000
vn 0.7754 -0.6034 -0.1862
vn 0.9669 -0.1059 -0.2321
vn 0.7584 -0.6034 -0.2464
vn 0.9457 -0.1059 -0.3073
vn 0.9511 -0.0000 -0.3090
vn 0.9724 -0.0000 -0.2334
vn 0.7367 -0.6034 -0.3052
vn 0.9187 -0.1059 -0.3805
vn 0.7105 -0.6034 -0.3620
vn 0.8860 -0.1059 -0.4514
vn 0.8910 0.0000 -0.4540
vn 0.9239 -0.0000 -0.3827
vn 0.6799 -0.6034 -0.4166
vn 0.8478 -0.1059 -0.5196
vn 0.6451 -0.6034 -0.4687
vn 0.8045 -0.1059 -0.5845
vn 0.8090 0.0000 -0.5878
vn 0.8526 0.0000 -0.5225
vn 0.6064 -0.6034 -0.5179
vn 0.7561 -0.1059 -0.6458
vn 0.5639 -0.6034 -0.5639
vn 0.7031 -0.1059 -0.7031
vn 0.7071 -0.0000 -0.7071
vn 0.7604 -0.0000 -0.6494
vn 0.5179 -0.6034 -0.6064
vn 0.6458 -0.1059 -0.7561
vn 0.4687 -0.6034 -0.6451
vn 0.5845 -0.1059 -0.8045
vn 0.5878 -0.0000 -0.8090
vn 0.6494 0.0000 -0.7604
vn 0.4166 -0.6034 -0.6799
vn 0.5196 -0.1059 -0.8478
vn 0.3620 -0.6034 -0.7105
vn 0.4514 -0.1059 -0.8860
vn 0.4540 0.0000 -0.8910
vn 0.5225 0.0000 -0.8526
vn 0.3052 -0.6034 -0.7367
vn 0.3805 -0.1059 -0.9187
vn 0.2464 -0.6034 -0.7584
vn 0.3073 -0.1059 -0.9457
vn 0.3090 -0.0000 -0.9511
vn 0.3827 0.0000 -0.9239
vn 0.1861 -0.6034 -0.7754
vn 0.2321 -0.1059 -0.9669
vn 0.1247 -0.6034 -0.7876
vn 0.1556 -0.1059 -0.9821
vn 0.1564 -0.0000 -0.9877
vn 0.2334 0.0000 -0.9724
vn 0.0626 -0.6034 -0.7949
vn 0.0780 -0.1059 -0.9913
vn -0.0000 -0.6034 -0.7974
vn -0.0000 -0.1059 -0.9944
vn -0.0000 0.0000 -1.0000
vn 0.0785 0.0000 -0.9969
vn -0.0626 -0.6034 -0.7949
vn -0.0780 -0.1059 -0.9913
vn -0.1247 -0.6034 -0.7876
vn -0.1556 -0.1059 -0.9821
vn -0.1564 0.0000 -0.9877
vn -0.0785 -0.0000 -0.9969
vn -0.1862 -0.6034 -0.7754
vn -0.2321 -0.1059 -0.9669
vn -0.2464 -0.6034 -0.7584
vn -0.3073 -0.1059 -0.9457
vn -0.3090 0.0000 -0.9511
vn -0.2334 -0.0000 -0.9724
vn -0.3052 -0.6034 -0.7367
vn -0.3805 -0.1059 -0.9187
vn -0.3620 -0.6034 -0.7105
vn -0.4514 -0.1059 -0.8860
vn -0.4540 -0.0000 -0.8910
vn -0.3827 -0.0000 -0.9239
vn -0.4166 -0.6034 -0.6799
vn -0.5196 -0.1059 -0.8478
vn -0.4687 -0.6034 -0.6451
vn -0.5845 -0.1059 -0.8045
vn -0.5878 0.0000 -0.8090
vn -0.5225 0.0000 -0.8526
vn -0.5179 -0.6034 -0.6064
vn -0.6458 -0.1059 -0.7561
vn -0.5639 -0.6034 -0.5639
vn -0.7031 -0.1059 -0.7031
vn -0.7071 0.0000 -0.7071
vn -0.6494 0.0000 -0.7604
vn -0.6064 -0.6034 -0.5179
vn -0.7561 -0.1059 -0.6458
vn -0.6451 -0.6034 -0.4687
vn -0.8045 -0.1059 -0.5845
vn -0.8090 0.0000 -0.5878
vn -0.7604 0.0000 -0.6494
vn -0.6799 -0.6034 -0.4166
vn -0.8478 -0.1059 -0.5196
vn -0.7105 -0.6034 -0.3620
vn -0.8860 -0.1059 -0.4514
vn -0.8910 -0.0000 -0.4540
vn -0.8526 0.0000 -0.5225
vn -0.7367 -0.6034 -0.3052
vn -0.9187 -0.1059 -0.3805
vn -0.7584 -0.6034 -0.2464
vn -0.9457 -0.1059 -0.3073
vn -0.9511 0.0000 -0.3090
vn -0.9239 0.0000 -0.3827
vn -0.7754 -0.6034 -0.1861
vn -0.9669 -0.1059 -0.2321
vn -0.7876 -0.6034 -0.1247
vn -0.9821 -0.1059 -0.1556
vn -0.9877 -0.0000 -0.1564
vn -0.9724 0.0000 -0.2334
vn -0.7949 -0.6034 -0.0626
vn -0.9913 -0.1059 -0.0780
vn -0.7974 -0.6034 0.0000
vn -0.9944 -0.1059 0.0000
vn -1.0000 -0.0000 -0.0000
vn -0.9969 -0.0000 -0.0785
vn 0.9969 -0.0000 -0.0785
vn 0.9877 -0.0000 -0.1564
vn 1.0000 0.0000 0.0000
vn 0.9724 0.0000 -0.2334
vn 0.9511 0.0000 -0.3090
vn 0.9239 0.0000 -0.3827
vn 0.8910 -0.0000 -0.4540
vn 0.8526 -0.0000 -0.5225
vn 0.8090 -0.0000 -0.5878
vn 0.7604 0.0000 -0.6494
vn 0.6494 -0.0000 -0.7604
vn 0.5878 0.0000 -0.8090
vn 0.5225 -0.0000 -0.8526
vn 0.4540 -0.0000 -0.8910
vn 0.3827 -0.0000 -0.9239
vn 0.3090 0.0000 -0.9511
vn 0.2334 -0.0000 -0.9724
vn 0.1564 0.0000 -0.9877
vn 0.0785 -0.0000 -0.9969
vn -0.0000 -0.0000 -1.0000
vn -0.1564 -0.0000 -0.9877
vn -0.2334 0.0000 -0.9724
vn -0.3090 -0.0000 -0.9511
vn -0.3827 0.0000 -0.9239
vn -0.4540 0.0000 -0.8910
vn -0.5225 -0.0000 -0.8526
vn -0.6494 -0.0000 -0.7604
vn -0.7071 -0.0000 -0.7071
vn -0.7604 -0.0000 -0.6494
vn -0.8090 -0.0000 -0.5878
vn -0.8526 -0.0000 -0.5225
vn -0.8910 0.0000 -0.4540
vn -0.9239 -0.0000 -0.3827
vn -0.9511 -0.0000 -0.3090
vn -0.9724 -0.0000 -0.2334
vn -0.9877 0.0000 -0.1564
vn -0.9969 0.0000 -0.0785
vn -1.0000 0.0000 -0.0000
vn -1.0000 0.0000 0.0000
vn 0.7071 0.0000 -0.7071
vn -0.0785 0.0000 -0.9969
vn 0.5223 0.0002 -0.8527
vn 0.4541 0.0012 -0.8909
vn 0.4527 0.0029 -0.8917
vn 0.5221 0.0000 -0.8529
vn 0.3838 0.0001 -0.9234
vn 0.3097 -0.0013 -0.9508
vn 0.3101 -0.0042 -0.9507
vn 0.3835 0.0000 -0.9235
vn 0.2331 -0.0004 -0.9724
vn -0.2334 -0.0001 -0.9724
vn -0.3098 -0.0015 -0.9508
vn -0.3092 -0.0037 -0.9510
vn -0.2329 -0.0000 -0.9725
vn -0.3838 -0.0001 -0.9234
vn -0.4541 0.0009 -0.8909
vn -0.4532 0.0036 -0.8914
vn -0.3835 0.0003 -0.9235
vn -0.5218 0.0006 -0.8531
vn 0.0000 1.0000 -0.0000
vn 0.0000 1.0000 0.0000
vn -0.0000 1.0000 -0.0000
vn -0.0000 1.0000 0.0000
vn -0.6712 0.7118 -0.2071
vn -0.6779 0.7052 -0.2078
vn -0.3277 0.9384 -0.1093
vn -0.3248 0.9394 -0.1098
vn -0.6838 0.6991 -0.2091
vn -0.3317 0.9369 -0.1106
vn -0.6385 0.7629 -0.1017
vn -0.6446 0.7577 -0.1022
vn -0.7248 0.6666 -0.1740
vn -0.7193 0.6727 -0.1732
vn -0.6508 0.7523 -0.1027
vn -0.7304 0.6603 -0.1748
vn -0.0073 1.0000 -0.0011
vn -0.0077 1.0000 -0.0014
vn -0.4169 0.9083 -0.0335
vn -0.4114 0.9109 -0.0333
vn -0.0076 1.0000 -0.0012
vn -0.4223 0.9058 -0.0335
vn 0.6379 0.7635 -0.1007
vn 0.6439 0.7583 -0.1021
vn 0.4080 0.9124 -0.0328
vn 0.4029 0.9147 -0.0319
vn 0.6500 0.7529 -0.1035
vn 0.4135 0.9099 -0.0335
vn 0.6768 0.7060 -0.2084
vn 0.6838 0.6989 -0.2096
vn 0.7275 0.6636 -0.1746
vn 0.7222 0.6697 -0.1729
vn 0.6892 0.6931 -0.2113
vn 0.7327 0.6573 -0.1764
vn -0.8617 0.5074 0.0000
vn -0.8591 0.5074 0.0676
vn -0.9944 0.0714 0.0783
vn -0.9975 0.0714 -0.0000
vn -0.8511 0.5074 0.1348
vn -0.9852 0.0714 0.1560
vn -0.9877 0.0000 0.1564
vn -0.9969 -0.0000 0.0785
vn -0.8379 0.5074 0.2012
vn -0.9699 0.0714 0.2328
vn -0.8195 0.5074 0.2663
vn -0.9486 0.0714 0.3082
vn -0.9511 0.0000 0.3090
vn -0.9724 0.0000 0.2334
vn -0.7961 0.5074 0.3298
vn -0.9215 0.0714 0.3817
vn -0.7678 0.5074 0.3912
vn -0.8887 0.0714 0.4528
vn -0.8910 0.0000 0.4540
vn -0.9239 0.0000 0.3827
vn -0.7347 0.5074 0.4503
vn -0.8505 0.0714 0.5212
vn -0.6971 0.5074 0.5065
vn -0.8070 0.0714 0.5863
vn -0.8090 -0.0000 0.5878
vn -0.8526 0.0000 0.5225
vn -0.6553 0.5074 0.5596
vn -0.7585 0.0714 0.6478
vn -0.6093 0.5074 0.6093
vn -0.7053 0.0714 0.7053
vn -0.7071 0.0000 0.7071
vn -0.7604 0.0000 0.6494
vn -0.5596 0.5074 0.6553
vn -0.6478 0.0714 0.7585
vn -0.5065 0.5074 0.6971
vn -0.5863 0.0714 0.8070
vn -0.5878 -0.0000 0.8090
vn -0.6494 -0.0000 0.7604
vn -0.4494 0.5085 0.7345
vn -0.5195 0.0707 0.8516
vn -0.3821 0.5343 0.7540
vn -0.4451 0.0811 0.8918
vn -0.4527 -0.0013 0.8916
vn -0.5221 -0.0000 0.8529
vn -0.3228 0.5734 0.7530
vn -0.3853 0.1004 0.9173
vn -0.2296 0.8019 0.5515
vn -0.3978 0.5103 0.7625
vn -0.5861 0.4045 0.7020
vn -0.3641 0.0839 0.9276
vn -0.3097 0.0019 0.9508
vn -0.3829 -0.0002 0.9238
vn -0.6564 0.4470 0.6077
vn -0.3220 0.0906 0.9424
vn -0.5724 0.5205 0.6337
vn -0.2417 0.1104 0.9641
vn -0.1564 -0.0000 0.9877
vn -0.2331 0.0003 0.9725
vn -0.3572 0.6271 0.6922
vn -0.1329 0.1328 0.9822
vn -0.0049 0.6811 0.7321
vn -0.0012 0.1404 0.9901
vn 0.0000 -0.0000 1.0000
vn -0.0785 -0.0000 0.9969
vn 0.3499 0.6280 0.6951
vn 0.1320 0.1342 0.9821
vn 0.5696 0.5204 0.6361
vn 0.2435 0.1120 0.9634
vn 0.1564 -0.0000 0.9877
vn 0.0785 -0.0000 0.9969
vn 0.6564 0.4415 0.6118
vn 0.3263 0.0926 0.9407
vn 0.5831 0.4037 0.7050
vn 0.3652 0.0832 0.9272
vn 0.3085 0.0018 0.9512
vn 0.2329 0.0000 0.9725
vn 0.3984 0.5098 0.7625
vn 0.3853 0.0997 0.9174
vn 0.2296 0.8019 0.5515
vn 0.3228 0.5733 0.7530
vn 0.3816 0.5322 0.7557
vn 0.4445 0.0819 0.8920
vn 0.4535 -0.0015 0.8913
vn 0.3830 0.0004 0.9238
vn 0.4505 0.5069 0.7349
vn 0.5204 0.0723 0.8508
vn 0.5065 0.5074 0.6971
vn 0.5863 0.0714 0.8070
vn 0.5878 -0.0000 0.8090
vn 0.5218 -0.0005 0.8531
vn 0.5596 0.5074 0.6553
vn 0.6478 0.0714 0.7585
vn 0.6093 0.5074 0.6093
vn 0.7053 0.0714 0.7053
vn 0.7071 -0.0000 0.7071
vn 0.6494 -0.0000 0.7604
vn 0.6553 0.5074 0.5596
vn 0.7585 0.0714 0.6478
vn 0.6971 0.5074 0.5065
vn 0.8070 0.0714 0.5863
vn 0.8090 0.0000 0.5878
vn 0.7604 -0.0000 0.6494
vn 0.7347 0.5074 0.4503
vn 0.8505 0.0714 0.5212
vn 0.7678 0.5074 0.3912
vn 0.8887 0.0714 0.4528
vn 0.8910 -0.0000 0.4540
vn 0.8526 0.0000 0.5225
vn 0.7961 0.5074 0.3298
vn 0.9215 0.0714 0.3817
vn 0.8195 0.5074 0.2663
vn 0.9486 0.0714 0.3082
vn 0.9511 -0.0000 0.3090
vn 0.9239 -0.0000 0.3827
vn 0.8379 0.5074 0.2012
vn 0.9699 0.0714 0.2329
vn 0.8511 0.5074 0.1348
vn 0.9852 0.0714 0.1560
vn 0.9877 0.0000 0.1564
vn 0.9724 -0.0000 0.2334
vn 0.8591 0.5074 0.0676
vn 0.9944 0.0714 0.0783
vn 0.8617 0.5074 -0.0000
vn 0.9975 0.0714 -0.0000
vn 1.0000 -0.0000 0.0000
vn 0.9969 0.0000 0.0785
vn -0.9877 -0.0000 0.1564
vn -0.9969 0.0000 0.0785
vn -0.9511 -0.0000 0.3090
vn -0.9724 -0.0000 0.2334
vn -0.8910 -0.0000 0.4540
vn -0.9239 -0.0000 0.3827
vn -0.8090 0.0000 0.5878
vn -0.8526 -0.0000 0.5225
vn -0.7071 -0.0000 0.7071
vn -0.7604 -0.0000 0.6494
vn -0.5878 0.0000 0.8090
vn -0.4540 -0.0003 0.8910
vn -0.5224 -0.0001 0.8527
vn -0.4540 -0.0000 0.8910
vn -0.5225 -0.0000 0.8526
vn -0.3090 0.0001 0.9511
vn -0.3828 -0.0001 0.9238
vn -0.3090 -0.0000 0.9511
vn -0.3827 -0.0000 0.9239
vn -0.2334 -0.0000 0.9724
vn -0.0000 -0.0000 1.0000
vn -0.0785 0.0000 0.9969
vn 0.0000 0.0000 1.0000
vn 0.1564 0.0000 0.9877
vn 0.0785 0.0000 0.9969
vn 0.3091 0.0003 0.9510
vn 0.2334 0.0001 0.9724
vn 0.3090 0.0000 0.9511
vn 0.2334 0.0000 0.9724
vn 0.4540 -0.0001 0.8910
vn 0.3829 0.0001 0.9238
vn 0.4540 0.0000 0.8910
vn 0.3827 -0.0000 0.9239
vn 0.5878 0.0000 0.8090
vn 0.5225 0.0000 0.8526
vn 0.7071 0.0000 0.7071
vn 0.6494 0.0000 0.7604
vn 0.8090 -0.0000 0.5878
vn 0.7604 0.0000 0.6494
vn 0.8526 -0.0000 0.5225
vn 0.8910 0.0000 0.4540
vn 0.9239 0.0000 0.3827
vn 0.9511 0.0000 0.3090
vn 0.9877 -0.0000 0.1564
vn 0.9724 0.0000 0.2334
vn 0.9969 -0.0000 0.0785
vn -0.9765 0.1503 0.1547
vn -0.9856 0.1503 0.0776
vn -0.7171 0.6877 0.1136
vn -0.7238 0.6877 0.0570
vn -0.7260 0.6877 -0.0000
vn -0.9886 0.1503 -0.0000
vn -0.9403 0.1503 0.3055
vn -0.9613 0.1503 0.2308
vn -0.6905 0.6877 0.2244
vn -0.7059 0.6877 0.1695
vn -0.8809 0.1503 0.4488
vn -0.9134 0.1503 0.3783
vn -0.6469 0.6877 0.3296
vn -0.6707 0.6877 0.2778
vn -0.7998 0.1503 0.5811
vn -0.8430 0.1503 0.5166
vn -0.5874 0.6877 0.4267
vn -0.6190 0.6877 0.3793
vn -0.6991 0.1503 0.6991
vn -0.7518 0.1503 0.6421
vn -0.5134 0.6877 0.5134
vn -0.5521 0.6877 0.4715
vn -0.5811 0.1503 0.7998
vn -0.6421 0.1503 0.7518
vn -0.4267 0.6877 0.5874
vn -0.4715 0.6877 0.5521
vn -0.4488 0.1503 0.8809
vn -0.5166 0.1503 0.8430
vn -0.3296 0.6877 0.6469
vn -0.3793 0.6877 0.6190
vn -0.3079 0.1570 0.9384
vn -0.3791 0.1498 0.9131
vn -0.2240 0.7013 0.6767
vn -0.2786 0.6881 0.6701
vn -0.1560 0.2398 0.9582
vn -0.2336 0.1874 0.9541
vn -0.1015 0.7964 0.5961
vn -0.1633 0.7423 0.6498
vn 0.0009 0.3156 0.9489
vn -0.0774 0.2908 0.9537
vn 0.0005 0.8552 0.5184
vn -0.0467 0.8384 0.5430
vn 0.1571 0.2443 0.9569
vn 0.0789 0.2939 0.9526
vn 0.1024 0.7940 0.5993
vn 0.0476 0.8373 0.5446
vn 0.3067 0.1587 0.9385
vn 0.2333 0.1910 0.9535
vn 0.2246 0.6991 0.6788
vn 0.1640 0.7390 0.6534
vn 0.4488 0.1503 0.8809
vn 0.3786 0.1501 0.9133
vn 0.3296 0.6877 0.6469
vn 0.2788 0.6875 0.6706
vn 0.5811 0.1503 0.7998
vn 0.5166 0.1503 0.8430
vn 0.4267 0.6877 0.5874
vn 0.3793 0.6877 0.6190
vn 0.6991 0.1503 0.6991
vn 0.6421 0.1503 0.7518
vn 0.5134 0.6877 0.5134
vn 0.4715 0.6877 0.5521
vn 0.7998 0.1503 0.5811
vn 0.7518 0.1503 0.6421
vn 0.5874 0.6877 0.4267
vn 0.5521 0.6877 0.4715
vn 0.8809 0.1503 0.4488
vn 0.8430 0.1503 0.5166
vn 0.6469 0.6877 0.3296
vn 0.6190 0.6877 0.3793
vn 0.9403 0.1503 0.3055
vn 0.9134 0.1503 0.3783
vn 0.6905 0.6877 0.2244
vn 0.6707 0.6877 0.2778
vn 0.9765 0.1503 0.1547
vn 0.9613 0.1503 0.2308
vn 0.7171 0.6877 0.1136
vn 0.7059 0.6877 0.1695
vn 0.9886 0.1503 -0.0000
vn 0.9856 0.1503 0.0776
vn 0.7260 0.6877 -0.0000
vn 0.7238 0.6877 0.0570
vn -0.1736 0.9847 0.0137
vn -0.1741 0.9847 -0.0000
vn -0.1720 0.9847 0.0272
vn -0.1693 0.9847 0.0407
vn -0.1656 0.9847 0.0538
vn -0.1609 0.9847 0.0666
vn -0.1552 0.9847 0.0791
vn -0.1485 0.9847 0.0910
vn -0.1409 0.9847 0.1024
vn -0.1324 0.9847 0.1131
vn -0.1231 0.9847 0.1231
vn -0.1131 0.9847 0.1324
vn -0.1024 0.9847 0.1409
vn -0.0910 0.9847 0.1485
vn -0.0791 0.9847 0.1552
vn -0.0666 0.9847 0.1609
vn -0.0518 0.9862 0.1573
vn -0.0343 0.9903 0.1346
vn -0.0189 0.9943 0.1050
vn -0.0081 0.9964 0.0839
vn -0.0005 0.9972 0.0754
vn 0.0070 0.9966 0.0823
vn 0.0176 0.9946 0.1022
vn 0.0339 0.9907 0.1316
vn 0.0525 0.9865 0.1553
vn 0.0671 0.9848 0.1603
vn 0.0791 0.9847 0.1552
vn 0.0910 0.9847 0.1485
vn 0.1024 0.9847 0.1409
vn 0.1131 0.9847 0.1324
vn 0.1231 0.9847 0.1231
vn 0.1324 0.9847 0.1131
vn 0.1409 0.9847 0.1024
vn 0.1485 0.9847 0.0910
vn 0.1552 0.9847 0.0791
vn 0.1609 0.9847 0.0666
vn 0.1656 0.9847 0.0538
vn 0.1693 0.9847 0.0407
vn 0.1720 0.9847 0.0272
vn 0.1736 0.9847 0.0137
vn 0.1741 0.9847 0.0000
vn -0.3122 0.9487 0.0495
vn -0.3152 0.9487 0.0248
vn -0.3161 0.9487 0.0000
vn 0.5030 0.8643 0.0000
vn 0.5014 0.8643 -0.0395
vn 0.9552 0.2959 -0.0000
vn 0.9523 0.2959 -0.0749
vn 0.9435 0.2959 -0.1494
vn 0.4968 0.8643 -0.0787
vn -0.3007 0.9487 0.0977
vn -0.3074 0.9487 0.0738
vn 0.4891 0.8643 -0.1174
vn 0.9288 0.2959 -0.2230
vn 0.9085 0.2959 -0.2952
vn 0.4784 0.8643 -0.1554
vn -0.2817 0.9487 0.1435
vn -0.2921 0.9487 0.1210
vn 0.4647 0.8643 -0.1925
vn 0.8825 0.2959 -0.3655
vn 0.8511 0.2959 -0.4337
vn 0.4482 0.8643 -0.2283
vn -0.2557 0.9487 0.1858
vn -0.2696 0.9487 0.1652
vn 0.4288 0.8643 -0.2628
vn 0.8145 0.2959 -0.4991
vn 0.7728 0.2959 -0.5615
vn 0.4069 0.8643 -0.2956
vn -0.2235 0.9487 0.2235
vn -0.2404 0.9487 0.2053
vn 0.3824 0.8643 -0.3266
vn 0.7264 0.2959 -0.6204
vn 0.6754 0.2959 -0.6754
vn 0.3557 0.8643 -0.3557
vn -0.1858 0.9487 0.2557
vn -0.2053 0.9487 0.2404
vn 0.3266 0.8643 -0.3824
vn 0.6204 0.2959 -0.7264
vn 0.5615 0.2959 -0.7728
vn 0.2956 0.8643 -0.4069
vn -0.1358 0.9538 0.2678
vn -0.1660 0.9486 0.2696
vn 0.2638 0.8648 -0.4273
vn 0.5002 0.2947 -0.8142
vn 0.4395 0.2974 -0.8476
vn 0.2305 0.8685 -0.4387
vn -0.7261 0.6745 0.1335
vn -0.4708 0.8422 0.2627
vn -0.0677 0.9842 0.1634
vn 0.1930 0.8896 -0.4141
vn 0.3866 0.3284 -0.8618
vn 0.3379 0.5030 -0.7955
vn 0.1271 0.9432 -0.3070
vn -0.6774 0.7335 0.0553
vn -0.7614 0.6481 0.0149
vn -0.4280 0.6463 -0.6317
vn -0.6136 0.6422 -0.4595
vn 0.0701 0.2473 -0.9664
vn -0.1599 0.3543 -0.9213
vn -0.2539 0.4780 -0.8408
vn -0.5932 0.7425 -0.3112
vn -0.0065 0.9879 0.1547
vn -0.4392 0.8902 0.1206
vn -0.3904 0.8854 -0.2524
vn -0.1787 0.5512 -0.8150
vn -0.0024 0.5438 -0.8392
vn -0.0060 0.9647 -0.2633
vn 0.6771 0.7341 0.0518
vn 0.4316 0.8942 0.1191
vn 0.3794 0.8887 -0.2575
vn 0.1664 0.5474 -0.8202
vn 0.2396 0.4745 -0.8470
vn 0.5862 0.7440 -0.3206
vn 0.7273 0.6740 0.1296
vn 0.7674 0.6411 0.0031
vn 0.6010 0.6444 -0.4729
vn 0.1459 0.3542 -0.9237
vn -0.0550 0.2422 -0.9687
vn 0.4351 0.6376 -0.6358
vn 0.1364 0.9541 0.2666
vn 0.1048 0.9647 0.2418
vn 0.0677 0.9842 0.1635
vn 0.1378 0.7921 -0.5946
vn 0.3270 0.9385 -0.1105
vn -0.2780 0.2807 -0.9187
vn -0.3379 0.5030 -0.7955
vn -0.1271 0.9432 -0.3070
vn 0.1858 0.9487 0.2558
vn 0.1649 0.9488 0.2695
vn -0.2311 0.8684 -0.4388
vn -0.2635 0.8646 -0.4278
vn -0.4387 0.2985 -0.8476
vn -0.5006 0.2957 -0.8136
vn -0.5615 0.2959 -0.7728
vn -0.2956 0.8643 -0.4069
vn 0.2235 0.9487 0.2235
vn 0.2053 0.9487 0.2404
vn -0.3266 0.8643 -0.3824
vn -0.6204 0.2959 -0.7264
vn -0.6754 0.2959 -0.6754
vn -0.3557 0.8643 -0.3557
vn 0.2557 0.9487 0.1858
vn 0.2404 0.9487 0.2053
vn -0.3824 0.8643 -0.3266
vn -0.7264 0.2959 -0.6204
vn -0.7728 0.2959 -0.5615
vn -0.4069 0.8643 -0.2956
vn 0.2817 0.9487 0.1435
vn 0.2696 0.9487 0.1652
vn -0.4288 0.8643 -0.2628
vn -0.8145 0.2959 -0.4991
vn -0.8511 0.2959 -0.4337
vn -0.4482 0.8643 -0.2283
vn 0.3007 0.9487 0.0977
vn 0.2921 0.9487 0.1210
vn -0.4647 0.8643 -0.1925
vn -0.8825 0.2959 -0.3655
vn -0.9085 0.2959 -0.2952
vn -0.4784 0.8643 -0.1554
vn 0.3122 0.9487 0.0495
vn 0.3074 0.9487 0.0738
vn -0.4890 0.8643 -0.1174
vn -0.9288 0.2959 -0.2230
vn -0.9435 0.2959 -0.1494
vn -0.4968 0.8643 -0.0787
vn 0.3161 0.9487 -0.0000
vn 0.3152 0.9487 0.0248
vn -0.5014 0.8643 -0.0395
vn -0.9523 0.2959 -0.0749
vn -0.9552 0.2959 -0.0000
vn -0.5030 0.8643 -0.0000
vn 0.9871 0.0331 -0.1563
vn 0.9964 0.0331 -0.0784
vn 0.9995 0.0331 -0.0000
vn 0.9505 0.0331 -0.3088
vn 0.9718 0.0331 -0.2333
vn 0.8905 0.0331 -0.4537
vn 0.9234 0.0331 -0.3825
vn 0.8086 0.0331 -0.5875
vn 0.8522 0.0331 -0.5222
vn 0.7067 0.0331 -0.7067
vn 0.7600 0.0331 -0.6491
vn 0.5875 0.0331 -0.8086
vn 0.6491 0.0331 -0.7600
vn 0.4510 0.0312 -0.8920
vn 0.5213 0.0332 -0.8527
vn 0.2959 0.0119 -0.9551
vn 0.3787 0.0401 -0.9246
vn 0.2783 0.2809 -0.9185
vn 0.0938 0.0860 -0.9919
vn 0.1849 0.0501 -0.9815
vn -0.0002 0.0843 -0.9964
vn 0.0389 0.0976 -0.9945
vn -0.0953 0.0853 -0.9918
vn -0.0420 0.0952 -0.9946
vn -0.2892 0.0122 -0.9572
vn -0.1832 0.0535 -0.9816
vn -0.4506 0.0302 -0.8922
vn -0.3787 0.0401 -0.9246
vn -0.3866 0.3284 -0.8618
vn -0.5875 0.0331 -0.8086
vn -0.5217 0.0320 -0.8525
vn -0.7067 0.0331 -0.7067
vn -0.6491 0.0331 -0.7600
vn -0.8086 0.0331 -0.5875
vn -0.7600 0.0331 -0.6491
vn -0.8905 0.0331 -0.4537
vn -0.8522 0.0331 -0.5222
vn -0.9505 0.0331 -0.3088
vn -0.9234 0.0331 -0.3825
vn -0.9871 0.0331 -0.1563
vn -0.9718 0.0331 -0.2333
vn -0.9995 0.0331 -0.0000
vn -0.9964 0.0331 -0.0784
vn 0.2401 -0.9706 -0.0189
vn 0.2379 -0.9706 -0.0377
vn 0.2409 -0.9706 -0.0000
vn -0.2401 -0.9706 -0.0189
vn -0.2409 -0.9706 -0.0000
vn -0.2379 -0.9706 -0.0377
vn -0.2342 -0.9706 -0.0562
vn -0.2291 -0.9706 -0.0744
vn -0.2225 -0.9706 -0.0922
vn -0.2146 -0.9706 -0.1094
vn -0.2054 -0.9706 -0.1258
vn -0.1949 -0.9706 -0.1416
vn -0.1831 -0.9706 -0.1564
vn -0.1703 -0.9706 -0.1703
vn -0.1564 -0.9706 -0.1831
vn -0.1416 -0.9706 -0.1949
vn -0.1258 -0.9706 -0.2054
vn -0.1094 -0.9706 -0.2146
vn -0.0922 -0.9706 -0.2225
vn -0.0744 -0.9706 -0.2291
vn -0.0562 -0.9706 -0.2342
vn -0.0377 -0.9706 -0.2379
vn -0.0189 -0.9706 -0.2401
vn -0.0000 -0.9706 -0.2409
vn 0.0189 -0.9706 -0.2401
vn 0.0377 -0.9706 -0.2379
vn 0.0562 -0.9706 -0.2342
vn 0.0744 -0.9706 -0.2291
vn 0.0922 -0.9706 -0.2225
vn 0.1094 -0.9706 -0.2146
vn 0.1258 -0.9706 -0.2054
vn 0.1416 -0.9706 -0.1949
vn 0.1564 -0.9706 -0.1831
vn 0.1703 -0.9706 -0.1703
vn 0.1831 -0.9706 -0.1564
vn 0.1949 -0.9706 -0.1416
vn 0.2054 -0.9706 -0.1258
vn 0.2146 -0.9706 -0.1094
vn 0.2225 -0.9706 -0.0922
vn 0.2291 -0.9706 -0.0744
vn 0.2342 -0.9706 -0.0562
vn 0.3339 0.9360 -0.1113
vn 0.3299 0.9376 -0.1100
vn 0.4729 0.8411 0.2624
vn -0.1930 0.8896 -0.4141
vn -0.1048 0.9647 0.2418
vn -0.1359 0.7928 -0.5942
vn 0.7949 -0.6034 0.0626
vn 0.9913 -0.1059 0.0780
vn 0.7876 -0.6034 0.1247
vn 0.9821 -0.1059 0.1556
vn 0.7754 -0.6034 0.1862
vn 0.9669 -0.1059 0.2321
vn 0.7584 -0.6034 0.2464
vn 0.9457 -0.1059 0.3073
vn 0.7367 -0.6034 0.3052
vn 0.9187 -0.1059 0.3805
vn 0.7105 -0.6034 0.3620
vn 0.8860 -0.1059 0.4514
vn 0.6799 -0.6034 0.4166
vn 0.8478 -0.1059 0.5196
vn 0.6451 -0.6034 0.4687
vn 0.8045 -0.1059 0.5845
vn 0.6064 -0.6034 0.5179
vn 0.7561 -0.1059 0.6458
vn 0.5639 -0.6034 0.5639
vn 0.7031 -0.1059 0.7031
vn 0.5179 -0.6034 0.6064
vn 0.6458 -0.1059 0.7561
vn 0.4687 -0.6034 0.6451
vn 0.5845 -0.1059 0.8045
vn 0.4166 -0.6034 0.6799
vn 0.5196 -0.1059 0.8478
vn 0.3620 -0.6034 0.7105
vn 0.4514 -0.1059 0.8860
vn 0.3052 -0.6034 0.7367
vn 0.3805 -0.1059 0.9187
vn 0.2464 -0.6034 0.7584
vn 0.3073 -0.1059 0.9457
vn 0.3827 0.0000 0.9239
vn 0.3090 -0.0000 0.9511
vn 0.1861 -0.6034 0.7754
vn 0.2321 -0.1059 0.9669
vn 0.1247 -0.6034 0.7876
vn 0.1556 -0.1059 0.9821
vn 0.0626 -0.6034 0.7949
vn 0.0780 -0.1059 0.9913
vn -0.0000 -0.6034 0.7974
vn -0.0000 -0.1059 0.9944
vn -0.0000 0.0000 1.0000
vn -0.0626 -0.6034 0.7949
vn -0.0780 -0.1059 0.9913
vn -0.1247 -0.6034 0.7876
vn -0.1556 -0.1059 0.9821
vn -0.1564 0.0000 0.9877
vn -0.1862 -0.6034 0.7754
vn -0.2321 -0.1059 0.9669
vn -0.2464 -0.6034 0.7584
vn -0.3073 -0.1059 0.9457
vn -0.2334 0.0000 0.9724
vn -0.3090 0.0000 0.9511
vn -0.3052 -0.6034 0.7367
vn -0.3805 -0.1059 0.9187
vn -0.3620 -0.6034 0.7105
vn -0.4514 -0.1059 0.8860
vn -0.4540 0.0000 0.8910
vn -0.4166 -0.6034 0.6799
vn -0.5196 -0.1059 0.8478
vn -0.4687 -0.6034 0.6451
vn -0.5845 -0.1059 0.8045
vn -0.5225 0.0000 0.8526
vn -0.5179 -0.6034 0.6064
vn -0.6458 -0.1059 0.7561
vn -0.5639 -0.6034 0.5639
vn -0.7031 -0.1059 0.7031
vn -0.6494 0.0000 0.7604
vn -0.6064 -0.6034 0.5179
vn -0.7561 -0.1059 0.6458
vn -0.6451 -0.6034 0.4687
vn -0.8045 -0.1059 0.5845
vn -0.6799 -0.6034 0.4166
vn -0.8478 -0.1059 0.5196
vn -0.7105 -0.6034 0.3620
vn -0.8860 -0.1059 0.4514
vn -0.7367 -0.6034 0.3052
vn -0.9187 -0.1059 0.3805
vn -0.7584 -0.6034 0.2464
vn -0.9457 -0.1059 0.3073
vn -0.7754 -0.6034 0.1861
vn -0.9669 -0.1059 0.2321
vn -0.7876 -0.6034 0.1247
vn -0.9821 -0.1059 0.1556
vn -0.7949 -0.6034 0.0626
vn -0.9913 -0.1059 0.0780
vn 0.4540 -0.0000 0.8910
vn 0.2334 -0.0000 0.9724
vn -0.3827 0.0000 0.9239
vn 0.5225 -0.0000 0.8526
vn 0.5223 0.0002 0.8527
vn 0.4541 0.0012 0.8909
vn 0.5221 0.0000 0.8529
vn 0.4527 0.0029 0.8917
vn 0.3838 0.0001 0.9234
vn 0.3097 -0.0013 0.9508
vn 0.3835 0.0000 0.9235
vn 0.3101 -0.0042 0.9507
vn 0.2331 -0.0004 0.9724
vn -0.2334 -0.0001 0.9724
vn -0.3098 -0.0015 0.9508
vn -0.2329 -0.0000 0.9725
vn -0.3092 -0.0037 0.9510
vn -0.3838 -0.0001 0.9234
vn -0.4541 0.0009 0.8909
vn -0.3835 0.0003 0.9235
vn -0.4532 0.0036 0.8914
vn -0.5218 0.0006 0.8531
vn -0.6779 0.7052 0.2078
vn -0.6712 0.7118 0.2071
vn -0.3248 0.9394 0.1098
vn -0.3277 0.9384 0.1093
vn -0.6838 0.6991 0.2091
vn -0.3317 0.9369 0.1106
vn -0.6446 0.7577 0.1022
vn -0.6385 0.7629 0.1017
vn -0.7193 0.6727 0.1732
vn -0.7248 0.6666 0.1740
vn -0.6508 0.7523 0.1027
vn -0.7304 0.6603 0.1748
vn -0.0077 1.0000 0.0014
vn -0.0073 1.0000 0.0011
vn -0.4114 0.9109 0.0333
vn -0.4169 0.9083 0.0335
vn -0.0076 1.0000 0.0012
vn -0.4223 0.9058 0.0335
vn 0.6439 0.7583 0.1021
vn 0.6379 0.7635 0.1007
vn 0.4029 0.9147 0.0319
vn 0.4080 0.9124 0.0328
vn 0.6500 0.7529 0.1035
vn 0.4135 0.9099 0.0335
vn 0.6838 0.6989 0.2096
vn 0.6768 0.7060 0.2084
vn 0.7222 0.6697 0.1729
vn 0.7275 0.6636 0.1746
vn 0.6892 0.6931 0.2113
vn 0.7327 0.6573 0.1764
vn -0.8591 0.5074 -0.0676
vn -0.9944 0.0714 -0.0783
vn -0.8511 0.5074 -0.1348
vn -0.9852 0.0714 -0.1560
vn -0.8379 0.5074 -0.2012
vn -0.9699 0.0714 -0.2328
vn -0.8195 0.5074 -0.2663
vn -0.9486 0.0714 -0.3082
vn -0.7961 0.5074 -0.3298
vn -0.9215 0.0714 -0.3817
vn -0.7678 0.5074 -0.3912
vn -0.8887 0.0714 -0.4528
vn -0.7347 0.5074 -0.4503
vn -0.8505 0.0714 -0.5212
vn -0.6971 0.5074 -0.5065
vn -0.8070 0.0714 -0.5863
vn -0.6553 0.5074 -0.5596
vn -0.7585 0.0714 -0.6478
vn -0.6093 0.5074 -0.6093
vn -0.7053 0.0714 -0.7053
vn -0.5596 0.5074 -0.6553
vn -0.6478 0.0714 -0.7585
vn -0.5065 0.5074 -0.6971
vn -0.5863 0.0714 -0.8070
vn -0.5878 -0.0000 -0.8090
vn -0.4494 0.5085 -0.7345
vn -0.5195 0.0707 -0.8516
vn -0.3821 0.5343 -0.7540
vn -0.4451 0.0811 -0.8918
vn -0.5221 -0.0000 -0.8529
vn -0.4527 -0.0013 -0.8916
vn -0.3228 0.5734 -0.7530
vn -0.3853 0.1004 -0.9173
vn -0.2296 0.8019 -0.5515
vn -0.3978 0.5103 -0.7625
vn -0.3641 0.0839 -0.9276
vn -0.5861 0.4045 -0.7020
vn -0.3097 0.0019 -0.9508
vn -0.3829 -0.0002 -0.9238
vn -0.6564 0.4470 -0.6077
vn -0.3220 0.0906 -0.9424
vn -0.5724 0.5205 -0.6337
vn -0.2417 0.1104 -0.9641
vn -0.2331 0.0003 -0.9725
vn -0.3572 0.6271 -0.6922
vn -0.1329 0.1328 -0.9822
vn -0.0049 0.6811 -0.7321
vn -0.0012 0.1404 -0.9901
vn 0.0000 -0.0000 -1.0000
vn 0.3499 0.6280 -0.6951
vn 0.1320 0.1342 -0.9821
vn 0.5696 0.5204 -0.6361
vn 0.2435 0.1120 -0.9634
vn 0.6564 0.4415 -0.6118
vn 0.3263 0.0926 -0.9407
vn 0.5831 0.4037 -0.7050
vn 0.3652 0.0832 -0.9272
vn 0.2329 0.0000 -0.9725
vn 0.3085 0.0018 -0.9512
vn 0.3984 0.5098 -0.7625
vn 0.3853 0.0997 -0.9174
vn 0.2296 0.8019 -0.5515
vn 0.3228 0.5733 -0.7530
vn 0.4445 0.0819 -0.8920
vn 0.3816 0.5322 -0.7557
vn 0.4535 -0.0015 -0.8913
vn 0.3830 0.0004 -0.9238
vn 0.4505 0.5069 -0.7349
vn 0.5204 0.0723 -0.8508
vn 0.5065 0.5074 -0.6971
vn 0.5863 0.0714 -0.8070
vn 0.5218 -0.0005 -0.8531
vn 0.5596 0.5074 -0.6553
vn 0.6478 0.0714 -0.7585
vn 0.6093 0.5074 -0.6093
vn 0.7053 0.0714 -0.7053
vn 0.6553 0.5074 -0.5596
vn 0.7585 0.0714 -0.6478
vn 0.6971 0.5074 -0.5065
vn 0.8070 0.0714 -0.5863
vn 0.7347 0.5074 -0.4503
vn 0.8505 0.0714 -0.5212
vn 0.7678 0.5074 -0.3912
vn 0.8887 0.0714 -0.4528
vn 0.7961 0.5074 -0.3298
vn 0.9215 0.0714 -0.3817
vn 0.8195 0.5074 -0.2663
vn 0.9486 0.0714 -0.3082
vn 0.8379 0.5074 -0.2012
vn 0.9699 0.0714 -0.2329
vn 0.8511 0.5074 -0.1348
vn 0.9852 0.0714 -0.1560
vn 0.8591 0.5074 -0.0676
vn 0.9944 0.0714 -0.0783
vn -0.4540 -0.0003 -0.8910
vn -0.5224 -0.0001 -0.8527
vn -0.3090 0.0001 -0.9511
vn -0.3828 -0.0001 -0.9238
vn 0.0000 0.0000 -1.0000
vn 0.3091 0.0003 -0.9510
vn 0.2334 0.0001 -0.9724
vn 0.4540 -0.0001 -0.8910
vn 0.3829 0.0001 -0.9238
vn -0.9765 0.1503 -0.1547
vn -0.9856 0.1503 -0.0776
vn -0.7171 0.6877 -0.1136
vn -0.7238 0.6877 -0.0570
vn -0.9403 0.1503 -0.3055
vn -0.9613 0.1503 -0.2308
vn -0.6905 0.6877 -0.2244
vn -0.7059 0.6877 -0.1695
vn -0.8809 0.1503 -0.4488
vn -0.9134 0.1503 -0.3783
vn -0.6469 0.6877 -0.3296
vn -0.6707 0.6877 -0.2778
vn -0.7998 0.1503 -0.5811
vn -0.8430 0.1503 -0.5166
vn -0.5874 0.6877 -0.4267
vn -0.6190 0.6877 -0.3793
vn -0.6991 0.1503 -0.6991
vn -0.7518 0.1503 -0.6421
vn -0.5134 0.6877 -0.5134
vn -0.5521 0.6877 -0.4715
vn -0.5811 0.1503 -0.7998
vn -0.6421 0.1503 -0.7518
vn -0.4267 0.6877 -0.5874
vn -0.4715 0.6877 -0.5521
vn -0.4488 0.1503 -0.8809
vn -0.5166 0.1503 -0.8430
vn -0.3296 0.6877 -0.6469
vn -0.3793 0.6877 -0.6190
vn -0.3079 0.1570 -0.9384
vn -0.3791 0.1498 -0.9131
vn -0.2240 0.7013 -0.6767
vn -0.2786 0.6881 -0.6701
vn -0.1560 0.2398 -0.9582
vn -0.2336 0.1874 -0.9541
vn -0.1015 0.7964 -0.5961
vn -0.1633 0.7423 -0.6498
vn 0.0009 0.3156 -0.9489
vn -0.0774 0.2908 -0.9537
vn 0.0005 0.8552 -0.5184
vn -0.0467 0.8384 -0.5430
vn 0.1571 0.2443 -0.9569
vn 0.0789 0.2939 -0.9526
vn 0.1024 0.7940 -0.5993
vn 0.0476 0.8373 -0.5446
vn 0.3067 0.1587 -0.9385
vn 0.2333 0.1910 -0.9535
vn 0.2246 0.6991 -0.6788
vn 0.1640 0.7390 -0.6534
vn 0.4488 0.1503 -0.8809
vn 0.3786 0.1501 -0.9133
vn 0.3296 0.6877 -0.6469
vn 0.2788 0.6875 -0.6706
vn 0.5811 0.1503 -0.7998
vn 0.5166 0.1503 -0.8430
vn 0.4267 0.6877 -0.5874
vn 0.3793 0.6877 -0.6190
vn 0.6991 0.1503 -0.6991
vn 0.6421 0.1503 -0.7518
vn 0.5134 0.6877 -0.5134
vn 0.4715 0.6877 -0.5521
vn 0.7998 0.1503 -0.5811
vn 0.7518 0.1503 -0.6421
vn 0.5874 0.6877 -0.4267
vn 0.5521 0.6877 -0.4715
vn 0.8809 0.1503 -0.4488
vn 0.8430 0.1503 -0.5166
vn 0.6469 0.6877 -0.3296
vn 0.6190 0.6877 -0.3793
vn 0.9403 0.1503 -0.3055
vn 0.9134 0.1503 -0.3783
vn 0.6905 0.6877 -0.2244
vn 0.6707 0.6877 -0.2778
vn 0.9765 0.1503 -0.1547
vn 0.9613 0.1503 -0.2308
vn 0.7171 0.6877 -0.1136
vn 0.7059 0.6877 -0.1695
vn 0.9856 0.1503 -0.0776
vn 0.7238 0.6877 -0.0570
vn -0.1736 0.9847 -0.0137
vn -0.1720 0.9847 -0.0272
vn -0.1693 0.9847 -0.0407
vn -0.1656 0.9847 -0.0538
vn -0.1609 0.9847 -0.0666
vn -0.1552 0.9847 -0.0791
vn -0.1485 0.9847 -0.0910
vn -0.1409 0.9847 -0.1024
vn -0.1324 0.9847 -0.1131
vn -0.1231 0.9847 -0.1231
vn -0.1131 0.9847 -0.1324
vn -0.1024 0.9847 -0.1409
vn -0.0910 0.9847 -0.1485
vn -0.0791 0.9847 -0.1552
vn -0.0666 0.9847 -0.1609
vn -0.0518 0.9862 -0.1573
vn -0.0343 0.9903 -0.1346
vn -0.0189 0.9943 -0.1050
vn -0.0081 0.9964 -0.0839
vn -0.0005 0.9972 -0.0754
vn 0.0070 0.9966 -0.0823
vn 0.0176 0.9946 -0.1022
vn 0.0339 0.9907 -0.1316
vn 0.0525 0.9865 -0.1553
vn 0.0671 0.9848 -0.1603
vn 0.0791 0.9847 -0.1552
vn 0.0910 0.9847 -0.1485
vn 0.1024 0.9847 -0.1409
vn 0.1131 0.9847 -0.1324
vn 0.1231 0.9847 -0.1231
vn 0.1324 0.9847 -0.1131
vn 0.1409 0.9847 -0.1024
vn 0.1485 0.9847 -0.0910
vn 0.1552 0.9847 -0.0791
vn 0.1609 0.9847 -0.0666
vn 0.1656 0.9847 -0.0538
vn 0.1693 0.9847 -0.0407
vn 0.1720 0.9847 -0.0272
vn 0.1736 0.9847 -0.0137
vn -0.3122 0.9487 -0.0495
vn -0.3152 0.9487 -0.0248
vn 0.5014 0.8643 0.0395
vn 0.9523 0.2959 0.0749
vn 0.4968 0.8643 0.0787
vn 0.9435 0.2959 0.1494
vn -0.3007 0.9487 -0.0977
vn -0.3074 0.9487 -0.0738
vn 0.4891 0.8643 0.1174
vn 0.9288 0.2959 0.2230
vn 0.4784 0.8643 0.1554
vn 0.9085 0.2959 0.2952
vn -0.2817 0.9487 -0.1435
vn -0.2921 0.9487 -0.1210
vn 0.4647 0.8643 0.1925
vn 0.8825 0.2959 0.3655
vn 0.4482 0.8643 0.2283
vn 0.8511 0.2959 0.4337
vn -0.2557 0.9487 -0.1858
vn -0.2696 0.9487 -0.1652
vn 0.4288 0.8643 0.2628
vn 0.8145 0.2959 0.4991
vn 0.4069 0.8643 0.2956
vn 0.7728 0.2959 0.5615
vn -0.2235 0.9487 -0.2235
vn -0.2404 0.9487 -0.2053
vn 0.3824 0.8643 0.3266
vn 0.7264 0.2959 0.6204
vn 0.3557 0.8643 0.3557
vn 0.6754 0.2959 0.6754
vn -0.1858 0.9487 -0.2557
vn -0.2053 0.9487 -0.2404
vn 0.3266 0.8643 0.3824
vn 0.6204 0.2959 0.7264
vn 0.2956 0.8643 0.4069
vn 0.5615 0.2959 0.7728
vn -0.1358 0.9538 -0.2678
vn -0.1660 0.9486 -0.2696
vn 0.2638 0.8648 0.4273
vn 0.5002 0.2947 0.8142
vn 0.2305 0.8685 0.4387
vn 0.4395 0.2974 0.8476
vn -0.7261 0.6745 -0.1335
vn -0.4708 0.8422 -0.2627
vn -0.0677 0.9842 -0.1634
vn 0.1930 0.8896 0.4141
vn 0.3866 0.3284 0.8618
vn 0.1271 0.9432 0.3070
vn 0.3379 0.5030 0.7955
vn -0.6774 0.7335 -0.0553
vn -0.7614 0.6481 -0.0149
vn -0.4280 0.6463 0.6317
vn -0.6136 0.6422 0.4595
vn 0.0701 0.2473 0.9664
vn -0.1599 0.3543 0.9213
vn -0.5932 0.7425 0.3112
vn -0.2539 0.4780 0.8408
vn -0.0065 0.9879 -0.1547
vn -0.4392 0.8902 -0.1206
vn -0.3904 0.8854 0.2524
vn -0.1787 0.5512 0.8150
vn -0.0060 0.9647 0.2633
vn -0.0024 0.5438 0.8392
vn 0.6771 0.7341 -0.0518
vn 0.4316 0.8942 -0.1191
vn 0.3794 0.8887 0.2575
vn 0.1664 0.5474 0.8202
vn 0.5862 0.7440 0.3206
vn 0.2396 0.4745 0.8470
vn 0.7273 0.6740 -0.1296
vn 0.7674 0.6411 -0.0031
vn 0.6010 0.6444 0.4729
vn 0.1459 0.3542 0.9237
vn 0.4351 0.6376 0.6358
vn -0.0550 0.2422 0.9687
vn 0.1364 0.9541 -0.2666
vn 0.1048 0.9647 -0.2418
vn 0.0677 0.9842 -0.1635
vn 0.3270 0.9385 0.1105
vn 0.1378 0.7921 0.5946
vn -0.2780 0.2807 0.9187
vn -0.1271 0.9432 0.3070
vn -0.3379 0.5030 0.7955
vn 0.1858 0.9487 -0.2558
vn 0.1649 0.9488 -0.2695
vn -0.2311 0.8684 0.4388
vn -0.2635 0.8646 0.4278
vn -0.4387 0.2985 0.8476
vn -0.5006 0.2957 0.8136
vn -0.2956 0.8643 0.4069
vn -0.5615 0.2959 0.7728
vn 0.2235 0.9487 -0.2235
vn 0.2053 0.9487 -0.2404
vn -0.3266 0.8643 0.3824
vn -0.6204 0.2959 0.7264
vn -0.3557 0.8643 0.3557
vn -0.6754 0.2959 0.6754
vn 0.2557 0.9487 -0.1858
vn 0.2404 0.9487 -0.2053
vn -0.3824 0.8643 0.3266
vn -0.7264 0.2959 0.6204
vn -0.4069 0.8643 0.2956
vn -0.7728 0.2959 0.5615
vn 0.2817 0.9487 -0.1435
vn 0.2696 0.9487 -0.1652
vn -0.4288 0.8643 0.2628
vn -0.8145 0.2959 0.4991
vn -0.4482 0.8643 0.2283
vn -0.8511 0.2959 0.4337
vn 0.3007 0.9487 -0.0977
vn 0.2921 0.9487 -0.1210
vn -0.4647 0.8643 0.1925
vn -0.8825 0.2959 0.3655
vn -0.4784 0.8643 0.1554
vn -0.9085 0.2959 0.2952
vn 0.3122 0.9487 -0.0495
vn 0.3074 0.9487 -0.0738
vn -0.4890 0.8643 0.1174
vn -0.9288 0.2959 0.2230
vn -0.4968 0.8643 0.0787
vn -0.9435 0.2959 0.1494
vn 0.3152 0.9487 -0.0248
vn -0.5014 0.8643 0.0395
vn -0.9523 0.2959 0.0749
vn 0.9871 0.0331 0.1563
vn 0.9964 0.0331 0.0784
vn 0.9505 0.0331 0.3088
vn 0.9718 0.0331 0.2333
vn 0.8905 0.0331 0.4537
vn 0.9234 0.0331 0.3825
vn 0.8086 0.0331 0.5875
vn 0.8522 0.0331 0.5222
vn 0.7067 0.0331 0.7067
vn 0.7600 0.0331 0.6491
vn 0.5875 0.0331 0.8086
vn 0.6491 0.0331 0.7600
vn 0.4510 0.0312 0.8920
vn 0.5213 0.0332 0.8527
vn 0.2959 0.0119 0.9551
vn 0.3787 0.0401 0.9246
vn 0.2783 0.2809 0.9185
vn 0.0938 0.0860 0.9919
vn 0.1849 0.0501 0.9815
vn -0.0002 0.0843 0.9964
vn 0.0389 0.0976 0.9945
vn -0.0953 0.0853 0.9918
vn -0.0420 0.0952 0.9946
vn -0.2892 0.0122 0.9572
vn -0.1832 0.0535 0.9816
vn -0.4506 0.0302 0.8922
vn -0.3787 0.0401 0.9246
vn -0.3866 0.3284 0.8618
vn -0.5875 0.0331 0.8086
vn -0.5217 0.0320 0.8525
vn -0.7067 0.0331 0.7067
vn -0.6491 0.0331 0.7600
vn -0.8086 0.0331 0.5875
vn -0.7600 0.0331 0.6491
vn -0.8905 0.0331 0.4537
vn -0.8522 0.0331 0.5222
vn -0.9505 0.0331 0.3088
vn -0.9234 0.0331 0.3825
vn -0.9871 0.0331 0.1563
vn -0.9718 0.0331 0.2333
vn -0.9964 0.0331 0.0784
vn 0.2379 -0.9706 0.0377
vn 0.2401 -0.9706 0.0189
vn -0.2401 -0.9706 0.0189
vn -0.2379 -0.9706 0.0377
vn -0.2342 -0.9706 0.0562
vn -0.2291 -0.9706 0.0744
vn -0.2225 -0.9706 0.0922
vn -0.2146 -0.9706 0.1094
vn -0.2054 -0.9706 0.1258
vn -0.1949 -0.9706 0.1416
vn -0.1831 -0.9706 0.1564
vn -0.1703 -0.9706 0.1703
vn -0.1564 -0.9706 0.1831
vn -0.1416 -0.9706 0.1949
vn -0.1258 -0.9706 0.2054
vn -0.1094 -0.9706 0.2146
vn -0.0922 -0.9706 0.2225
vn -0.0744 -0.9706 0.2291
vn -0.0562 -0.9706 0.2342
vn -0.0377 -0.9706 0.2379
vn -0.0189 -0.9706 0.2401
vn -0.0000 -0.9706 0.2409
vn 0.0189 -0.9706 0.2401
vn 0.0377 -0.9706 0.2379
vn 0.0562 -0.9706 0.2342
vn 0.0744 -0.9706 0.2291
vn 0.0922 -0.9706 0.2225
vn 0.1094 -0.9706 0.2146
vn 0.1258 -0.9706 0.2054
vn 0.1416 -0.9706 0.1949
vn 0.1564 -0.9706 0.1831
vn 0.1703 -0.9706 0.1703
vn 0.1831 -0.9706 0.1564
vn 0.1949 -0.9706 0.1416
vn 0.2054 -0.9706 0.1258
vn 0.2146 -0.9706 0.1094
vn 0.2225 -0.9706 0.0922
vn 0.2291 -0.9706 0.0744
vn 0.2342 -0.9706 0.0562
vn 0.3339 0.9360 0.1113
vn 0.3299 0.9376 0.1100
vn 0.4729 0.8411 -0.2624
vn -0.1930 0.8896 0.4141
vn -0.1048 0.9647 -0.2418
vn -0.1359 0.7928 0.5942
# 1301 vertex normals

vt 0.5443 0.0000 -0.1997
vt 0.5702 0.0000 -0.1005
vt 0.5272 0.0000 0.0672
vt 0.6113 0.0000 -0.0622
vt 0.6259 0.0000 0.0168
vt 0.6758 0.0000 0.0771
vt 0.6787 0.0000 0.1341
vt 0.7359 0.0000 0.2146
vt 0.7273 0.0000 0.2486
vt 0.7903 0.0000 0.3471
vt 0.7704 0.0000 0.3573
vt 0.8377 0.0000 0.4712
vt 0.8070 0.0000 0.4576
vt 0.8768 0.0000 0.5839
vt 0.8363 0.0000 0.5471
vt 0.9067 0.0000 0.6823
vt 0.8574 0.0000 0.6236
vt 0.9267 0.0000 0.7642
vt 0.8699 0.0000 0.6850
vt 0.9362 0.0000 0.8274
vt 0.8735 0.0000 0.7301
vt 0.9351 0.0000 0.8705
vt 0.8680 0.0000 0.7576
vt 0.9233 0.0000 0.8922
vt 0.8537 0.0000 0.7668
vt 0.9030 0.0000 0.8964
vt 0.8349 0.0000 0.7668
vt 0.8808 0.0000 0.8964
vt 0.8162 0.0000 0.7668
vt 0.8586 0.0000 0.8964
vt 0.7974 0.0000 0.7668
vt 0.8364 0.0000 0.8964
vt 0.7787 0.0000 0.7668
vt 0.8141 0.0000 0.8964
vt 0.7599 0.0000 0.7668
vt 0.7919 0.0000 0.8964
vt 0.7412 0.0000 0.7668
vt 0.7697 0.0000 0.8964
vt 0.7224 0.0000 0.7668
vt 0.7475 0.0000 0.8964
vt 0.7037 0.0000 0.7668
vt 0.6673 0.0000 0.7428
vt 0.7283 0.0250 0.9424
vt 0.7625 0.0250 1.0000
vt 0.7625 0.1000 1.0000
vt 0.7500 0.1000 1.0000
vt 0.7750 0.0250 1.0000
vt 0.7750 0.1000 1.0000
vt 0.7750 0.2000 1.0000
vt 0.7625 0.2000 1.0000
vt 0.7500 0.2000 1.0000
vt 0.7875 0.0250 1.0000
vt 0.7875 0.1000 1.0000
vt 0.8000 0.0250 1.0000
vt 0.8000 0.1000 1.0000
vt 0.8000 0.2000 1.0000
vt 0.7875 0.2000 1.0000
vt 0.8125 0.0250 1.0000
vt 0.8125 0.1000 1.0000
vt 0.8250 0.0250 1.0000
vt 0.8250 0.1000 1.0000
vt 0.8250 0.2000 1.0000
vt 0.8125 0.2000 1.0000
vt 0.8375 0.0250 1.0000
vt 0.8375 0.1000 1.0000
vt 0.8500 0.0250 1.0000
vt 0.8500 0.1000 1.0000
vt 0.8500 0.2000 1.0000
vt 0.8375 0.2000 1.0000
vt 0.8625 0.0250 1.0000
vt 0.8625 0.1000 1.0000
vt 0.8750 0.0250 1.0000
vt 0.8750 0.1000 1.0000
vt 0.8750 0.2000 1.0000
vt 0.8625 0.2000 1.0000
vt 0.8875 0.0250 1.0000
vt 0.8875 0.1000 1.0000
vt 0.9000 0.0250 1.0000
vt 0.9000 0.1000 1.0000
vt 0.9000 0.2000 1.0000
vt 0.8875 0.2000 1.0000
vt 0.9125 0.0250 1.0000
vt 0.9125 0.1000 1.0000
vt 0.9250 0.0250 1.0000
vt 0.9250 0.1000 1.0000
vt 0.9250 0.2000 1.0000
vt 0.9125 0.2000 1.0000
vt 0.9375 0.0250 1.0000
vt 0.9375 0.1000 1.0000
vt 0.9500 0.0250 1.0000
vt 0.9500 0.1000 1.0000
vt 0.9500 0.2000 1.0000
vt 0.9375 0.2000 1.0000
vt 0.9625 0.0250 1.0000
vt 0.9625 0.1000 1.0000
vt 0.9750 0.0000 1.0000
vt 0.9750 0.1000 1.0000
vt 0.9750 0.2000 1.0000
vt 0.9625 0.2000 1.0000
vt -0.0250 0.0000 1.0000
vt -0.0125 0.0000 1.0000
vt -0.0125 0.1000 1.0000
vt -0.0250 0.1000 1.0000
vt 0.0000 0.0000 1.0000
vt 0.0000 0.1000 1.0000
vt 0.0000 0.2000 1.0000
vt -0.0125 0.2000 1.0000
vt -0.0250 0.2000 1.0000
vt 0.0125 0.0000 1.0000
vt 0.0125 0.1000 1.0000
vt 0.0250 0.0000 1.0000
vt 0.0250 0.1000 1.0000
vt 0.0250 0.2000 1.0000
vt 0.0125 0.2000 1.0000
vt 0.0375 0.0000 1.0000
vt 0.0375 0.1000 1.0000
vt 0.0500 0.0000 1.0000
vt 0.0500 0.1000 1.0000
vt 0.0500 0.2000 1.0000
vt 0.0375 0.2000 1.0000
vt 0.0625 0.0000 1.0000
vt 0.0625 0.1000 1.0000
vt 0.0750 0.0000 1.0000
vt 0.0750 0.1000 1.0000
vt 0.0750 0.2000 1.0000
vt 0.0625 0.2000 1.0000
vt 0.0875 0.0000 1.0000
vt 0.0875 0.1000 1.0000
vt 0.1000 0.0000 1.0000
vt 0.1000 0.1000 1.0000
vt 0.1000 0.2000 1.0000
vt 0.0875 0.2000 1.0000
vt 0.1125 0.0000 1.0000
vt 0.1125 0.1000 1.0000
vt 0.1250 0.0000 1.0000
vt 0.1250 0.1000 1.0000
vt 0.1250 0.2000 1.0000
vt 0.1125 0.2000 1.0000
vt 0.1375 0.0000 1.0000
vt 0.1375 0.1000 1.0000
vt 0.1500 0.0000 1.0000
vt 0.1500 0.1000 1.0000
vt 0.1500 0.2000 1.0000
vt 0.1375 0.2000 1.0000
vt 0.1625 0.0000 1.0000
vt 0.1625 0.1000 1.0000
vt 0.1750 0.0000 1.0000
vt 0.1750 0.1000 1.0000
vt 0.1750 0.2000 1.0000
vt 0.1625 0.2000 1.0000
vt 0.1875 0.0000 1.0000
vt 0.1875 0.1000 1.0000
vt 0.2000 0.0000 1.0000
vt 0.2000 0.1000 1.0000
vt 0.2000 0.2000 1.0000
vt 0.1875 0.2000 1.0000
vt 0.2125 0.0000 1.0000
vt 0.2125 0.1000 1.0000
vt 0.2250 0.0000 1.0000
vt 0.2250 0.1000 1.0000
vt 0.2250 0.2000 1.0000
vt 0.2125 0.2000 1.0000
vt 0.2375 0.0000 1.0000
vt 0.2375 0.1000 1.0000
vt 0.2500 0.0000 1.0000
vt 0.2500 0.1000 1.0000
vt 0.2500 0.2000 1.0000
vt 0.2375 0.2000 1.0000
vt 0.7625 0.3000 1.0000
vt 0.7500 0.3000 1.0000
vt 0.7750 0.3000 1.0000
vt 0.7750 0.4000 1.0000
vt 0.7625 0.4000 1.0000
vt 0.7500 0.4000 1.0000
vt 0.7875 0.3000 1.0000
vt 0.8000 0.3000 1.0000
vt 0.8000 0.4000 1.0000
vt 0.7875 0.4000 1.0000
vt 0.8125 0.3000 1.0000
vt 0.8250 0.3000 1.0000
vt 0.8250 0.4000 1.0000
vt 0.8125 0.4000 1.0000
vt 0.8375 0.3000 1.0000
vt 0.8500 0.3000 1.0000
vt 0.8500 0.4000 1.0000
vt 0.8375 0.4000 1.0000
vt 0.8625 0.3000 1.0000
vt 0.8750 0.3000 1.0000
vt 0.8750 0.4000 1.0000
vt 0.8625 0.4000 1.0000
vt 0.8875 0.3000 1.0000
vt 0.9000 0.3000 1.0000
vt 0.9000 0.4000 1.0000
vt 0.8875 0.4000 1.0000
vt 0.9125 0.3000 1.0000
vt 0.9250 0.3000 1.0000
vt 0.9250 0.4000 1.0000
vt 0.9125 0.4000 1.0000
vt 0.9375 0.3000 1.0000
vt 0.9500 0.3000 1.0000
vt 0.9500 0.4000 1.0000
vt 0.9375 0.4000 1.0000
vt 0.9625 0.3000 1.0000
vt 0.9750 0.3000 1.0000
vt 0.9750 0.4000 1.0000
vt 0.9625 0.4000 1.0000
vt -0.0125 0.3000 1.0000
vt -0.0250 0.3000 1.0000
vt 0.0000 0.3000 1.0000
vt 0.0000 0.4000 1.0000
vt -0.0125 0.4000 1.0000
vt -0.0250 0.4000 1.0000
vt 0.0125 0.3000 1.0000
vt 0.0250 0.3000 1.0000
vt 0.0250 0.4000 1.0000
vt 0.0125 0.4000 1.0000
vt 0.0375 0.3000 1.0000
vt 0.0500 0.3000 1.0000
vt 0.0500 0.4000 1.0000
vt 0.0375 0.4000 1.0000
vt 0.0625 0.3000 1.0000
vt 0.0750 0.3000 1.0000
vt 0.0750 0.4000 1.0000
vt 0.0625 0.4000 1.0000
vt 0.0875 0.3000 1.0000
vt 0.1000 0.3000 1.0000
vt 0.1000 0.4000 1.0000
vt 0.0875 0.4000 1.0000
vt 0.1125 0.3000 1.0000
vt 0.1250 0.3000 1.0000
vt 0.1250 0.4000 1.0000
vt 0.1125 0.4000 1.0000
vt 0.1375 0.3000 1.0000
vt 0.1500 0.3000 1.0000
vt 0.1500 0.4000 1.0000
vt 0.1375 0.4000 1.0000
vt 0.1625 0.3000 1.0000
vt 0.1750 0.3000 1.0000
vt 0.1750 0.4000 1.0000
vt 0.1625 0.4000 1.0000
vt 0.1875 0.3000 1.0000
vt 0.2000 0.3000 1.0000
vt 0.2000 0.4000 1.0000
vt 0.1875 0.4000 1.0000
vt 0.2125 0.3000 1.0000
vt 0.2250 0.3000 1.0000
vt 0.2250 0.4000 1.0000
vt 0.2125 0.4000 1.0000
vt 0.2375 0.3000 1.0000
vt 0.2500 0.3000 1.0000
vt 0.2500 0.4000 1.0000
vt 0.2375 0.4000 1.0000
vt 0.7625 0.5000 1.0000
vt 0.7500 0.5000 1.0000
vt 0.7750 0.5000 1.0000
vt 0.7750 0.6000 1.0000
vt 0.7625 0.6000 1.0000
vt 0.7500 0.6000 1.0000
vt 0.7875 0.5000 1.0000
vt 0.8000 0.5000 1.0000
vt 0.8000 0.6000 1.0000
vt 0.7875 0.6000 1.0000
vt 0.8125 0.5000 1.0000
vt 0.8250 0.5000 1.0000
vt 0.8250 0.6000 1.0000
vt 0.8125 0.6000 1.0000
vt 0.8375 0.5000 1.0000
vt 0.8500 0.5000 1.0000
vt 0.8500 0.6000 1.0000
vt 0.8375 0.6000 1.0000
vt 0.8625 0.5000 1.0000
vt 0.8750 0.5000 1.0000
vt 0.8750 0.6000 1.0000
vt 0.8625 0.6000 1.0000
vt 0.8875 0.5000 1.0000
vt 0.9000 0.5000 1.0000
vt 0.9000 0.6000 1.0000
vt 0.8875 0.6000 1.0000
vt 0.9125 0.5000 1.0000
vt 0.9250 0.5000 1.0000
vt 0.9250 0.6000 1.0000
vt 0.9125 0.6000 1.0000
vt 0.9375 0.5000 1.0000
vt 0.9500 0.5000 1.0000
vt 0.9500 0.6000 1.0000
vt 0.9375 0.6000 1.0000
vt 0.9625 0.5000 1.0000
vt 0.9750 0.5000 1.0000
vt 0.9750 0.6000 1.0000
vt 0.9625 0.6000 1.0000
vt -0.0125 0.5000 1.0000
vt -0.0250 0.5000 1.0000
vt 0.0000 0.5000 1.0000
vt 0.0000 0.6000 1.0000
vt -0.0125 0.6000 1.0000
vt -0.0250 0.6000 1.0000
vt 0.0125 0.5000 1.0000
vt 0.0250 0.5000 1.0000
vt 0.0250 0.6000 1.0000
vt 0.0125 0.6000 1.0000
vt 0.0375 0.5000 1.0000
vt 0.0500 0.5000 1.0000
vt 0.0500 0.6000 1.0000
vt 0.0375 0.6000 1.0000
vt 0.0625 0.5000 1.0000
vt 0.0750 0.5000 1.0000
vt 0.0750 0.6000 1.0000
vt 0.0625 0.6000 1.0000
vt 0.0875 0.5000 1.0000
vt 0.1000 0.5000 1.0000
vt 0.1000 0.6000 1.0000
vt 0.0875 0.6000 1.0000
vt 0.1125 0.5000 1.0000
vt 0.1250 0.5000 1.0000
vt 0.1250 0.6000 1.0000
vt 0.1125 0.6000 1.0000
vt 0.1375 0.5000 1.0000
vt 0.1500 0.5000 1.0000
vt 0.1500 0.6000 1.0000
vt 0.1375 0.6000 1.0000
vt 0.1625 0.5000 1.0000
vt 0.1750 0.5000 1.0000
vt 0.1750 0.6000 1.0000
vt 0.1625 0.6000 1.0000
vt 0.1875 0.5000 1.0000
vt 0.2000 0.5000 1.0000
vt 0.2000 0.6000 1.0000
vt 0.1875 0.6000 1.0000
vt 0.2125 0.5000 1.0000
vt 0.2250 0.5000 1.0000
vt 0.2250 0.6000 1.0000
vt 0.2125 0.6000 1.0000
vt 0.2375 0.5000 1.0000
vt 0.2500 0.5000 1.0000
vt 0.2500 0.6000 1.0000
vt 0.2375 0.6000 1.0000
vt 0.7625 0.7000 1.0000
vt 0.7500 0.7000 1.0000
vt 0.7750 0.7000 1.0000
vt 0.7750 0.7828 1.0000
vt 0.7625 0.7828 1.0000
vt 0.7500 0.7828 1.0000
vt 0.7875 0.7000 1.0000
vt 0.8000 0.7000 1.0000
vt 0.8000 0.7828 1.0000
vt 0.7875 0.7828 1.0000
vt 0.8125 0.7000 1.0000
vt 0.8250 0.7000 1.0000
vt 0.8250 0.7828 1.0000
vt 0.8125 0.7828 1.0000
vt 0.8375 0.7000 1.0000
vt 0.8500 0.7000 1.0000
vt 0.8500 0.7828 1.0000
vt 0.8375 0.7828 1.0000
vt 0.8625 0.7000 1.0000
vt 0.8750 0.7000 1.0000
vt 0.8750 0.7828 1.0000
vt 0.8625 0.7828 1.0000
vt 0.8875 0.7000 1.0000
vt 0.9000 0.7000 1.0000
vt 0.9000 0.7828 1.0000
vt 0.8875 0.7828 1.0000
vt 0.9125 0.7000 1.0000
vt 0.9250 0.7000 1.0000
vt 0.9250 0.7828 1.0000
vt 0.9125 0.7828 1.0000
vt 0.9375 0.7000 1.0000
vt 0.9500 0.7000 1.0000
vt 0.9500 0.7828 1.0000
vt 0.9375 0.7828 1.0000
vt 0.9625 0.7000 1.0000
vt 0.9750 0.7000 1.0000
vt 0.9750 0.8000 1.0000
vt 0.9625 0.7828 1.0000
vt -0.0125 0.7000 1.0000
vt -0.0250 0.7000 1.0000
vt 0.0000 0.7000 1.0000
vt 0.0000 0.7828 1.0000
vt -0.0125 0.8000 1.0000
vt -0.0250 0.8000 1.0000
vt 0.0125 0.7000 1.0000
vt 0.0250 0.7000 1.0000
vt 0.0250 0.7828 1.0000
vt 0.0125 0.7828 1.0000
vt 0.0375 0.7000 1.0000
vt 0.0500 0.7000 1.0000
vt 0.0500 0.7828 1.0000
vt 0.0375 0.7828 1.0000
vt 0.0625 0.7000 1.0000
vt 0.0750 0.7000 1.0000
vt 0.0750 0.7828 1.0000
vt 0.0625 0.7828 1.0000
vt 0.0875 0.7000 1.0000
vt 0.1000 0.7000 1.0000
vt 0.1000 0.7828 1.0000
vt 0.0875 0.7828 1.0000
vt 0.1125 0.7000 1.0000
vt 0.1250 0.7000 1.0000
vt 0.1250 0.7828 1.0000
vt 0.1125 0.7828 1.0000
vt 0.1375 0.7000 1.0000
vt 0.1500 0.7000 1.0000
vt 0.1500 0.7828 1.0000
vt 0.1375 0.7828 1.0000
vt 0.1625 0.7000 1.0000
vt 0.1750 0.7000 1.0000
vt 0.1750 0.7828 1.0000
vt 0.1625 0.7828 1.0000
vt 0.1875 0.7000 1.0000
vt 0.2000 0.7000 1.0000
vt 0.2000 0.7828 1.0000
vt 0.1875 0.7828 1.0000
vt 0.2125 0.7000 1.0000
vt 0.2250 0.7000 1.0000
vt 0.2250 0.7828 1.0000
vt 0.2125 0.7828 1.0000
vt 0.2375 0.7000 1.0000
vt 0.2500 0.7000 1.0000
vt 0.2500 0.7827 1.0000
vt 0.2375 0.7828 1.0000
vt 0.7625 0.8310 1.0000
vt 0.7500 0.8310 1.0000
vt 0.7750 0.8310 1.0000
vt 0.7750 0.8715 1.0000
vt 0.7625 0.8715 1.0000
vt 0.7500 0.8715 1.0000
vt 0.7875 0.8310 1.0000
vt 0.8000 0.8310 1.0000
vt 0.8000 0.8715 1.0000
vt 0.7875 0.8715 1.0000
vt 0.8125 0.8310 1.0000
vt 0.8250 0.8310 1.0000
vt 0.8250 0.8715 1.0000
vt 0.8125 0.8715 1.0000
vt 0.8375 0.8310 1.0000
vt 0.8500 0.8310 1.0000
vt 0.8500 0.8715 1.0000
vt 0.8375 0.8715 1.0000
vt 0.8625 0.8310 1.0000
vt 0.8750 0.8310 1.0000
vt 0.8750 0.8715 1.0000
vt 0.8625 0.8715 1.0000
vt 0.8875 0.8310 1.0000
vt 0.9000 0.8310 1.0000
vt 0.9000 0.8715 1.0000
vt 0.8875 0.8715 1.0000
vt 0.9125 0.8310 1.0000
vt 0.9250 0.8310 1.0000
vt 0.9251 0.8724 1.0000
vt 0.9125 0.8715 1.0000
vt 0.9375 0.8310 1.0000
vt 0.9500 0.8310 1.0000
vt 0.9501 0.8724 1.0000
vt 0.9379 0.8750 1.0000
vt 0.9625 0.8310 1.0000
vt 0.9750 0.8310 1.0000
vt 0.9750 0.8620 1.0000
vt 0.9625 0.8715 1.0000
vt -0.0125 0.8310 1.0000
vt -0.0250 0.8310 1.0000
vt 0.0000 0.8310 1.0000
vt 0.0000 0.8715 1.0000
vt -0.0125 0.8715 1.0000
vt -0.0250 0.8620 1.0000
vt 0.0125 0.8310 1.0000
vt 0.0250 0.8310 1.0000
vt 0.0250 0.8715 1.0000
vt 0.0125 0.8715 1.0000
vt 0.0375 0.8310 1.0000
vt 0.0500 0.8310 1.0000
vt 0.0499 0.8724 1.0000
vt 0.0375 0.8715 1.0000
vt 0.0625 0.8310 1.0000
vt 0.0750 0.8310 1.0000
vt 0.0749 0.8724 1.0000
vt 0.0621 0.8750 1.0000
vt 0.0875 0.8310 1.0000
vt 0.1000 0.8310 1.0000
vt 0.1000 0.8715 1.0000
vt 0.0875 0.8715 1.0000
vt 0.1125 0.8310 1.0000
vt 0.1250 0.8310 1.0000
vt 0.1250 0.8715 1.0000
vt 0.1125 0.8715 1.0000
vt 0.1375 0.8310 1.0000
vt 0.1500 0.8310 1.0000
vt 0.1500 0.8715 1.0000
vt 0.1375 0.8715 1.0000
vt 0.1625 0.8310 1.0000
vt 0.1750 0.8310 1.0000
vt 0.1750 0.8715 1.0000
vt 0.1625 0.8715 1.0000
vt 0.1875 0.8310 1.0000
vt 0.2000 0.8310 1.0000
vt 0.2000 0.8715 1.0000
vt 0.1875 0.8715 1.0000
vt 0.2125 0.8310 1.0000
vt 0.2250 0.8310 1.0000
vt 0.2250 0.8715 1.0000
vt 0.2125 0.8715 1.0000
vt 0.2375 0.8310 1.0000
vt 0.2500 0.7828 1.0000
vt 0.2500 0.8310 1.0000
vt 0.2500 0.8715 1.0000
vt 0.2375 0.8715 1.0000
vt 0.7484 1.0000 0.8989
vt 0.7246 1.0000 0.7725
vt 0.5358 1.0000 0.0902
vt 0.7058 1.0000 0.7725
vt 0.7706 1.0000 0.8989
vt 0.7433 1.0000 0.7725
vt 0.7929 1.0000 0.8989
vt 0.7621 1.0000 0.7725
vt 0.8151 1.0000 0.8989
vt 0.7808 1.0000 0.7725
vt 0.8373 1.0000 0.8989
vt 0.7996 1.0000 0.7725
vt 0.8595 1.0000 0.8989
vt 0.8183 1.0000 0.7725
vt 0.8818 1.0000 0.8989
vt 0.8371 1.0000 0.7725
vt 0.9040 1.0000 0.8989
vt 0.8558 1.0000 0.7725
vt 0.9243 1.0000 0.8948
vt 0.8702 1.0000 0.7633
vt 0.9360 1.0000 0.8730
vt 0.8757 1.0000 0.7358
vt 0.9372 1.0000 0.8300
vt 0.8721 1.0000 0.6908
vt 0.9276 1.0000 0.7668
vt 0.8596 1.0000 0.6293
vt 0.9077 1.0000 0.6849
vt 0.8385 1.0000 0.5529
vt 0.8778 1.0000 0.5864
vt 0.8092 1.0000 0.4634
vt 0.8386 1.0000 0.4737
vt 0.7726 1.0000 0.3630
vt 0.7913 1.0000 0.3497
vt 0.7294 1.0000 0.2543
vt 0.7369 1.0000 0.2172
vt 0.6809 1.0000 0.1399
vt 0.6767 1.0000 0.0797
vt 0.6281 1.0000 0.0225
vt 0.6123 1.0000 -0.0596
vt 0.5724 1.0000 -0.0948
vt 0.5452 1.0000 -0.1972
vt 0.7750 1.0000 1.0000
vt 0.7625 1.0000 1.0000
vt 0.7500 1.0000 1.0000
vt 0.8000 1.0000 1.0000
vt 0.7875 1.0000 1.0000
vt 0.8250 1.0000 1.0000
vt 0.8125 1.0000 1.0000
vt 0.8500 1.0000 1.0000
vt 0.8375 1.0000 1.0000
vt 0.8750 1.0000 1.0000
vt 0.8625 1.0000 1.0000
vt 0.9000 1.0000 1.0000
vt 0.8875 1.0000 1.0000
vt 0.9245 1.0000 1.0000
vt 0.9125 1.0000 1.0000
vt 0.9527 1.0000 1.0000
vt 0.9481 1.0000 1.0000
vt 0.9441 1.0000 1.0000
vt 0.9735 1.0000 0.9969
vt 0.9625 1.0000 1.0000
vt 0.9868 1.0000 0.9724
vt 0.9817 1.0000 0.9877
vt 0.9881 1.0000 0.9239
vt 0.9889 1.0000 0.9511
vt 0.9797 1.0000 0.8625
vt 0.9842 1.0000 0.8910
vt 0.9544 1.0000 0.7587
vt 0.9658 1.0000 0.8021
vt 0.9734 1.0000 0.8333
vt 0.9211 1.0000 0.6495
vt 0.9393 1.0000 0.7071
vt 0.8771 1.0000 0.5225
vt 0.9003 1.0000 0.5878
vt 0.8237 1.0000 0.3827
vt 0.8515 1.0000 0.4540
vt 0.7624 1.0000 0.2334
vt 0.7940 1.0000 0.3090
vt 0.6946 1.0000 0.0785
vt 0.7292 1.0000 0.1564
vt 0.6221 1.0000 -0.0785
vt 0.6588 1.0000 -0.0000
vt 0.5465 1.0000 -0.2334
vt 0.5845 1.0000 -0.1564
vt 0.9248 1.0000 1.0000
vt 0.9254 1.0000 1.0000
vt 0.9251 1.0000 1.0000
vt 0.9365 1.0000 1.0000
vt 0.9392 1.0000 1.0000
vt 0.9426 1.0000 1.0000
vt 0.9459 1.0000 1.0000
vt 0.9521 1.0000 1.0000
vt 0.9504 1.0000 1.0000
vt 0.9501 1.0000 1.0000
vt 0.9379 1.0000 1.0000
vt 0.9792 1.0000 0.8604
vt 0.9777 1.0000 0.8543
vt 0.9774 1.0000 0.8530
vt 0.9751 1.0000 0.8401
vt 0.9691 1.0000 0.8155
vt 0.9721 1.0000 0.8277
vt 0.9667 1.0000 0.8054
vt 0.9546 1.0000 0.7595
vt 0.9552 1.0000 0.7620
vt 0.9549 1.0000 0.7608
vt 0.9679 1.0000 0.8106
vt 0.9250 1.0000 1.0000
vt 0.9500 1.0000 1.0000
vt 0.9375 1.0000 1.0000
vt 0.9773 1.0000 0.8526
vt 0.9548 1.0000 0.7604
vt 0.9675 1.0000 0.8090
vt 0.7500 0.9827 1.0000
vt 0.7625 0.9827 1.0000
vt 0.7750 0.9827 1.0000
vt 0.7875 0.9827 1.0000
vt 0.8000 0.9827 1.0000
vt 0.8125 0.9827 1.0000
vt 0.8250 0.9827 1.0000
vt 0.8375 0.9827 1.0000
vt 0.8500 0.9827 1.0000
vt 0.8625 0.9827 1.0000
vt 0.8750 0.9827 1.0000
vt 0.8875 0.9827 1.0000
vt 0.9000 0.9827 1.0000
vt 0.9125 0.9827 1.0000
vt 0.9248 0.9836 1.0000
vt 0.9356 1.0000 1.0000
vt 0.9365 0.9862 1.0000
vt 0.9426 0.9939 1.0000
vt 0.9521 0.9836 1.0000
vt 0.9625 0.9827 1.0000
vt 0.9750 1.0000 1.0000
vt 0.9883 1.0000 0.9754
vt 0.9896 1.0000 0.9267
vt 0.9788 1.0000 0.8553
vt 0.9771 1.0000 0.8483
vt 0.9754 1.0000 0.8414
vt 0.9562 1.0000 0.7628
vt 0.9224 1.0000 0.6515
vt 0.8782 1.0000 0.5241
vt 0.8247 1.0000 0.3839
vt 0.7632 1.0000 0.2342
vt 0.6952 1.0000 0.0787
vt 0.6224 1.0000 -0.0787
vt 0.5466 1.0000 -0.2342
vt 0.7750 0.9310 1.0000
vt 0.7625 0.9310 1.0000
vt 0.7500 0.9310 1.0000
vt 0.8000 0.9310 1.0000
vt 0.7875 0.9310 1.0000
vt 0.8250 0.9310 1.0000
vt 0.8125 0.9310 1.0000
vt 0.8500 0.9310 1.0000
vt 0.8375 0.9310 1.0000
vt 0.8750 0.9310 1.0000
vt 0.8625 0.9310 1.0000
vt 0.9000 0.9310 1.0000
vt 0.8875 0.9310 1.0000
vt 0.9254 0.9345 1.0000
vt 0.9125 0.9310 1.0000
vt 0.9504 0.9345 1.0000
vt 0.9392 0.9448 1.0000
vt 0.9459 0.9862 1.0000
vt 0.9750 0.9310 1.0000
vt 0.9625 0.9310 1.0000
vt 0.0000 0.9310 1.0000
vt -0.0125 0.9310 1.0000
vt 0.0000 1.0000 1.0000
vt -0.0125 1.0000 1.0000
vt -0.0250 1.0000 1.0000
vt -0.0250 0.9310 1.0000
vt 0.0250 0.9310 1.0000
vt 0.0125 0.9310 1.0000
vt 0.0250 1.0000 1.0000
vt 0.0125 1.0000 1.0000
vt 0.0496 0.9345 1.0000
vt 0.0375 0.9310 1.0000
vt 0.0500 1.0000 1.0000
vt 0.0375 1.0000 1.0000
vt 0.0746 0.9345 1.0000
vt 0.0608 0.9448 1.0000
vt 0.0750 1.0000 1.0000
vt 0.0644 1.0000 1.0000
vt 0.0538 1.0000 1.0000
vt 0.0519 1.0000 1.0000
vt 0.1000 0.9310 1.0000
vt 0.0875 0.9310 1.0000
vt 0.1000 1.0000 1.0000
vt 0.0875 1.0000 1.0000
vt 0.1250 0.9310 1.0000
vt 0.1125 0.9310 1.0000
vt 0.1250 1.0000 1.0000
vt 0.1125 1.0000 1.0000
vt 0.1500 0.9310 1.0000
vt 0.1375 0.9310 1.0000
vt 0.1500 1.0000 1.0000
vt 0.1375 1.0000 1.0000
vt 0.1750 0.9310 1.0000
vt 0.1625 0.9310 1.0000
vt 0.1750 1.0000 1.0000
vt 0.1625 1.0000 1.0000
vt 0.2000 0.9310 1.0000
vt 0.1875 0.9310 1.0000
vt 0.2000 1.0000 1.0000
vt 0.1875 1.0000 1.0000
vt 0.2250 0.9310 1.0000
vt 0.2125 0.9310 1.0000
vt 0.2250 1.0000 1.0000
vt 0.2125 1.0000 1.0000
vt 0.2500 0.9310 1.0000
vt 0.2375 0.9310 1.0000
vt 0.2500 1.0000 1.0000
vt 0.2375 1.0000 1.0000
vt 0.7262 1.0000 0.8989
vt 0.7625 0.0000 1.0000
vt 0.7750 0.0000 1.0000
vt 0.7066 0.0000 0.8848
vt 0.5845 0.0000 -0.1564
vt 0.5465 0.0000 -0.2334
vt 0.5466 0.0000 -0.2342
vt 0.6224 0.0000 -0.0787
vt 0.6221 0.0000 -0.0785
vt 0.6588 0.0000 -0.0000
vt 0.6952 0.0000 0.0787
vt 0.6946 0.0000 0.0785
vt 0.7292 0.0000 0.1564
vt 0.7632 0.0000 0.2342
vt 0.7624 0.0000 0.2334
vt 0.7940 0.0000 0.3090
vt 0.8247 0.0000 0.3839
vt 0.8237 0.0000 0.3827
vt 0.8515 0.0000 0.4540
vt 0.8782 0.0000 0.5241
vt 0.8771 0.0000 0.5225
vt 0.9003 0.0000 0.5878
vt 0.9224 0.0000 0.6515
vt 0.9211 0.0000 0.6494
vt 0.9393 0.0000 0.7071
vt 0.9562 0.0000 0.7628
vt 0.9548 0.0000 0.7604
vt 0.9675 0.0000 0.8090
vt 0.9788 0.0000 0.8553
vt 0.9773 0.0000 0.8526
vt 0.9842 0.0000 0.8910
vt 0.9896 0.0000 0.9267
vt 0.9881 0.0000 0.9239
vt 0.9889 0.0000 0.9511
vt 0.9883 0.0000 0.9754
vt 0.9868 0.0000 0.9724
vt 0.9817 0.0000 0.9877
vt 0.9735 0.0000 0.9969
vt 0.9625 0.0000 1.0000
vt 0.9500 0.0000 1.0000
vt 0.9375 0.0000 1.0000
vt 0.9250 0.0000 1.0000
vt 0.9125 0.0000 1.0000
vt 0.9000 0.0000 1.0000
vt 0.8875 0.0000 1.0000
vt 0.8750 0.0000 1.0000
vt 0.8625 0.0000 1.0000
vt 0.8500 0.0000 1.0000
vt 0.8375 0.0000 1.0000
vt 0.8250 0.0000 1.0000
vt 0.8125 0.0000 1.0000
vt 0.8000 0.0000 1.0000
vt 0.7875 0.0000 1.0000
# 772 texture coords

o Cylinder001
g Cylinder001
usemtl wire_094090207
s 2
f 1/1/1 2/2/1 3/3/1 
f 4/4/1 5/5/1 3/3/1 2/2/1 
f 5/5/1 6/6/1 7/7/1 3/3/1 
f 8/8/1 9/9/1 3/3/1 7/7/1 
f 9/9/1 10/10/1 11/11/1 3/3/1 
f 12/12/1 13/13/1 3/3/1 11/11/1 
f 13/13/1 14/14/1 15/15/1 3/3/1 
f 16/16/1 17/17/1 3/3/1 15/15/1 
f 17/17/1 18/18/1 19/19/1 3/3/1 
f 20/20/1 21/21/1 3/3/1 19/19/1 
f 21/21/1 22/22/1 23/23/1 3/3/1 
f 24/24/1 25/25/1 3/3/1 23/23/1 
f 25/25/1 26/26/1 27/27/1 3/3/1 
f 28/28/1 29/29/1 3/3/1 27/27/1 
f 29/29/1 30/30/1 31/31/1 3/3/1 
f 32/32/1 33/33/1 3/3/1 31/31/1 
f 33/33/1 34/34/1 35/35/1 3/3/1 
f 36/36/1 37/37/1 3/3/1 35/35/1 
f 37/37/1 38/38/1 39/39/1 3/3/1 
f 40/40/1 41/41/1 3/3/1 39/39/1 
f 41/41/1 42/42/1 3/3/1 
f 43/43/2 44/44/3 45/45/4 46/46/5 
f 44/44/3 47/47/6 48/48/7 45/45/4 
f 49/49/8 50/50/9 45/45/4 48/48/7 
f 50/50/9 51/51/10 46/46/5 45/45/4 
f 47/47/6 52/52/11 53/53/12 48/48/7 
f 52/52/11 54/54/13 55/55/14 53/53/12 
f 56/56/15 57/57/16 53/53/12 55/55/14 
f 57/57/16 49/49/8 48/48/7 53/53/12 
f 54/54/13 58/58/17 59/59/18 55/55/14 
f 58/58/17 60/60/19 61/61/20 59/59/18 
f 62/62/21 63/63/22 59/59/18 61/61/20 
f 63/63/22 56/56/15 55/55/14 59/59/18 
f 60/60/19 64/64/23 65/65/24 61/61/20 
f 64/64/23 66/66/25 67/67/26 65/65/24 
f 68/68/27 69/69/28 65/65/24 67/67/26 
f 69/69/28 62/62/21 61/61/20 65/65/24 
f 66/66/25 70/70/29 71/71/30 67/67/26 
f 70/70/29 72/72/31 73/73/32 71/71/30 
f 74/74/33 75/75/34 71/71/30 73/73/32 
f 75/75/34 68/68/27 67/67/26 71/71/30 
f 72/72/31 76/76/35 77/77/36 73/73/32 
f 76/76/35 78/78/37 79/79/38 77/77/36 
f 80/80/39 81/81/40 77/77/36 79/79/38 
f 81/81/40 74/74/33 73/73/32 77/77/36 
f 78/78/37 82/82/41 83/83/42 79/79/38 
f 82/82/41 84/84/43 85/85/44 83/83/42 
f 86/86/45 87/87/46 83/83/42 85/85/44 
f 87/87/46 80/80/39 79/79/38 83/83/42 
f 84/84/43 88/88/47 89/89/48 85/85/44 
f 88/88/47 90/90/49 91/91/50 89/89/48 
f 92/92/51 93/93/52 89/89/48 91/91/50 
f 93/93/52 86/86/45 85/85/44 89/89/48 
f 90/90/49 94/94/53 95/95/54 91/91/50 
f 94/94/53 96/96/55 97/97/56 95/95/54 
f 98/98/57 99/99/58 95/95/54 97/97/56 
f 99/99/58 92/92/51 91/91/50 95/95/54 
f 96/100/55 100/101/59 101/102/60 97/103/56 
f 100/101/59 102/104/61 103/105/62 101/102/60 
f 104/106/63 105/107/64 101/102/60 103/105/62 
f 105/107/64 98/108/57 97/103/56 101/102/60 
f 102/104/61 106/109/65 107/110/66 103/105/62 
f 106/109/65 108/111/67 109/112/68 107/110/66 
f 110/113/69 111/114/70 107/110/66 109/112/68 
f 111/114/70 104/106/63 103/105/62 107/110/66 
f 108/111/67 112/115/71 113/116/72 109/112/68 
f 112/115/71 114/117/73 115/118/74 113/116/72 
f 116/119/75 117/120/76 113/116/72 115/118/74 
f 117/120/76 110/113/69 109/112/68 113/116/72 
f 114/117/73 118/121/77 119/122/78 115/118/74 
f 118/121/77 120/123/79 121/124/80 119/122/78 
f 122/125/81 123/126/82 119/122/78 121/124/80 
f 123/126/82 116/119/75 115/118/74 119/122/78 
f 120/123/79 124/127/83 125/128/84 121/124/80 
f 124/127/83 126/129/85 127/130/86 125/128/84 
f 128/131/87 129/132/88 125/128/84 127/130/86 
f 129/132/88 122/125/81 121/124/80 125/128/84 
f 126/129/85 130/133/89 131/134/90 127/130/86 
f 130/133/89 132/135/91 133/136/92 131/134/90 
f 134/137/93 135/138/94 131/134/90 133/136/92 
f 135/138/94 128/131/87 127/130/86 131/134/90 
f 132/135/91 136/139/95 137/140/96 133/136/92 
f 136/139/95 138/141/97 139/142/98 137/140/96 
f 140/143/99 141/144/100 137/140/96 139/142/98 
f 141/144/100 134/137/93 133/136/92 137/140/96 
f 138/141/97 142/145/101 143/146/102 139/142/98 
f 142/145/101 144/147/103 145/148/104 143/146/102 
f 146/149/105 147/150/106 143/146/102 145/148/104 
f 147/150/106 140/143/99 139/142/98 143/146/102 
f 144/147/103 148/151/107 149/152/108 145/148/104 
f 148/151/107 150/153/109 151/154/110 149/152/108 
f 152/155/111 153/156/112 149/152/108 151/154/110 
f 153/156/112 146/149/105 145/148/104 149/152/108 
f 150/153/109 154/157/113 155/158/114 151/154/110 
f 154/157/113 156/159/115 157/160/116 155/158/114 
f 158/161/117 159/162/118 155/158/114 157/160/116 
f 159/162/118 152/155/111 151/154/110 155/158/114 
f 156/159/115 160/163/119 161/164/120 157/160/116 
f 160/163/119 162/165/121 163/166/122 161/164/120 
f 161/164/120 163/166/122 164/167/123 165/168/124 
f 165/168/124 158/161/117 157/160/116 161/164/120 
f 51/51/10 50/50/9 166/169/125 167/170/10 
f 50/50/9 49/49/8 168/171/126 166/169/125 
f 169/172/8 170/173/9 166/169/125 168/171/126 
f 170/173/9 171/174/127 167/170/10 166/169/125 
f 49/49/8 57/57/16 172/175/128 168/171/126 
f 57/57/16 56/56/15 173/176/129 172/175/128 
f 174/177/15 175/178/16 172/175/128 173/176/129 
f 175/178/16 169/172/8 168/171/126 172/175/128 
f 56/56/15 63/63/22 176/179/130 173/176/129 
f 63/63/22 62/62/21 177/180/131 176/179/130 
f 178/181/21 179/182/22 176/179/130 177/180/131 
f 179/182/22 174/177/15 173/176/129 176/179/130 
f 62/62/21 69/69/28 180/183/132 177/180/131 
f 69/69/28 68/68/27 181/184/133 180/183/132 
f 182/185/27 183/186/28 180/183/132 181/184/133 
f 183/186/28 178/181/21 177/180/131 180/183/132 
f 68/68/27 75/75/34 184/187/134 181/184/133 
f 75/75/34 74/74/33 185/188/33 184/187/134 
f 186/189/33 187/190/34 184/187/134 185/188/33 
f 187/190/34 182/185/27 181/184/133 184/187/134 
f 74/74/33 81/81/40 188/191/135 185/188/33 
f 81/81/40 80/80/39 189/192/136 188/191/135 
f 190/193/39 191/194/40 188/191/135 189/192/136 
f 191/194/40 186/189/33 185/188/33 188/191/135 
f 80/80/39 87/87/46 192/195/137 189/192/136 
f 87/87/46 86/86/45 193/196/138 192/195/137 
f 194/197/45 195/198/46 192/195/137 193/196/138 
f 195/198/46 190/193/39 189/192/136 192/195/137 
f 86/86/45 93/93/52 196/199/139 193/196/138 
f 93/93/52 92/92/51 197/200/140 196/199/139 
f 198/201/51 199/202/52 196/199/139 197/200/140 
f 199/202/52 194/197/45 193/196/138 196/199/139 
f 92/92/51 99/99/58 200/203/141 197/200/140 
f 99/99/58 98/98/57 201/204/57 200/203/141 
f 202/205/142 203/206/58 200/203/141 201/204/57 
f 203/206/58 198/201/51 197/200/140 200/203/141 
f 98/108/57 105/107/64 204/207/143 201/208/57 
f 105/107/64 104/106/63 205/209/144 204/207/143 
f 206/210/63 207/211/64 204/207/143 205/209/144 
f 207/211/64 202/212/142 201/208/57 204/207/143 
f 104/106/63 111/114/70 208/213/70 205/209/144 
f 111/114/70 110/113/69 209/214/145 208/213/70 
f 210/215/69 211/216/70 208/213/70 209/214/145 
f 211/216/70 206/210/63 205/209/144 208/213/70 
f 110/113/69 117/120/76 212/217/146 209/214/145 
f 117/120/76 116/119/75 213/218/147 212/217/146 
f 214/219/75 215/220/76 212/217/146 213/218/147 
f 215/220/76 210/215/69 209/214/145 212/217/146 
f 116/119/75 123/126/82 216/221/148 213/218/147 
f 123/126/82 122/125/81 217/222/149 216/221/148 
f 218/223/81 219/224/82 216/221/148 217/222/149 
f 219/224/82 214/219/75 213/218/147 216/221/148 
f 122/125/81 129/132/88 220/225/150 217/222/149 
f 129/132/88 128/131/87 221/226/87 220/225/150 
f 222/227/87 223/228/88 220/225/150 221/226/87 
f 223/228/88 218/223/81 217/222/149 220/225/150 
f 128/131/87 135/138/94 224/229/151 221/226/87 
f 135/138/94 134/137/93 225/230/152 224/229/151 
f 226/231/93 227/232/94 224/229/151 225/230/152 
f 227/232/94 222/227/87 221/226/87 224/229/151 
f 134/137/93 141/144/100 228/233/153 225/230/152 
f 141/144/100 140/143/99 229/234/154 228/233/153 
f 230/235/99 231/236/100 228/233/153 229/234/154 
f 231/236/100 226/231/93 225/230/152 228/233/153 
f 140/143/99 147/150/106 232/237/155 229/234/154 
f 147/150/106 146/149/105 233/238/156 232/237/155 
f 234/239/105 235/240/106 232/237/155 233/238/156 
f 235/240/106 230/235/99 229/234/154 232/237/155 
f 146/149/105 153/156/112 236/241/157 233/238/156 
f 153/156/112 152/155/111 237/242/158 236/241/157 
f 238/243/111 239/244/112 236/241/157 237/242/158 
f 239/244/112 234/239/105 233/238/156 236/241/157 
f 152/155/111 159/162/118 240/245/159 237/242/158 
f 159/162/118 158/161/117 241/246/160 240/245/159 
f 242/247/117 243/248/159 240/245/159 241/246/160 
f 243/248/159 238/243/111 237/242/158 240/245/159 
f 158/161/117 165/168/124 244/249/161 241/246/160 
f 165/168/124 164/167/123 245/250/162 244/249/161 
f 244/249/161 245/250/162 246/251/163 247/252/124 
f 247/252/124 242/247/117 241/246/160 244/249/161 
f 171/174/127 170/173/9 248/253/125 249/254/127 
f 170/173/9 169/172/8 250/255/126 248/253/125 
f 251/256/8 252/257/9 248/253/125 250/255/126 
f 252/257/9 253/258/10 249/254/127 248/253/125 
f 169/172/8 175/178/16 254/259/128 250/255/126 
f 175/178/16 174/177/15 255/260/129 254/259/128 
f 256/261/15 257/262/16 254/259/128 255/260/129 
f 257/262/16 251/256/8 250/255/126 254/259/128 
f 174/177/15 179/182/22 258/263/130 255/260/129 
f 179/182/22 178/181/21 259/264/131 258/263/130 
f 260/265/21 261/266/22 258/263/130 259/264/131 
f 261/266/22 256/261/15 255/260/129 258/263/130 
f 178/181/21 183/186/28 262/267/132 259/264/131 
f 183/186/28 182/185/27 263/268/133 262/267/132 
f 264/269/27 265/270/28 262/267/132 263/268/133 
f 265/270/28 260/265/21 259/264/131 262/267/132 
f 182/185/27 187/190/34 266/271/134 263/268/133 
f 187/190/34 186/189/33 267/272/164 266/271/134 
f 268/273/164 269/274/34 266/271/134 267/272/164 
f 269/274/34 264/269/27 263/268/133 266/271/134 
f 186/189/33 191/194/40 270/275/135 267/272/164 
f 191/194/40 190/193/39 271/276/136 270/275/135 
f 272/277/39 273/278/40 270/275/135 271/276/136 
f 273/278/40 268/273/164 267/272/164 270/275/135 
f 190/193/39 195/198/46 274/279/137 271/276/136 
f 195/198/46 194/197/45 275/280/138 274/279/137 
f 276/281/45 277/282/46 274/279/137 275/280/138 
f 277/282/46 272/277/39 271/276/136 274/279/137 
f 194/197/45 199/202/52 278/283/139 275/280/138 
f 199/202/52 198/201/51 279/284/51 278/283/139 
f 280/285/140 281/286/52 278/283/139 279/284/51 
f 281/286/52 276/281/45 275/280/138 278/283/139 
f 198/201/51 203/206/58 282/287/141 279/284/51 
f 203/206/58 202/205/142 283/288/57 282/287/141 
f 284/289/142 285/290/58 282/287/141 283/288/57 
f 285/290/58 280/285/140 279/284/51 282/287/141 
f 202/212/142 207/211/64 286/291/143 283/292/57 
f 207/211/64 206/210/63 287/293/144 286/291/143 
f 288/294/144 289/295/64 286/291/143 287/293/144 
f 289/295/64 284/296/142 283/292/57 286/291/143 
f 206/210/63 211/216/70 290/297/165 287/293/144 
f 211/216/70 210/215/69 291/298/145 290/297/165 
f 292/299/69 293/300/70 290/297/165 291/298/145 
f 293/300/70 288/294/144 287/293/144 290/297/165 
f 210/215/69 215/220/76 294/301/76 291/298/145 
f 215/220/76 214/219/75 295/302/147 294/301/76 
f 296/303/75 297/304/146 294/301/76 295/302/147 
f 297/304/146 292/299/69 291/298/145 294/301/76 
f 214/219/75 219/224/82 298/305/148 295/302/147 
f 219/224/82 218/223/81 299/306/149 298/305/148 
f 300/307/81 301/308/82 298/305/148 299/306/149 
f 301/308/82 296/303/75 295/302/147 298/305/148 
f 218/223/81 223/228/88 302/309/150 299/306/149 
f 223/228/88 222/227/87 303/310/87 302/309/150 
f 304/311/87 305/312/88 302/309/150 303/310/87 
f 305/312/88 300/307/81 299/306/149 302/309/150 
f 222/227/87 227/232/94 306/313/151 303/310/87 
f 227/232/94 226/231/93 307/314/152 306/313/151 
f 308/315/93 309/316/94 306/313/151 307/314/152 
f 309/316/94 304/311/87 303/310/87 306/313/151 
f 226/231/93 231/236/100 310/317/153 307/314/152 
f 231/236/100 230/235/99 311/318/154 310/317/153 
f 312/319/99 313/320/100 310/317/153 311/318/154 
f 313/320/100 308/315/93 307/314/152 310/317/153 
f 230/235/99 235/240/106 314/321/155 311/318/154 
f 235/240/106 234/239/105 315/322/156 314/321/155 
f 316/323/105 317/324/106 314/321/155 315/322/156 
f 317/324/106 312/319/99 311/318/154 314/321/155 
f 234/239/105 239/244/112 318/325/157 315/322/156 
f 239/244/112 238/243/111 319/326/158 318/325/157 
f 320/327/111 321/328/112 318/325/157 319/326/158 
f 321/328/112 316/323/105 315/322/156 318/325/157 
f 238/243/111 243/248/159 322/329/118 319/326/158 
f 243/248/159 242/247/117 323/330/160 322/329/118 
f 324/331/117 325/332/118 322/329/118 323/330/160 
f 325/332/118 320/327/111 319/326/158 322/329/118 
f 242/247/117 247/252/124 326/333/161 323/330/160 
f 247/252/124 246/251/163 327/334/163 326/333/161 
f 326/333/161 327/334/163 328/335/163 329/336/124 
f 329/336/124 324/331/117 323/330/160 326/333/161 
f 253/258/10 252/257/9 330/337/125 331/338/10 
f 252/257/9 251/256/8 332/339/126 330/337/125 
f 333/340/8 334/341/9 330/337/125 332/339/126 
f 334/341/9 335/342/127 331/338/10 330/337/125 
f 251/256/8 257/262/16 336/343/16 332/339/126 
f 257/262/16 256/261/15 337/344/129 336/343/16 
f 338/345/129 339/346/128 336/343/16 337/344/129 
f 339/346/128 333/340/8 332/339/126 336/343/16 
f 256/261/15 261/266/22 340/347/130 337/344/129 
f 261/266/22 260/265/21 341/348/21 340/347/130 
f 342/349/131 343/350/22 340/347/130 341/348/21 
f 343/350/22 338/345/129 337/344/129 340/347/130 
f 260/265/21 265/270/28 344/351/132 341/348/21 
f 265/270/28 264/269/27 345/352/27 344/351/132 
f 346/353/133 347/354/28 344/351/132 345/352/27 
f 347/354/28 342/349/131 341/348/21 344/351/132 
f 264/269/27 269/274/34 348/355/134 345/352/27 
f 269/274/34 268/273/164 349/356/164 348/355/134 
f 350/357/33 351/358/34 348/355/134 349/356/164 
f 351/358/34 346/353/133 345/352/27 348/355/134 
f 268/273/164 273/278/40 352/359/135 349/356/164 
f 273/278/40 272/277/39 353/360/136 352/359/135 
f 354/361/136 355/362/40 352/359/135 353/360/136 
f 355/362/40 350/357/33 349/356/164 352/359/135 
f 272/277/39 277/282/46 356/363/46 353/360/136 
f 277/282/46 276/281/45 357/364/138 356/363/46 
f 358/365/45 359/366/137 356/363/46 357/364/138 
f 359/366/137 354/361/136 353/360/136 356/363/46 
f 276/281/45 281/286/52 360/367/139 357/364/138 
f 281/286/52 280/285/140 361/368/51 360/367/139 
f 362/369/140 363/370/52 360/367/139 361/368/51 
f 363/370/52 358/365/45 357/364/138 360/367/139 
f 280/285/140 285/290/58 364/371/58 361/368/51 
f 285/290/58 284/289/142 365/372/142 364/371/58 
f 366/373/57 367/374/58 364/371/58 365/372/142 
f 367/374/58 362/369/140 361/368/51 364/371/58 
f 284/296/142 289/295/64 368/375/64 365/376/142 
f 289/295/64 288/294/144 369/377/144 368/375/64 
f 370/378/63 371/379/143 368/375/64 369/377/144 
f 371/379/143 366/380/57 365/376/142 368/375/64 
f 288/294/144 293/300/70 372/381/165 369/377/144 
f 293/300/70 292/299/69 373/382/145 372/381/165 
f 374/383/69 375/384/70 372/381/165 373/382/145 
f 375/384/70 370/378/63 369/377/144 372/381/165 
f 292/299/69 297/304/146 376/385/76 373/382/145 
f 297/304/146 296/303/75 377/386/147 376/385/76 
f 378/387/75 379/388/146 376/385/76 377/386/147 
f 379/388/146 374/383/69 373/382/145 376/385/76 
f 296/303/75 301/308/82 380/389/148 377/386/147 
f 301/308/82 300/307/81 381/390/149 380/389/148 
f 382/391/81 383/392/82 380/389/148 381/390/149 
f 383/392/82 378/387/75 377/386/147 380/389/148 
f 300/307/81 305/312/88 384/393/150 381/390/149 
f 305/312/88 304/311/87 385/394/87 384/393/150 
f 386/395/87 387/396/88 384/393/150 385/394/87 
f 387/396/88 382/391/81 381/390/149 384/393/150 
f 304/311/87 309/316/94 388/397/151 385/394/87 
f 309/316/94 308/315/93 389/398/152 388/397/151 
f 390/399/93 391/400/94 388/397/151 389/398/152 
f 391/400/94 386/395/87 385/394/87 388/397/151 
f 308/315/93 313/320/100 392/401/153 389/398/152 
f 313/320/100 312/319/99 393/402/154 392/401/153 
f 394/403/99 395/404/100 392/401/153 393/402/154 
f 395/404/100 390/399/93 389/398/152 392/401/153 
f 312/319/99 317/324/106 396/405/155 393/402/154 
f 317/324/106 316/323/105 397/406/105 396/405/155 
f 398/407/156 399/408/106 396/405/155 397/406/105 
f 399/408/106 394/403/99 393/402/154 396/405/155 
f 316/323/105 321/328/112 400/409/157 397/406/105 
f 321/328/112 320/327/111 401/410/158 400/409/157 
f 402/411/111 403/412/112 400/409/157 401/410/158 
f 403/412/112 398/407/156 397/406/105 400/409/157 
f 320/327/111 325/332/118 404/413/159 401/410/158 
f 325/332/118 324/331/117 405/414/160 404/413/159 
f 406/415/160 407/416/118 404/413/159 405/414/160 
f 407/416/118 402/411/111 401/410/158 404/413/159 
f 324/331/117 329/336/124 408/417/161 405/414/160 
f 329/336/124 328/335/163 409/418/162 408/417/161 
f 408/417/161 409/418/162 410/419/162 411/420/124 
f 411/420/124 406/415/160 405/414/160 408/417/161 
f 335/342/127 334/341/9 412/421/125 413/422/10 
f 334/341/9 333/340/8 414/423/126 412/421/125 
f 415/424/126 416/425/9 412/421/125 414/423/126 
f 416/425/9 417/426/10 413/422/10 412/421/125 
f 333/340/8 339/346/128 418/427/128 414/423/126 
f 339/346/128 338/345/129 419/428/15 418/427/128 
f 420/429/15 421/430/128 418/427/128 419/428/15 
f 421/430/128 415/424/126 414/423/126 418/427/128 
f 338/345/129 343/350/22 422/431/130 419/428/15 
f 343/350/22 342/349/131 423/432/21 422/431/130 
f 424/433/21 425/434/130 422/431/130 423/432/21 
f 425/434/130 420/429/15 419/428/15 422/431/130 
f 342/349/131 347/354/28 426/435/132 423/432/21 
f 347/354/28 346/353/133 427/436/27 426/435/132 
f 428/437/27 429/438/28 426/435/132 427/436/27 
f 429/438/28 424/433/21 423/432/21 426/435/132 
f 346/353/133 351/358/34 430/439/134 427/436/27 
f 351/358/34 350/357/33 431/440/164 430/439/134 
f 432/441/164 433/442/134 430/439/134 431/440/164 
f 433/442/134 428/437/27 427/436/27 430/439/134 
f 350/357/33 355/362/40 434/443/135 431/440/164 
f 355/362/40 354/361/136 435/444/39 434/443/135 
f 436/445/39 437/446/40 434/443/135 435/444/39 
f 437/446/40 432/441/164 431/440/164 434/443/135 
f 354/361/136 359/366/137 438/447/166 435/444/39 
f 359/366/137 358/365/45 439/448/167 438/447/166 
f 440/449/168 441/450/169 438/447/166 439/448/167 
f 441/450/169 436/445/39 435/444/39 438/447/166 
f 358/365/45 363/370/52 442/451/170 439/448/167 
f 363/370/52 362/369/140 443/452/171 442/451/170 
f 444/453/172 445/454/173 442/451/170 443/452/171 
f 445/454/173 440/449/168 439/448/167 442/451/170 
f 362/369/140 367/374/58 446/455/58 443/452/171 
f 367/374/58 366/373/57 447/456/142 446/455/58 
f 448/457/142 449/458/174 446/455/58 447/456/142 
f 449/458/174 444/453/172 443/452/171 446/455/58 
f 366/380/57 371/379/143 450/459/143 447/460/142 
f 371/379/143 370/378/63 451/461/63 450/459/143 
f 452/462/144 453/463/64 450/459/143 451/461/63 
f 453/463/64 448/464/142 447/460/142 450/459/143 
f 370/378/63 375/384/70 454/465/165 451/461/63 
f 375/384/70 374/383/69 455/466/145 454/465/165 
f 456/467/145 457/468/70 454/465/165 455/466/145 
f 457/468/70 452/462/144 451/461/63 454/465/165 
f 374/383/69 379/388/146 458/469/175 455/466/145 
f 379/388/146 378/387/75 459/470/176 458/469/175 
f 460/471/177 461/472/178 458/469/175 459/470/176 
f 461/472/178 456/467/145 455/466/145 458/469/175 
f 378/387/75 383/392/82 462/473/179 459/470/176 
f 383/392/82 382/391/81 463/474/180 462/473/179 
f 464/475/181 465/476/182 462/473/179 463/474/180 
f 465/476/182 460/471/177 459/470/176 462/473/179 
f 382/391/81 387/396/88 466/477/150 463/474/180 
f 387/396/88 386/395/87 467/478/87 466/477/150 
f 468/479/87 469/480/183 466/477/150 467/478/87 
f 469/480/183 464/475/181 463/474/180 466/477/150 
f 386/395/87 391/400/94 470/481/151 467/478/87 
f 391/400/94 390/399/93 471/482/152 470/481/151 
f 472/483/93 473/484/94 470/481/151 471/482/152 
f 473/484/94 468/479/87 467/478/87 470/481/151 
f 390/399/93 395/404/100 474/485/153 471/482/152 
f 395/404/100 394/403/99 475/486/154 474/485/153 
f 476/487/154 477/488/100 474/485/153 475/486/154 
f 477/488/100 472/483/93 471/482/152 474/485/153 
f 394/403/99 399/408/106 478/489/155 475/486/154 
f 399/408/106 398/407/156 479/490/105 478/489/155 
f 480/491/105 481/492/155 478/489/155 479/490/105 
f 481/492/155 476/487/154 475/486/154 478/489/155 
f 398/407/156 403/412/112 482/493/157 479/490/105 
f 403/412/112 402/411/111 483/494/158 482/493/157 
f 484/495/158 485/496/157 482/493/157 483/494/158 
f 485/496/157 480/491/105 479/490/105 482/493/157 
f 402/411/111 407/416/118 486/497/159 483/494/158 
f 407/416/118 406/415/160 487/498/117 486/497/159 
f 488/499/117 489/500/159 486/497/159 487/498/117 
f 489/500/159 484/495/158 483/494/158 486/497/159 
f 406/415/160 411/420/124 490/501/161 487/498/117 
f 411/420/124 410/502/162 491/503/162 490/501/161 
f 490/501/161 491/503/162 492/504/162 493/505/124 
f 493/505/124 488/499/117 487/498/117 490/501/161 
f 494/506/184 495/507/184 496/508/184 497/509/185 
f 495/507/184 498/510/184 499/511/185 496/508/184 
f 500/512/186 501/513/186 496/508/184 499/511/185 
f 501/513/186 502/514/186 503/515/185 496/508/184 
f 504/516/186 505/517/186 496/508/184 503/515/185 
f 505/517/186 506/518/186 507/519/185 496/508/184 
f 508/520/186 509/521/186 496/508/184 507/519/185 
f 509/521/186 510/522/186 511/523/184 496/508/184 
f 512/524/186 513/525/186 496/508/184 511/523/184 
f 513/525/186 514/526/186 515/527/184 496/508/184 
f 516/528/186 517/529/186 496/508/184 515/527/184 
f 517/529/186 518/530/186 519/531/184 496/508/184 
f 520/532/187 521/533/187 496/508/184 519/531/184 
f 521/533/187 522/534/187 523/535/184 496/508/184 
f 524/536/187 525/537/187 496/508/184 523/535/184 
f 525/537/187 526/538/187 527/539/184 496/508/184 
f 528/540/187 529/541/187 496/508/184 527/539/184 
f 529/541/187 530/542/187 531/543/186 496/508/184 
f 532/544/187 533/545/187 496/508/184 531/543/186 
f 533/545/187 534/546/184 496/508/184 
f 535/547/184 536/547/184 537/548/184 538/548/184 
f 536/547/184 539/547/184 540/548/184 537/548/184 
f 541/549/184 542/549/184 537/548/184 540/548/184 
f 542/549/184 543/549/184 538/548/184 537/548/184 
f 544/550/184 545/550/184 546/551/184 547/551/184 
f 545/550/184 548/550/184 549/551/184 546/551/184 
f 539/547/184 536/547/184 546/551/184 549/551/184 
f 536/547/184 535/547/184 547/551/184 546/551/184 
f 550/552/184 551/552/184 552/553/184 553/553/184 
f 551/552/184 554/552/184 555/553/184 552/553/184 
f 548/550/184 545/550/184 552/553/184 555/553/184 
f 545/550/184 544/550/184 553/553/184 552/553/184 
f 556/554/184 557/554/184 558/555/184 559/555/184 
f 557/554/184 560/554/184 561/555/184 558/555/184 
f 554/552/184 551/552/184 558/555/184 561/555/184 
f 551/552/184 550/552/184 559/555/184 558/555/184 
f 562/556/184 563/556/184 564/557/184 565/557/184 
f 563/556/184 566/556/184 567/557/184 564/557/184 
f 560/554/184 557/554/184 564/557/184 567/557/184 
f 557/554/184 556/554/184 565/557/184 564/557/184 
f 568/558/184 569/558/184 570/559/184 571/559/184 
f 569/558/184 572/558/184 573/559/184 570/559/184 
f 566/556/184 563/556/184 570/559/184 573/559/184 
f 563/556/184 562/556/184 571/559/184 570/559/184 
f 574/560/184 575/560/184 576/561/184 577/561/184 
f 575/560/184 578/560/184 579/561/184 576/561/184 
f 572/558/184 569/558/184 576/561/184 579/561/184 
f 569/558/184 568/558/184 577/561/184 576/561/184 
f 580/562/188 581/562/189 582/563/190 583/563/191 
f 581/562/189 584/562/192 585/563/193 582/563/190 
f 586/564/184 587/564/184 582/563/190 585/563/193 
f 587/564/184 588/564/184 583/563/191 582/563/190 
f 589/565/194 590/565/195 591/566/196 592/566/197 
f 590/565/195 593/565/198 594/566/199 591/566/196 
f 584/562/192 581/562/189 591/566/196 594/566/199 
f 581/562/189 580/562/188 592/566/197 591/566/196 
f 595/567/200 596/567/201 597/568/202 598/568/203 
f 596/567/201 599/567/204 600/568/205 597/568/202 
f 593/565/198 590/565/195 597/568/202 600/568/205 
f 590/565/195 589/565/194 598/568/203 597/568/202 
f 601/569/206 602/569/207 603/570/208 604/570/209 
f 602/569/207 605/569/210 606/570/211 603/570/208 
f 599/567/204 596/567/201 603/570/208 606/570/211 
f 596/567/201 595/567/200 604/570/209 603/570/208 
f 607/571/212 608/571/213 609/572/214 610/572/215 
f 608/571/213 611/571/216 612/572/217 609/572/214 
f 605/569/210 602/569/207 609/572/214 612/572/217 
f 602/569/207 601/569/206 610/572/215 609/572/214 
f 613/573/184 614/573/184 615/574/184 616/574/184 
f 614/573/184 617/573/184 618/574/184 615/574/184 
f 619/575/184 620/575/184 615/574/184 618/574/184 
f 620/575/184 621/575/184 616/574/184 615/574/184 
f 622/576/184 623/576/184 624/577/184 625/577/184 
f 623/576/184 626/576/184 627/577/184 624/577/184 
f 617/573/184 614/573/184 624/577/184 627/577/184 
f 614/573/184 613/573/184 625/577/184 624/577/184 
f 628/578/184 629/578/184 630/579/184 631/579/184 
f 629/578/184 632/578/184 633/579/184 630/579/184 
f 626/576/184 623/576/184 630/579/184 633/579/184 
f 623/576/184 622/576/184 631/579/184 630/579/184 
f 634/580/184 635/580/184 636/581/184 637/581/184 
f 635/580/184 638/580/184 639/581/184 636/581/184 
f 632/578/184 629/578/184 636/581/184 639/581/184 
f 629/578/184 628/578/184 637/581/184 636/581/184 
f 640/582/184 641/582/184 642/583/184 643/583/184 
f 641/582/184 644/582/184 645/583/184 642/583/184 
f 638/580/184 635/580/184 642/583/184 645/583/184 
f 635/580/184 634/580/184 643/583/184 642/583/184 
f 646/584/184 647/584/184 648/585/184 649/585/184 
f 647/584/184 650/584/184 651/585/184 648/585/184 
f 644/582/184 641/582/184 648/585/184 651/585/184 
f 641/582/184 640/582/184 649/585/184 648/585/184 
f 652/586/184 653/586/184 654/587/184 655/587/184 
f 653/586/184 656/586/184 657/587/184 654/587/184 
f 650/584/184 647/584/184 654/587/184 657/587/184 
f 647/584/184 646/584/184 655/587/184 654/587/184 
f 658/588/184 659/588/184 660/589/184 661/589/184 
f 659/588/184 662/588/184 663/589/184 660/589/184 
f 656/586/184 653/586/184 660/589/184 663/589/184 
f 653/586/184 652/586/184 661/589/184 660/589/184 
f 664/549/218 665/548/219 666/548/220 667/549/221 
f 665/548/219 668/547/222 669/547/223 666/548/220 
f 670/547/224 671/548/225 666/548/220 669/547/223 
f 671/548/225 672/549/123 667/549/221 666/548/220 
f 668/547/222 673/551/226 674/551/227 669/547/223 
f 673/551/226 675/550/228 676/550/229 674/551/227 
f 677/550/230 678/551/231 674/551/227 676/550/229 
f 678/551/231 670/547/224 669/547/223 674/551/227 
f 675/550/228 679/553/232 680/553/233 676/550/229 
f 679/553/232 681/552/234 682/552/235 680/553/233 
f 683/552/236 684/553/237 680/553/233 682/552/235 
f 684/553/237 677/550/230 676/550/229 680/553/233 
f 681/552/234 685/555/238 686/555/239 682/552/235 
f 685/555/238 687/554/240 688/554/241 686/555/239 
f 689/554/242 690/555/243 686/555/239 688/554/241 
f 690/555/243 683/552/236 682/552/235 686/555/239 
f 687/554/240 691/557/244 692/557/245 688/554/241 
f 691/557/244 693/556/246 694/556/247 692/557/245 
f 695/556/248 696/557/249 692/557/245 694/556/247 
f 696/557/249 689/554/242 688/554/241 692/557/245 
f 693/556/246 697/559/250 698/559/251 694/556/247 
f 697/559/250 699/558/252 700/558/253 698/559/251 
f 701/558/254 702/559/255 698/559/251 700/558/253 
f 702/559/255 695/556/248 694/556/247 698/559/251 
f 699/558/252 703/561/256 704/561/257 700/558/253 
f 703/561/256 705/590/258 706/591/259 704/561/257 
f 707/592/260 708/561/261 704/561/257 706/591/259 
f 708/561/261 701/558/254 700/558/253 704/561/257 
f 705/590/258 709/593/262 710/594/263 706/591/259 
f 709/593/262 711/595/264 712/596/265 710/594/263 
f 713/597/266 714/598/267 710/594/263 712/596/265 
f 714/598/267 715/599/268 716/600/269 710/594/263 
f 707/592/260 706/591/259 710/594/263 716/600/269 
f 713/597/266 717/566/270 718/566/271 714/598/267 
f 717/566/270 719/565/272 720/565/273 718/566/271 
f 721/565/274 722/566/275 718/566/271 720/565/273 
f 722/566/275 715/599/268 714/598/267 718/566/271 
f 719/565/272 723/568/276 724/568/277 720/565/273 
f 723/568/276 725/567/278 726/567/279 724/568/277 
f 727/567/280 728/568/281 724/568/277 726/567/279 
f 728/568/281 721/565/274 720/565/273 724/568/277 
f 725/567/278 729/570/282 730/570/283 726/567/279 
f 729/570/282 731/569/284 732/569/285 730/570/283 
f 733/569/286 734/570/287 730/570/283 732/569/285 
f 734/570/287 727/567/280 726/567/279 730/570/283 
f 731/569/284 735/572/288 736/572/289 732/569/285 
f 735/572/288 737/601/290 738/602/291 736/572/289 
f 739/603/292 740/572/293 736/572/289 738/602/291 
f 740/572/293 733/569/286 732/569/285 736/572/289 
f 737/601/290 741/604/294 742/605/295 738/602/291 
f 741/604/294 743/606/296 744/607/297 742/605/295 
f 745/608/298 746/609/299 742/605/295 744/607/297 
f 746/609/299 747/610/300 748/611/301 742/605/295 
f 739/603/292 738/602/291 742/605/295 748/611/301 
f 745/608/298 749/577/302 750/577/303 746/609/299 
f 749/577/302 751/576/304 752/576/305 750/577/303 
f 753/576/306 754/577/307 750/577/303 752/576/305 
f 754/577/307 747/610/300 746/609/299 750/577/303 
f 751/576/304 755/579/308 756/579/309 752/576/305 
f 755/579/308 757/578/310 758/578/311 756/579/309 
f 759/578/312 760/579/313 756/579/309 758/578/311 
f 760/579/313 753/576/306 752/576/305 756/579/309 
f 757/578/310 761/581/314 762/581/315 758/578/311 
f 761/581/314 763/580/316 764/580/317 762/581/315 
f 765/580/318 766/581/319 762/581/315 764/580/317 
f 766/581/319 759/578/312 758/578/311 762/581/315 
f 763/580/316 767/583/320 768/583/321 764/580/317 
f 767/583/320 769/582/322 770/582/323 768/583/321 
f 771/582/324 772/583/325 768/583/321 770/582/323 
f 772/583/325 765/580/318 764/580/317 768/583/321 
f 769/582/322 773/585/326 774/585/327 770/582/323 
f 773/585/326 775/584/328 776/584/329 774/585/327 
f 777/584/330 778/585/331 774/585/327 776/584/329 
f 778/585/331 771/582/324 770/582/323 774/585/327 
f 775/584/328 779/587/332 780/587/333 776/584/329 
f 779/587/332 781/586/334 782/586/335 780/587/333 
f 783/586/336 784/587/337 780/587/333 782/586/335 
f 784/587/337 777/584/330 776/584/329 780/587/333 
f 781/586/334 785/589/338 786/589/339 782/586/335 
f 785/589/338 787/588/340 788/588/341 786/589/339 
f 786/589/339 788/588/341 789/588/342 790/589/343 
f 790/589/343 783/586/336 782/586/335 786/589/339 
f 670/547/224 791/547/224 792/548/225 671/548/225 
f 791/547/224 793/547/344 794/548/345 792/548/225 
f 795/549/162 796/549/162 792/548/225 794/548/345 
f 796/549/162 672/549/123 671/548/225 792/548/225 
f 677/550/230 797/550/230 798/551/231 678/551/231 
f 797/550/230 799/550/346 800/551/347 798/551/231 
f 793/547/344 791/547/224 798/551/231 800/551/347 
f 791/547/224 670/547/224 678/551/231 798/551/231 
f 683/552/236 801/552/348 802/553/349 684/553/237 
f 801/552/348 803/552/236 804/553/237 802/553/349 
f 799/550/346 797/550/230 802/553/349 804/553/237 
f 797/550/230 677/550/230 684/553/237 802/553/349 
f 689/554/242 805/554/242 806/555/243 690/555/243 
f 805/554/242 807/554/350 808/555/351 806/555/243 
f 803/552/236 801/552/348 806/555/243 808/555/351 
f 801/552/348 683/552/236 690/555/243 806/555/243 
f 695/556/248 809/556/352 810/557/353 696/557/249 
f 809/556/352 811/556/248 812/557/353 810/557/353 
f 807/554/350 805/554/242 810/557/353 812/557/353 
f 805/554/242 689/554/242 696/557/249 810/557/353 
f 701/558/254 813/558/354 814/559/255 702/559/255 
f 813/558/354 815/558/254 816/559/255 814/559/255 
f 811/556/248 809/556/352 814/559/255 816/559/255 
f 809/556/352 695/556/248 702/559/255 814/559/255 
f 707/592/260 817/612/355 818/561/356 708/561/261 
f 817/612/355 819/612/357 820/561/358 818/561/356 
f 815/558/254 813/558/354 818/561/356 820/561/358 
f 813/558/354 701/558/254 708/561/261 818/561/356 
f 715/599/268 821/613/359 822/614/360 716/600/269 
f 821/613/359 823/613/361 824/614/362 822/614/360 
f 819/612/357 817/612/355 822/614/360 824/614/362 
f 817/612/355 707/592/260 716/600/269 822/614/360 
f 721/565/274 825/565/274 826/566/363 722/566/275 
f 825/565/274 827/565/274 828/566/363 826/566/363 
f 823/613/361 821/613/359 826/566/363 828/566/363 
f 821/613/359 715/599/268 722/566/275 826/566/363 
f 727/567/280 829/567/364 830/568/365 728/568/281 
f 829/567/364 831/567/366 832/568/281 830/568/365 
f 827/565/274 825/565/274 830/568/365 832/568/281 
f 825/565/274 721/565/274 728/568/281 830/568/365 
f 733/569/286 833/569/367 834/570/287 734/570/287 
f 833/569/367 835/569/286 836/570/368 834/570/287 
f 831/567/366 829/567/364 834/570/287 836/570/368 
f 829/567/364 727/567/280 734/570/287 834/570/287 
f 739/603/292 837/615/369 838/572/370 740/572/293 
f 837/615/369 839/615/371 840/572/372 838/572/370 
f 835/569/286 833/569/367 838/572/370 840/572/372 
f 833/569/367 733/569/286 740/572/293 838/572/370 
f 747/610/300 841/616/373 842/617/374 748/611/301 
f 841/616/373 843/616/375 844/617/376 842/617/374 
f 839/615/371 837/615/369 842/617/374 844/617/376 
f 837/615/369 739/603/292 748/611/301 842/617/374 
f 753/576/306 845/576/377 846/577/378 754/577/307 
f 845/576/377 847/576/377 848/577/378 846/577/378 
f 843/616/375 841/616/373 846/577/378 848/577/378 
f 841/616/373 747/610/300 754/577/307 846/577/378 
f 759/578/312 849/578/379 850/579/380 760/579/313 
f 849/578/379 851/578/312 852/579/380 850/579/380 
f 847/576/377 845/576/377 850/579/380 852/579/380 
f 845/576/377 753/576/306 760/579/313 850/579/380 
f 765/580/318 853/580/381 854/581/382 766/581/319 
f 853/580/381 855/580/318 856/581/319 854/581/382 
f 851/578/312 849/578/379 854/581/382 856/581/319 
f 849/578/379 759/578/312 766/581/319 854/581/382 
f 771/582/324 857/582/324 858/583/383 772/583/325 
f 857/582/324 859/582/384 860/583/325 858/583/383 
f 855/580/318 853/580/381 858/583/383 860/583/325 
f 853/580/381 765/580/318 772/583/325 858/583/383 
f 777/584/330 861/584/330 862/585/385 778/585/331 
f 861/584/330 863/584/386 864/585/331 862/585/385 
f 859/582/384 857/582/324 862/585/385 864/585/331 
f 857/582/324 771/582/324 778/585/331 862/585/385 
f 783/586/336 865/586/336 866/587/337 784/587/337 
f 865/586/336 867/586/387 868/587/388 866/587/337 
f 863/584/386 861/584/330 866/587/337 868/587/388 
f 861/584/330 777/584/330 784/587/337 866/587/337 
f 789/588/342 869/588/127 870/589/343 790/589/343 
f 869/588/127 871/588/10 872/589/389 870/589/343 
f 867/586/387 865/586/336 870/589/343 872/589/389 
f 865/586/336 783/586/336 790/589/343 870/589/343 
f 793/547/344 873/547/390 874/548/391 794/548/345 
f 873/547/390 875/547/392 876/548/393 874/548/391 
f 877/549/394 878/549/395 874/548/391 876/548/393 
f 878/549/395 795/549/162 794/548/345 874/548/391 
f 799/550/346 879/550/396 880/551/397 800/551/347 
f 879/550/396 881/550/398 882/551/399 880/551/397 
f 875/547/392 873/547/390 880/551/397 882/551/399 
f 873/547/390 793/547/344 800/551/347 880/551/397 
f 803/552/236 883/552/400 884/553/401 804/553/237 
f 883/552/400 885/552/402 886/553/403 884/553/401 
f 881/550/398 879/550/396 884/553/401 886/553/403 
f 879/550/396 799/550/346 804/553/237 884/553/401 
f 807/554/350 887/554/404 888/555/405 808/555/351 
f 887/554/404 889/554/406 890/555/407 888/555/405 
f 885/552/402 883/552/400 888/555/405 890/555/407 
f 883/552/400 803/552/236 808/555/351 888/555/405 
f 811/556/248 891/556/408 892/557/409 812/557/353 
f 891/556/408 893/556/410 894/557/411 892/557/409 
f 889/554/406 887/554/404 892/557/409 894/557/411 
f 887/554/404 807/554/350 812/557/353 892/557/409 
f 815/558/254 895/558/412 896/559/413 816/559/255 
f 895/558/412 897/558/414 898/559/415 896/559/413 
f 893/556/410 891/556/408 896/559/413 898/559/415 
f 891/556/408 811/556/248 816/559/255 896/559/413 
f 819/612/357 899/612/416 900/561/417 820/561/358 
f 899/612/416 901/612/418 902/561/419 900/561/417 
f 897/558/414 895/558/412 900/561/417 902/561/419 
f 895/558/412 815/558/254 820/561/358 900/561/417 
f 823/613/361 903/613/420 904/614/421 824/614/362 
f 903/613/420 905/613/422 906/614/423 904/614/421 
f 901/612/418 899/612/416 904/614/421 906/614/423 
f 899/612/416 819/612/357 824/614/362 904/614/421 
f 827/565/274 907/565/424 908/566/425 828/566/363 
f 907/565/424 909/565/426 910/566/427 908/566/425 
f 905/613/422 903/613/420 908/566/425 910/566/427 
f 903/613/420 823/613/361 828/566/363 908/566/425 
f 831/567/366 911/567/428 912/568/429 832/568/281 
f 911/567/428 913/567/430 914/568/431 912/568/429 
f 909/565/426 907/565/424 912/568/429 914/568/431 
f 907/565/424 827/565/274 832/568/281 912/568/429 
f 835/569/286 915/569/432 916/570/433 836/570/368 
f 915/569/432 917/569/434 918/570/435 916/570/433 
f 913/567/430 911/567/428 916/570/433 918/570/435 
f 911/567/428 831/567/366 836/570/368 916/570/433 
f 839/615/371 919/615/436 920/572/437 840/572/372 
f 919/615/436 921/615/438 922/572/439 920/572/437 
f 917/569/434 915/569/432 920/572/437 922/572/439 
f 915/569/432 835/569/286 840/572/372 920/572/437 
f 843/616/375 923/616/440 924/617/441 844/617/376 
f 923/616/440 925/616/442 926/617/443 924/617/441 
f 921/615/438 919/615/436 924/617/441 926/617/443 
f 919/615/436 839/615/371 844/617/376 924/617/441 
f 847/576/377 927/576/444 928/577/445 848/577/378 
f 927/576/444 929/576/446 930/577/447 928/577/445 
f 925/616/442 923/616/440 928/577/445 930/577/447 
f 923/616/440 843/616/375 848/577/378 928/577/445 
f 851/578/312 931/578/448 932/579/449 852/579/380 
f 931/578/448 933/578/450 934/579/451 932/579/449 
f 929/576/446 927/576/444 932/579/449 934/579/451 
f 927/576/444 847/576/377 852/579/380 932/579/449 
f 855/580/318 935/580/452 936/581/453 856/581/319 
f 935/580/452 937/580/454 938/581/455 936/581/453 
f 933/578/450 931/578/448 936/581/453 938/581/455 
f 931/578/448 851/578/312 856/581/319 936/581/453 
f 859/582/384 939/582/456 940/583/457 860/583/325 
f 939/582/456 941/582/458 942/583/459 940/583/457 
f 937/580/454 935/580/452 940/583/457 942/583/459 
f 935/580/452 855/580/318 860/583/325 940/583/457 
f 863/584/386 943/584/460 944/585/461 864/585/331 
f 943/584/460 945/584/462 946/585/463 944/585/461 
f 941/582/458 939/582/456 944/585/461 946/585/463 
f 939/582/456 859/582/384 864/585/331 944/585/461 
f 867/586/387 947/586/464 948/587/465 868/587/388 
f 947/586/464 949/586/466 950/587/467 948/587/465 
f 945/584/462 943/584/460 948/587/465 950/587/467 
f 943/584/460 863/584/386 868/587/388 948/587/465 
f 871/588/10 951/588/468 952/589/469 872/589/389 
f 951/588/468 953/588/470 954/589/471 952/589/469 
f 949/586/466 947/586/464 952/589/469 954/589/471 
f 947/586/464 867/586/387 872/589/389 952/589/469 
f 877/549/394 876/548/393 955/548/472 956/549/473 
f 876/548/393 875/547/392 957/547/474 955/548/472 
f 958/547/184 959/548/185 955/548/472 957/547/474 
f 959/548/185 960/549/185 956/549/473 955/548/472 
f 875/547/392 882/551/399 961/551/475 957/547/474 
f 882/551/399 881/550/398 962/550/476 961/551/475 
f 963/550/184 964/551/185 961/551/475 962/550/476 
f 964/551/185 958/547/184 957/547/474 961/551/475 
f 881/550/398 886/553/403 965/553/477 962/550/476 
f 886/553/403 885/552/402 966/552/478 965/553/477 
f 967/552/184 968/553/185 965/553/477 966/552/478 
f 968/553/185 963/550/184 962/550/476 965/553/477 
f 885/552/402 890/555/407 969/555/479 966/552/478 
f 890/555/407 889/554/406 970/554/480 969/555/479 
f 971/554/184 972/555/185 969/555/479 970/554/480 
f 972/555/185 967/552/184 966/552/478 969/555/479 
f 889/554/406 894/557/411 973/557/481 970/554/480 
f 894/557/411 893/556/410 974/556/482 973/557/481 
f 975/556/184 976/557/185 973/557/481 974/556/482 
f 976/557/185 971/554/184 970/554/480 973/557/481 
f 893/556/410 898/559/415 977/559/483 974/556/482 
f 898/559/415 897/558/414 978/558/484 977/559/483 
f 979/558/184 980/559/184 977/559/483 978/558/484 
f 980/559/184 975/556/184 974/556/482 977/559/483 
f 897/558/414 902/561/419 981/561/485 978/558/484 
f 902/561/419 901/612/418 982/612/486 981/561/485 
f 983/612/186 984/561/184 981/561/485 982/612/486 
f 984/561/184 979/558/184 978/558/484 981/561/485 
f 901/612/418 906/614/423 985/614/487 982/612/486 
f 906/614/423 905/613/422 986/613/488 985/614/487 
f 987/613/186 988/614/184 985/614/487 986/613/488 
f 988/614/184 983/612/186 982/612/486 985/614/487 
f 905/613/422 910/566/427 989/566/489 986/613/488 
f 910/566/427 909/565/426 990/565/490 989/566/489 
f 991/565/186 992/566/184 989/566/489 990/565/490 
f 992/566/184 987/613/186 986/613/488 989/566/489 
f 909/565/426 914/568/431 993/568/491 990/565/490 
f 914/568/431 913/567/430 994/567/492 993/568/491 
f 995/567/186 996/568/184 993/568/491 994/567/492 
f 996/568/184 991/565/186 990/565/490 993/568/491 
f 913/567/430 918/570/435 997/570/493 994/567/492 
f 918/570/435 917/569/434 998/569/494 997/570/493 
f 999/569/186 1000/570/184 997/570/493 998/569/494 
f 1000/570/184 995/567/186 994/567/492 997/570/493 
f 917/569/434 922/572/439 1001/572/495 998/569/494 
f 922/572/439 921/615/438 1002/615/496 1001/572/495 
f 1003/615/186 1004/572/184 1001/572/495 1002/615/496 
f 1004/572/184 999/569/186 998/569/494 1001/572/495 
f 921/615/438 926/617/443 1005/617/497 1002/615/496 
f 926/617/443 925/616/442 1006/616/498 1005/617/497 
f 1007/616/186 1008/617/184 1005/617/497 1006/616/498 
f 1008/617/184 1003/615/186 1002/615/496 1005/617/497 
f 925/616/442 930/577/447 1009/577/499 1006/616/498 
f 930/577/447 929/576/446 1010/576/500 1009/577/499 
f 1011/576/186 1012/577/184 1009/577/499 1010/576/500 
f 1012/577/184 1007/616/186 1006/616/498 1009/577/499 
f 929/576/446 934/579/451 1013/579/501 1010/576/500 
f 934/579/451 933/578/450 1014/578/502 1013/579/501 
f 1015/578/186 1016/579/184 1013/579/501 1014/578/502 
f 1016/579/184 1011/576/186 1010/576/500 1013/579/501 
f 933/578/450 938/581/455 1017/581/503 1014/578/502 
f 938/581/455 937/580/454 1018/580/504 1017/581/503 
f 1019/580/186 1020/581/186 1017/581/503 1018/580/504 
f 1020/581/186 1015/578/186 1014/578/502 1017/581/503 
f 937/580/454 942/583/459 1021/583/505 1018/580/504 
f 942/583/459 941/582/458 1022/582/506 1021/583/505 
f 1023/582/187 1024/583/186 1021/583/505 1022/582/506 
f 1024/583/186 1019/580/186 1018/580/504 1021/583/505 
f 941/582/458 946/585/463 1025/585/507 1022/582/506 
f 946/585/463 945/584/462 1026/584/508 1025/585/507 
f 1027/584/187 1028/585/186 1025/585/507 1026/584/508 
f 1028/585/186 1023/582/187 1022/582/506 1025/585/507 
f 945/584/462 950/587/467 1029/587/509 1026/584/508 
f 950/587/467 949/586/466 1030/586/510 1029/587/509 
f 1031/586/187 1032/587/186 1029/587/509 1030/586/510 
f 1032/587/186 1027/584/187 1026/584/508 1029/587/509 
f 949/586/466 954/589/471 1033/589/511 1030/586/510 
f 954/589/471 953/588/470 1034/588/512 1033/589/511 
f 1033/589/511 1034/588/512 1035/588/184 1036/589/186 
f 1036/589/186 1031/586/187 1030/586/510 1033/589/511 
f 539/547/184 1037/547/513 1038/548/514 540/548/184 
f 1037/547/513 668/547/222 665/548/219 1038/548/514 
f 664/549/218 1039/549/515 1038/548/514 665/548/219 
f 1039/549/515 541/549/184 540/548/184 1038/548/514 
f 543/549/184 1040/549/516 1041/548/517 538/548/184 
f 1040/549/516 1042/618/518 1043/619/519 1041/548/517 
f 1044/620/520 1045/547/521 1041/548/517 1043/619/519 
f 1045/547/521 535/547/184 538/548/184 1041/548/517 
f 548/550/184 1046/550/522 1047/551/523 549/551/184 
f 1046/550/522 675/550/228 673/551/226 1047/551/523 
f 668/547/222 1037/547/513 1047/551/523 673/551/226 
f 1037/547/513 539/547/184 549/551/184 1047/551/523 
f 535/547/184 1045/547/521 1048/551/524 547/551/184 
f 1045/547/521 1044/620/520 1049/621/525 1048/551/524 
f 1050/622/526 1051/550/527 1048/551/524 1049/621/525 
f 1051/550/527 544/550/184 547/551/184 1048/551/524 
f 554/552/184 1052/552/528 1053/553/529 555/553/184 
f 1052/552/528 681/552/234 679/553/232 1053/553/529 
f 675/550/228 1046/550/522 1053/553/529 679/553/232 
f 1046/550/522 548/550/184 555/553/184 1053/553/529 
f 544/550/184 1051/550/527 1054/553/530 553/553/184 
f 1051/550/527 1050/622/526 1055/623/531 1054/553/530 
f 1056/624/532 1057/552/533 1054/553/530 1055/623/531 
f 1057/552/533 550/552/184 553/553/184 1054/553/530 
f 560/554/184 1058/554/534 1059/555/535 561/555/184 
f 1058/554/534 687/554/240 685/555/238 1059/555/535 
f 681/552/234 1052/552/528 1059/555/535 685/555/238 
f 1052/552/528 554/552/184 561/555/184 1059/555/535 
f 550/552/184 1057/552/533 1060/555/536 559/555/184 
f 1057/552/533 1056/624/532 1061/625/537 1060/555/536 
f 1062/626/538 1063/554/539 1060/555/536 1061/625/537 
f 1063/554/539 556/554/184 559/555/184 1060/555/536 
f 566/556/184 1064/556/540 1065/557/541 567/557/184 
f 1064/556/540 693/556/246 691/557/244 1065/557/541 
f 687/554/240 1058/554/534 1065/557/541 691/557/244 
f 1058/554/534 560/554/184 567/557/184 1065/557/541 
f 556/554/184 1063/554/539 1066/557/542 565/557/184 
f 1063/554/539 1062/626/538 1067/627/543 1066/557/542 
f 1068/628/544 1069/556/545 1066/557/542 1067/627/543 
f 1069/556/545 562/556/184 565/557/184 1066/557/542 
f 572/558/184 1070/558/546 1071/559/547 573/559/184 
f 1070/558/546 699/558/252 697/559/250 1071/559/547 
f 693/556/246 1064/556/540 1071/559/547 697/559/250 
f 1064/556/540 566/556/184 573/559/184 1071/559/547 
f 562/556/184 1069/556/545 1072/559/548 571/559/184 
f 1069/556/545 1068/628/544 1073/629/549 1072/559/548 
f 1074/630/550 1075/558/551 1072/559/548 1073/629/549 
f 1075/558/551 568/558/184 571/559/184 1072/559/548 
f 578/560/184 1076/560/552 1077/561/553 579/561/184 
f 1076/560/552 705/590/258 703/561/256 1077/561/553 
f 699/558/252 1070/558/546 1077/561/553 703/561/256 
f 1070/558/546 572/558/184 579/561/184 1077/561/553 
f 568/558/184 1075/558/551 1078/561/554 577/561/184 
f 1075/558/551 1074/630/550 1079/631/555 1078/561/554 
f 1080/632/556 1081/560/557 1078/561/554 1079/631/555 
f 1081/560/557 574/560/184 577/561/184 1078/561/554 
f 584/562/192 1082/562/558 1083/563/559 585/563/193 
f 1082/562/558 713/597/266 712/596/265 1083/563/559 
f 711/595/264 1084/564/560 1083/563/559 712/596/265 
f 1084/564/560 586/564/184 585/563/193 1083/563/559 
f 574/560/184 1081/560/557 1085/633/561 1086/633/184 
f 1081/560/557 1080/632/556 1087/634/562 1085/633/561 
f 1088/635/563 1089/564/564 1085/633/561 1087/634/562 
f 1089/564/564 588/564/184 1086/633/184 1085/633/561 
f 593/565/198 1090/565/565 1091/566/566 594/566/199 
f 1090/565/565 719/565/272 717/566/270 1091/566/566 
f 713/597/266 1082/562/558 1091/566/566 717/566/270 
f 1082/562/558 584/562/192 594/566/199 1091/566/566 
f 580/562/188 1092/562/567 1093/566/568 592/566/197 
f 1092/562/567 1094/636/569 1095/637/570 1093/566/568 
f 1096/638/571 1097/565/572 1093/566/568 1095/637/570 
f 1097/565/572 589/565/194 592/566/197 1093/566/568 
f 599/567/204 1098/567/573 1099/568/574 600/568/205 
f 1098/567/573 725/567/278 723/568/276 1099/568/574 
f 719/565/272 1090/565/565 1099/568/574 723/568/276 
f 1090/565/565 593/565/198 600/568/205 1099/568/574 
f 589/565/194 1097/565/572 1100/568/575 598/568/203 
f 1097/565/572 1096/638/571 1101/568/576 1100/568/575 
f 1102/639/577 1103/567/578 1100/568/575 1101/568/576 
f 1103/567/578 595/567/200 598/568/203 1100/568/575 
f 605/569/210 1104/569/579 1105/570/580 606/570/211 
f 1104/569/579 731/569/284 729/570/282 1105/570/580 
f 725/567/278 1098/567/573 1105/570/580 729/570/282 
f 1098/567/573 599/567/204 606/570/211 1105/570/580 
f 595/567/200 1103/567/578 1106/570/581 604/570/209 
f 1103/567/578 1102/639/577 1107/570/582 1106/570/581 
f 1108/640/583 1109/569/584 1106/570/581 1107/570/582 
f 1109/569/584 601/569/206 604/570/209 1106/570/581 
f 611/571/216 1110/571/585 1111/572/586 612/572/217 
f 1110/571/585 737/601/290 735/572/288 1111/572/586 
f 731/569/284 1104/569/579 1111/572/586 735/572/288 
f 1104/569/579 605/569/210 612/572/217 1111/572/586 
f 601/569/206 1109/569/584 1112/572/587 610/572/215 
f 1109/569/584 1108/640/583 1113/572/588 1112/572/587 
f 1114/641/589 1115/571/590 1112/572/587 1113/572/588 
f 1115/571/590 607/571/212 610/572/215 1112/572/587 
f 617/573/184 1116/573/591 1117/574/592 618/574/184 
f 1116/573/591 745/608/298 744/607/297 1117/574/592 
f 743/606/296 1118/575/593 1117/574/592 744/607/297 
f 1118/575/593 619/575/184 618/574/184 1117/574/592 
f 607/571/212 1115/571/590 1119/642/594 1120/642/595 
f 1115/571/590 1114/641/589 1121/642/596 1119/642/594 
f 1122/643/597 1123/575/598 1119/642/594 1121/642/596 
f 1123/575/598 621/575/184 1120/642/595 1119/642/594 
f 626/576/184 1124/576/599 1125/577/600 627/577/184 
f 1124/576/599 751/576/304 749/577/302 1125/577/600 
f 745/608/298 1116/573/591 1125/577/600 749/577/302 
f 1116/573/591 617/573/184 627/577/184 1125/577/600 
f 613/573/184 1126/573/601 1127/577/602 625/577/184 
f 1126/573/601 1128/644/603 1129/577/604 1127/577/602 
f 1130/645/605 1131/576/606 1127/577/602 1129/577/604 
f 1131/576/606 622/576/184 625/577/184 1127/577/602 
f 632/578/184 1132/578/607 1133/579/608 633/579/184 
f 1132/578/607 757/578/310 755/579/308 1133/579/608 
f 751/576/304 1124/576/599 1133/579/608 755/579/308 
f 1124/576/599 626/576/184 633/579/184 1133/579/608 
f 622/576/184 1131/576/606 1134/579/609 631/579/184 
f 1131/576/606 1130/645/605 1135/579/610 1134/579/609 
f 1136/646/611 1137/578/612 1134/579/609 1135/579/610 
f 1137/578/612 628/578/184 631/579/184 1134/579/609 
f 638/580/184 1138/580/613 1139/581/614 639/581/184 
f 1138/580/613 763/580/316 761/581/314 1139/581/614 
f 757/578/310 1132/578/607 1139/581/614 761/581/314 
f 1132/578/607 632/578/184 639/581/184 1139/581/614 
f 628/578/184 1137/578/612 1140/581/615 637/581/184 
f 1137/578/612 1136/646/611 1141/581/616 1140/581/615 
f 1142/647/617 1143/580/618 1140/581/615 1141/581/616 
f 1143/580/618 634/580/184 637/581/184 1140/581/615 
f 644/582/184 1144/582/619 1145/583/620 645/583/184 
f 1144/582/619 769/582/322 767/583/320 1145/583/620 
f 763/580/316 1138/580/613 1145/583/620 767/583/320 
f 1138/580/613 638/580/184 645/583/184 1145/583/620 
f 634/580/184 1143/580/618 1146/583/621 643/583/184 
f 1143/580/618 1142/647/617 1147/583/622 1146/583/621 
f 1148/648/623 1149/582/624 1146/583/621 1147/583/622 
f 1149/582/624 640/582/184 643/583/184 1146/583/621 
f 650/584/184 1150/584/625 1151/585/626 651/585/184 
f 1150/584/625 775/584/328 773/585/326 1151/585/626 
f 769/582/322 1144/582/619 1151/585/626 773/585/326 
f 1144/582/619 644/582/184 651/585/184 1151/585/626 
f 640/582/184 1149/582/624 1152/585/627 649/585/184 
f 1149/582/624 1148/648/623 1153/585/628 1152/585/627 
f 1154/649/629 1155/584/630 1152/585/627 1153/585/628 
f 1155/584/630 646/584/184 649/585/184 1152/585/627 
f 656/586/184 1156/586/631 1157/587/632 657/587/184 
f 1156/586/631 781/586/334 779/587/332 1157/587/632 
f 775/584/328 1150/584/625 1157/587/632 779/587/332 
f 1150/584/625 650/584/184 657/587/184 1157/587/632 
f 646/584/184 1155/584/630 1158/587/633 655/587/184 
f 1155/584/630 1154/649/629 1159/587/634 1158/587/633 
f 1160/650/635 1161/586/636 1158/587/633 1159/587/634 
f 1161/586/636 652/586/184 655/587/184 1158/587/633 
f 662/588/184 1162/588/637 1163/589/638 663/589/184 
f 1162/588/637 787/588/340 785/589/338 1163/589/638 
f 781/586/334 1156/586/631 1163/589/638 785/589/338 
f 1156/586/631 656/586/184 663/589/184 1163/589/638 
f 652/586/184 1161/586/636 1164/589/639 661/589/184 
f 1161/586/636 1160/650/635 1165/589/640 1164/589/639 
f 1166/651/641 1167/588/642 1164/589/639 1165/589/640 
f 1167/588/642 658/588/184 661/589/184 1164/589/639 
f 415/424/126 1168/652/643 1169/653/644 416/425/9 
f 1168/652/643 1044/620/520 1043/619/519 1169/653/644 
f 1042/618/518 1170/654/645 1169/653/644 1043/619/519 
f 1170/654/645 417/426/10 416/425/9 1169/653/644 
f 420/429/15 1171/655/646 1172/656/647 421/430/128 
f 1171/655/646 1050/622/526 1049/621/525 1172/656/647 
f 1044/620/520 1168/652/643 1172/656/647 1049/621/525 
f 1168/652/643 415/424/126 421/430/128 1172/656/647 
f 424/433/21 1173/657/648 1174/658/649 425/434/130 
f 1173/657/648 1056/624/532 1055/623/531 1174/658/649 
f 1050/622/526 1171/655/646 1174/658/649 1055/623/531 
f 1171/655/646 420/429/15 425/434/130 1174/658/649 
f 428/437/27 1175/659/650 1176/660/651 429/438/28 
f 1175/659/650 1062/626/538 1061/625/537 1176/660/651 
f 1056/624/532 1173/657/648 1176/660/651 1061/625/537 
f 1173/657/648 424/433/21 429/438/28 1176/660/651 
f 432/441/164 1177/661/652 1178/662/653 433/442/134 
f 1177/661/652 1068/628/544 1067/627/543 1178/662/653 
f 1062/626/538 1175/659/650 1178/662/653 1067/627/543 
f 1175/659/650 428/437/27 433/442/134 1178/662/653 
f 436/445/39 1179/663/654 1180/664/655 437/446/40 
f 1179/663/654 1074/630/550 1073/629/549 1180/664/655 
f 1068/628/544 1177/661/652 1180/664/655 1073/629/549 
f 1177/661/652 432/441/164 437/446/40 1180/664/655 
f 440/449/168 1181/665/656 1182/666/657 441/450/169 
f 1181/665/656 1080/632/556 1079/631/555 1182/666/657 
f 1074/630/550 1179/663/654 1182/666/657 1079/631/555 
f 1179/663/654 436/445/39 441/450/169 1182/666/657 
f 444/453/172 1183/667/658 1184/668/659 445/454/173 
f 1183/667/658 1094/636/569 1185/669/660 1184/668/659 
f 1088/635/563 1087/634/562 1184/668/659 1185/669/660 
f 1087/634/562 1080/632/556 1181/665/656 1184/668/659 
f 440/449/168 445/454/173 1184/668/659 1181/665/656 
f 448/457/142 1186/670/661 1187/671/662 449/458/174 
f 1186/670/661 1096/638/571 1095/637/570 1187/671/662 
f 1094/636/569 1183/667/658 1187/671/662 1095/637/570 
f 1183/667/658 444/453/172 449/458/174 1187/671/662 
f 452/462/144 1188/672/663 1189/673/664 453/463/64 
f 1188/672/663 1102/674/577 1101/675/576 1189/673/664 
f 1096/676/571 1186/677/661 1189/673/664 1101/675/576 
f 1186/677/661 448/464/142 453/463/64 1189/673/664 
f 456/467/145 1190/678/665 1191/679/666 457/468/70 
f 1190/678/665 1108/680/583 1107/681/582 1191/679/666 
f 1102/674/577 1188/672/663 1191/679/666 1107/681/582 
f 1188/672/663 452/462/144 457/468/70 1191/679/666 
f 460/471/177 1192/682/667 1193/683/668 461/472/178 
f 1192/682/667 1114/684/589 1113/685/588 1193/683/668 
f 1108/680/583 1190/678/665 1193/683/668 1113/685/588 
f 1190/678/665 456/467/145 461/472/178 1193/683/668 
f 464/475/181 1194/686/669 1195/687/670 465/476/182 
f 1194/686/669 1128/688/603 1196/689/671 1195/687/670 
f 1122/690/597 1121/691/596 1195/687/670 1196/689/671 
f 1121/691/596 1114/684/589 1192/682/667 1195/687/670 
f 460/471/177 465/476/182 1195/687/670 1192/682/667 
f 468/479/87 1197/692/672 1198/693/673 469/480/183 
f 1197/692/672 1130/694/605 1129/695/604 1198/693/673 
f 1128/688/603 1194/686/669 1198/693/673 1129/695/604 
f 1194/686/669 464/475/181 469/480/183 1198/693/673 
f 472/483/93 1199/696/674 1200/697/675 473/484/94 
f 1199/696/674 1136/698/611 1135/699/610 1200/697/675 
f 1130/694/605 1197/692/672 1200/697/675 1135/699/610 
f 1197/692/672 468/479/87 473/484/94 1200/697/675 
f 476/487/154 1201/700/676 1202/701/677 477/488/100 
f 1201/700/676 1142/702/617 1141/703/616 1202/701/677 
f 1136/698/611 1199/696/674 1202/701/677 1141/703/616 
f 1199/696/674 472/483/93 477/488/100 1202/701/677 
f 480/491/105 1203/704/678 1204/705/679 481/492/155 
f 1203/704/678 1148/706/623 1147/707/622 1204/705/679 
f 1142/702/617 1201/700/676 1204/705/679 1147/707/622 
f 1201/700/676 476/487/154 481/492/155 1204/705/679 
f 484/495/158 1205/708/680 1206/709/681 485/496/157 
f 1205/708/680 1154/710/629 1153/711/628 1206/709/681 
f 1148/706/623 1203/704/678 1206/709/681 1153/711/628 
f 1203/704/678 480/491/105 485/496/157 1206/709/681 
f 488/499/117 1207/712/682 1208/713/683 489/500/159 
f 1207/712/682 1160/714/635 1159/715/634 1208/713/683 
f 1154/710/629 1205/708/680 1208/713/683 1159/715/634 
f 1205/708/680 484/495/158 489/500/159 1208/713/683 
f 492/504/162 1209/716/684 1210/717/685 493/505/124 
f 1209/716/684 1166/718/641 1165/719/640 1210/717/685 
f 1160/714/635 1207/712/682 1210/717/685 1165/719/640 
f 1207/712/682 488/499/117 493/505/124 1210/717/685 
f 960/549/185 959/548/185 1211/548/184 1212/549/187 
f 959/548/185 958/547/184 1213/547/185 1211/548/184 
f 494/506/184 497/509/185 1211/548/184 1213/547/185 
f 497/509/185 1214/720/185 1212/549/187 1211/548/184 
f 958/547/184 964/551/185 1215/551/184 1213/547/185 
f 964/551/185 963/550/184 1216/550/185 1215/551/184 
f 498/510/184 495/507/184 1215/551/184 1216/550/185 
f 495/507/184 494/506/184 1213/547/185 1215/551/184 
f 963/550/184 968/553/185 1217/553/184 1216/550/185 
f 968/553/185 967/552/184 1218/552/184 1217/553/184 
f 500/512/186 499/511/185 1217/553/184 1218/552/184 
f 499/511/185 498/510/184 1216/550/185 1217/553/184 
f 967/552/184 972/555/185 1219/555/184 1218/552/184 
f 972/555/185 971/554/184 1220/554/184 1219/555/184 
f 502/514/186 501/513/186 1219/555/184 1220/554/184 
f 501/513/186 500/512/186 1218/552/184 1219/555/184 
f 971/554/184 976/557/185 1221/557/184 1220/554/184 
f 976/557/185 975/556/184 1222/556/184 1221/557/184 
f 504/516/186 503/515/185 1221/557/184 1222/556/184 
f 503/515/185 502/514/186 1220/554/184 1221/557/184 
f 975/556/184 980/559/184 1223/559/184 1222/556/184 
f 980/559/184 979/558/184 1224/558/184 1223/559/184 
f 506/518/186 505/517/186 1223/559/184 1224/558/184 
f 505/517/186 504/516/186 1222/556/184 1223/559/184 
f 979/558/184 984/561/184 1225/561/184 1224/558/184 
f 984/561/184 983/612/186 1226/612/184 1225/561/184 
f 508/520/186 507/519/185 1225/561/184 1226/612/184 
f 507/519/185 506/518/186 1224/558/184 1225/561/184 
f 983/612/186 988/614/184 1227/614/184 1226/612/184 
f 988/614/184 987/613/186 1228/613/184 1227/614/184 
f 510/522/186 509/521/186 1227/614/184 1228/613/184 
f 509/521/186 508/520/186 1226/612/184 1227/614/184 
f 987/613/186 992/566/184 1229/566/186 1228/613/184 
f 992/566/184 991/565/186 1230/565/184 1229/566/186 
f 512/524/186 511/523/184 1229/566/186 1230/565/184 
f 511/523/184 510/522/186 1228/613/184 1229/566/186 
f 991/565/186 996/568/184 1231/568/186 1230/565/184 
f 996/568/184 995/567/186 1232/567/184 1231/568/186 
f 514/526/186 513/525/186 1231/568/186 1232/567/184 
f 513/525/186 512/524/186 1230/565/184 1231/568/186 
f 995/567/186 1000/570/184 1233/570/186 1232/567/184 
f 1000/570/184 999/569/186 1234/569/184 1233/570/186 
f 516/528/186 515/527/184 1233/570/186 1234/569/184 
f 515/527/184 514/526/186 1232/567/184 1233/570/186 
f 999/569/186 1004/572/184 1235/572/186 1234/569/184 
f 1004/572/184 1003/615/186 1236/615/184 1235/572/186 
f 518/530/186 517/529/186 1235/572/186 1236/615/184 
f 517/529/186 516/528/186 1234/569/184 1235/572/186 
f 1003/615/186 1008/617/184 1237/617/186 1236/615/184 
f 1008/617/184 1007/616/186 1238/616/186 1237/617/186 
f 520/532/187 519/531/184 1237/617/186 1238/616/186 
f 519/531/184 518/530/186 1236/615/184 1237/617/186 
f 1007/616/186 1012/577/184 1239/577/186 1238/616/186 
f 1012/577/184 1011/576/186 1240/576/186 1239/577/186 
f 522/534/187 521/533/187 1239/577/186 1240/576/186 
f 521/533/187 520/532/187 1238/616/186 1239/577/186 
f 1011/576/186 1016/579/184 1241/579/186 1240/576/186 
f 1016/579/184 1015/578/186 1242/578/186 1241/579/186 
f 524/536/187 523/535/184 1241/579/186 1242/578/186 
f 523/535/184 522/534/187 1240/576/186 1241/579/186 
f 1015/578/186 1020/581/186 1243/581/186 1242/578/186 
f 1020/581/186 1019/580/186 1244/580/186 1243/581/186 
f 526/538/187 525/537/187 1243/581/186 1244/580/186 
f 525/537/187 524/536/187 1242/578/186 1243/581/186 
f 1019/580/186 1024/583/186 1245/583/186 1244/580/186 
f 1024/583/186 1023/582/187 1246/582/186 1245/583/186 
f 528/540/187 527/539/184 1245/583/186 1246/582/186 
f 527/539/184 526/538/187 1244/580/186 1245/583/186 
f 1023/582/187 1028/585/186 1247/585/186 1246/582/186 
f 1028/585/186 1027/584/187 1248/584/186 1247/585/186 
f 530/542/187 529/541/187 1247/585/186 1248/584/186 
f 529/541/187 528/540/187 1246/582/186 1247/585/186 
f 1027/584/187 1032/587/186 1249/587/187 1248/584/186 
f 1032/587/186 1031/586/187 1250/586/186 1249/587/187 
f 532/544/187 531/543/186 1249/587/187 1250/586/186 
f 531/543/186 530/542/187 1248/584/186 1249/587/187 
f 1031/586/187 1036/589/186 1251/589/186 1250/586/186 
f 1036/589/186 1035/588/184 1252/588/187 1251/589/186 
f 1251/589/186 1252/588/187 534/546/184 533/545/187 
f 533/545/187 532/544/187 1250/586/186 1251/589/186 
f 47/47/6 44/44/3 1253/721/686 1254/722/687 
f 44/44/3 43/43/2 1255/723/688 1253/721/686 
f 1256/723/1 1257/721/1 1253/721/686 1255/723/688 
f 1257/721/1 1258/722/1 1254/722/687 1253/721/686 
f 1259/724/689 1260/725/690 162/726/121 160/724/119 
f 160/724/119 156/727/115 1261/728/691 1259/724/689 
f 1262/728/1 1263/724/1 1259/724/689 1261/728/691 
f 1263/724/1 1264/725/1 1260/725/690 1259/724/689 
f 156/727/115 154/729/113 1265/729/692 1261/728/691 
f 154/729/113 150/730/109 1266/731/693 1265/729/692 
f 1267/731/1 1268/729/1 1265/729/692 1266/731/693 
f 1268/729/1 1262/728/1 1261/728/691 1265/729/692 
f 150/730/109 148/732/107 1269/732/694 1266/731/693 
f 148/732/107 144/733/103 1270/734/695 1269/732/694 
f 1271/734/1 1272/732/1 1269/732/694 1270/734/695 
f 1272/732/1 1267/731/1 1266/731/693 1269/732/694 
f 144/733/103 142/735/101 1273/735/696 1270/734/695 
f 142/735/101 138/736/97 1274/737/697 1273/735/696 
f 1275/737/1 1276/735/1 1273/735/696 1274/737/697 
f 1276/735/1 1271/734/1 1270/734/695 1273/735/696 
f 138/736/97 136/738/95 1277/738/698 1274/737/697 
f 136/738/95 132/739/91 1278/740/699 1277/738/698 
f 1279/740/1 1280/738/1 1277/738/698 1278/740/699 
f 1280/738/1 1275/737/1 1274/737/697 1277/738/698 
f 132/739/91 130/741/89 1281/741/700 1278/740/699 
f 130/741/89 126/742/85 1282/743/701 1281/741/700 
f 1283/743/1 1284/741/1 1281/741/700 1282/743/701 
f 1284/741/1 1279/740/1 1278/740/699 1281/741/700 
f 126/742/85 124/744/83 1285/744/702 1282/743/701 
f 124/744/83 120/745/79 1286/746/703 1285/744/702 
f 1287/746/1 1288/744/1 1285/744/702 1286/746/703 
f 1288/744/1 1283/743/1 1282/743/701 1285/744/702 
f 120/745/79 118/747/77 1289/747/704 1286/746/703 
f 118/747/77 114/748/73 1290/749/705 1289/747/704 
f 1291/749/1 1292/747/1 1289/747/704 1290/749/705 
f 1292/747/1 1287/746/1 1286/746/703 1289/747/704 
f 114/748/73 112/750/71 1293/750/706 1290/749/705 
f 112/750/71 108/751/67 1294/752/707 1293/750/706 
f 1295/752/1 1296/750/1 1293/750/706 1294/752/707 
f 1296/750/1 1291/749/1 1290/749/705 1293/750/706 
f 108/751/67 106/753/65 1297/753/708 1294/752/707 
f 106/753/65 102/754/61 1298/755/709 1297/753/708 
f 1299/755/1 1300/753/1 1297/753/708 1298/755/709 
f 1300/753/1 1295/752/1 1294/752/707 1297/753/708 
f 102/754/61 100/756/59 1301/756/710 1298/755/709 
f 100/756/59 96/96/55 1302/757/711 1301/756/710 
f 1303/757/1 1304/756/1 1301/756/710 1302/757/711 
f 1304/756/1 1299/755/1 1298/755/709 1301/756/710 
f 96/96/55 94/94/53 1305/758/712 1302/757/711 
f 94/94/53 90/90/49 1306/759/713 1305/758/712 
f 1307/759/1 1308/758/1 1305/758/712 1306/759/713 
f 1308/758/1 1303/757/1 1302/757/711 1305/758/712 
f 90/90/49 88/88/47 1309/760/714 1306/759/713 
f 88/88/47 84/84/43 1310/761/715 1309/760/714 
f 1311/761/1 1312/760/1 1309/760/714 1310/761/715 
f 1312/760/1 1307/759/1 1306/759/713 1309/760/714 
f 84/84/43 82/82/41 1313/762/716 1310/761/715 
f 82/82/41 78/78/37 1314/763/717 1313/762/716 
f 1315/763/1 1316/762/1 1313/762/716 1314/763/717 
f 1316/762/1 1311/761/1 1310/761/715 1313/762/716 
f 78/78/37 76/76/35 1317/764/718 1314/763/717 
f 76/76/35 72/72/31 1318/765/719 1317/764/718 
f 1319/765/1 1320/764/1 1317/764/718 1318/765/719 
f 1320/764/1 1315/763/1 1314/763/717 1317/764/718 
f 72/72/31 70/70/29 1321/766/720 1318/765/719 
f 70/70/29 66/66/25 1322/767/721 1321/766/720 
f 1323/767/1 1324/766/1 1321/766/720 1322/767/721 
f 1324/766/1 1319/765/1 1318/765/719 1321/766/720 
f 66/66/25 64/64/23 1325/768/722 1322/767/721 
f 64/64/23 60/60/19 1326/769/723 1325/768/722 
f 1327/769/1 1328/768/1 1325/768/722 1326/769/723 
f 1328/768/1 1323/767/1 1322/767/721 1325/768/722 
f 60/60/19 58/58/17 1329/770/724 1326/769/723 
f 58/58/17 54/54/13 1330/771/725 1329/770/724 
f 1331/771/1 1332/770/1 1329/770/724 1330/771/725 
f 1332/770/1 1327/769/1 1326/769/723 1329/770/724 
f 54/54/13 52/52/11 1333/772/726 1330/771/725 
f 52/52/11 47/47/6 1254/722/687 1333/772/726 
f 1258/722/1 1334/772/1 1333/772/726 1254/722/687 
f 1334/772/1 1331/771/1 1330/771/725 1333/772/726 
f 1258/722/1 1257/721/1 1335/721/1 1336/722/1 
f 1335/721/1 1337/723/1 42/42/1 41/41/1 
f 41/41/1 40/40/1 1336/722/1 1335/721/1 
f 1338/724/1 1339/725/1 1264/725/1 1263/724/1 
f 1263/724/1 1262/728/1 1340/728/1 1338/724/1 
f 4/4/1 2/2/1 1338/724/1 1340/728/1 
f 2/2/1 1/1/1 1339/725/1 1338/724/1 
f 1262/728/1 1268/729/1 1341/729/1 1340/728/1 
f 1268/729/1 1267/731/1 1342/731/1 1341/729/1 
f 6/6/1 5/5/1 1341/729/1 1342/731/1 
f 5/5/1 4/4/1 1340/728/1 1341/729/1 
f 1267/731/1 1272/732/1 1343/732/1 1342/731/1 
f 1272/732/1 1271/734/1 1344/734/1 1343/732/1 
f 8/8/1 7/7/1 1343/732/1 1344/734/1 
f 7/7/1 6/6/1 1342/731/1 1343/732/1 
f 1271/734/1 1276/735/1 1345/735/1 1344/734/1 
f 1276/735/1 1275/737/1 1346/737/1 1345/735/1 
f 10/10/1 9/9/1 1345/735/1 1346/737/1 
f 9/9/1 8/8/1 1344/734/1 1345/735/1 
f 1275/737/1 1280/738/1 1347/738/1 1346/737/1 
f 1280/738/1 1279/740/1 1348/740/1 1347/738/1 
f 12/12/1 11/11/1 1347/738/1 1348/740/1 
f 11/11/1 10/10/1 1346/737/1 1347/738/1 
f 1279/740/1 1284/741/1 1349/741/1 1348/740/1 
f 1284/741/1 1283/743/1 1350/743/1 1349/741/1 
f 14/14/1 13/13/1 1349/741/1 1350/743/1 
f 13/13/1 12/12/1 1348/740/1 1349/741/1 
f 1283/743/1 1288/744/1 1351/744/1 1350/743/1 
f 1288/744/1 1287/746/1 1352/746/1 1351/744/1 
f 16/16/1 15/15/1 1351/744/1 1352/746/1 
f 15/15/1 14/14/1 1350/743/1 1351/744/1 
f 1287/746/1 1292/747/1 1353/747/1 1352/746/1 
f 1292/747/1 1291/749/1 1354/749/1 1353/747/1 
f 18/18/1 17/17/1 1353/747/1 1354/749/1 
f 17/17/1 16/16/1 1352/746/1 1353/747/1 
f 1291/749/1 1296/750/1 1355/750/1 1354/749/1 
f 1296/750/1 1295/752/1 1356/752/1 1355/750/1 
f 20/20/1 19/19/1 1355/750/1 1356/752/1 
f 19/19/1 18/18/1 1354/749/1 1355/750/1 
f 1295/752/1 1300/753/1 1357/753/1 1356/752/1 
f 1300/753/1 1299/755/1 1358/755/1 1357/753/1 
f 22/22/1 21/21/1 1357/753/1 1358/755/1 
f 21/21/1 20/20/1 1356/752/1 1357/753/1 
f 1299/755/1 1304/756/1 1359/756/1 1358/755/1 
f 1304/756/1 1303/757/1 1360/757/1 1359/756/1 
f 24/24/1 23/23/1 1359/756/1 1360/757/1 
f 23/23/1 22/22/1 1358/755/1 1359/756/1 
f 1303/757/1 1308/758/1 1361/758/1 1360/757/1 
f 1308/758/1 1307/759/1 1362/759/1 1361/758/1 
f 26/26/1 25/25/1 1361/758/1 1362/759/1 
f 25/25/1 24/24/1 1360/757/1 1361/758/1 
f 1307/759/1 1312/760/1 1363/760/1 1362/759/1 
f 1312/760/1 1311/761/1 1364/761/1 1363/760/1 
f 28/28/1 27/27/1 1363/760/1 1364/761/1 
f 27/27/1 26/26/1 1362/759/1 1363/760/1 
f 1311/761/1 1316/762/1 1365/762/1 1364/761/1 
f 1316/762/1 1315/763/1 1366/763/1 1365/762/1 
f 30/30/1 29/29/1 1365/762/1 1366/763/1 
f 29/29/1 28/28/1 1364/761/1 1365/762/1 
f 1315/763/1 1320/764/1 1367/764/1 1366/763/1 
f 1320/764/1 1319/765/1 1368/765/1 1367/764/1 
f 32/32/1 31/31/1 1367/764/1 1368/765/1 
f 31/31/1 30/30/1 1366/763/1 1367/764/1 
f 1319/765/1 1324/766/1 1369/766/1 1368/765/1 
f 1324/766/1 1323/767/1 1370/767/1 1369/766/1 
f 34/34/1 33/33/1 1369/766/1 1370/767/1 
f 33/33/1 32/32/1 1368/765/1 1369/766/1 
f 1323/767/1 1328/768/1 1371/768/1 1370/767/1 
f 1328/768/1 1327/769/1 1372/769/1 1371/768/1 
f 36/36/1 35/35/1 1371/768/1 1372/769/1 
f 35/35/1 34/34/1 1370/767/1 1371/768/1 
f 1327/769/1 1332/770/1 1373/770/1 1372/769/1 
f 1332/770/1 1331/771/1 1374/771/1 1373/770/1 
f 38/38/1 37/37/1 1373/770/1 1374/771/1 
f 37/37/1 36/36/1 1372/769/1 1373/770/1 
f 1331/771/1 1334/772/1 1375/772/1 1374/771/1 
f 1334/772/1 1258/722/1 1336/722/1 1375/772/1 
f 40/40/1 39/39/1 1375/772/1 1336/722/1 
f 39/39/1 38/38/1 1374/771/1 1375/772/1 
f 619/575/184 1376/642/727 1377/642/728 620/575/184 
f 1376/642/727 611/571/216 608/571/213 1377/642/728 
f 607/571/212 1120/642/595 1377/642/728 608/571/213 
f 1120/642/595 621/575/184 620/575/184 1377/642/728 
f 743/606/296 741/604/294 1378/642/729 1118/575/593 
f 741/604/294 737/601/290 1110/571/585 1378/642/729 
f 611/571/216 1376/642/727 1378/642/729 1110/571/585 
f 1376/642/727 619/575/184 1118/575/593 1378/642/729 
f 1122/643/597 1196/574/671 1379/574/730 1123/575/598 
f 1196/574/671 1128/644/603 1126/573/601 1379/574/730 
f 613/573/184 616/574/184 1379/574/730 1126/573/601 
f 616/574/184 621/575/184 1123/575/598 1379/574/730 
f 586/564/184 1380/633/184 1381/633/184 587/564/184 
f 1380/633/184 578/560/184 575/560/184 1381/633/184 
f 574/560/184 1086/633/184 1381/633/184 575/560/184 
f 1086/633/184 588/564/184 587/564/184 1381/633/184 
f 711/595/264 709/593/262 1382/633/731 1084/564/560 
f 709/593/262 705/590/258 1076/560/552 1382/633/731 
f 578/560/184 1380/633/184 1382/633/731 1076/560/552 
f 1380/633/184 586/564/184 1084/564/560 1382/633/731 
f 1088/635/563 1185/669/660 1383/563/732 1089/564/564 
f 1185/669/660 1094/636/569 1092/562/567 1383/563/732 
f 580/562/188 583/563/191 1383/563/732 1092/562/567 
f 583/563/191 588/564/184 1089/564/564 1383/563/732 
f 1214/720/185 497/509/185 496/508/184 
f 1257/721/1 1256/723/1 1384/721/1 1337/723/1 
f 1337/723/1 1335/721/1 1257/721/1 
f 1/1/1 3/3/1 1385/2/1 
f 1386/5/1 1387/4/1 1385/2/1 3/3/1 
f 1388/6/1 1386/5/1 3/3/1 1389/7/1 
f 1390/9/1 1391/8/1 1389/7/1 3/3/1 
f 1392/10/1 1390/9/1 3/3/1 1393/11/1 
f 1394/13/1 1395/12/1 1393/11/1 3/3/1 
f 1396/14/1 1394/13/1 3/3/1 1397/15/1 
f 1398/17/1 1399/16/1 1397/15/1 3/3/1 
f 1400/18/1 1398/17/1 3/3/1 1401/19/1 
f 1402/21/1 1403/20/1 1401/19/1 3/3/1 
f 1404/22/1 1402/21/1 3/3/1 1405/23/1 
f 1406/25/1 1407/24/1 1405/23/1 3/3/1 
f 1408/26/1 1406/25/1 3/3/1 1409/27/1 
f 1410/29/1 1411/28/1 1409/27/1 3/3/1 
f 1412/30/1 1410/29/1 3/3/1 1413/31/1 
f 1414/33/1 1415/32/1 1413/31/1 3/3/1 
f 1416/34/1 1414/33/1 3/3/1 1417/35/1 
f 1418/37/1 1419/36/1 1417/35/1 3/3/1 
f 1420/38/1 1418/37/1 3/3/1 1421/39/1 
f 1422/41/1 1423/40/1 1421/39/1 3/3/1 
f 42/42/1 1422/41/1 3/3/1 
f 1424/44/733 43/43/2 46/46/5 1425/45/734 
f 1426/47/735 1424/44/733 1425/45/734 1427/48/736 
f 1428/50/343 1429/49/336 1427/48/736 1425/45/734 
f 51/51/10 1428/50/343 1425/45/734 46/46/5 
f 1430/52/737 1426/47/735 1427/48/736 1431/53/738 
f 1432/54/739 1430/52/737 1431/53/738 1433/55/740 
f 1434/57/337 1435/56/330 1433/55/740 1431/53/738 
f 1429/49/336 1434/57/337 1431/53/738 1427/48/736 
f 1436/58/741 1432/54/739 1433/55/740 1437/59/742 
f 1438/60/743 1436/58/741 1437/59/742 1439/61/744 
f 1440/63/331 1441/62/384 1439/61/744 1437/59/742 
f 1435/56/330 1440/63/331 1437/59/742 1433/55/740 
f 1442/64/745 1438/60/743 1439/61/744 1443/65/746 
f 1444/66/747 1442/64/745 1443/65/746 1445/67/748 
f 1446/69/325 1447/68/318 1445/67/748 1443/65/746 
f 1441/62/384 1446/69/325 1443/65/746 1439/61/744 
f 1448/70/749 1444/66/747 1445/67/748 1449/71/750 
f 1450/72/751 1448/70/749 1449/71/750 1451/73/752 
f 1452/75/319 1453/74/312 1451/73/752 1449/71/750 
f 1447/68/318 1452/75/319 1449/71/750 1445/67/748 
f 1454/76/753 1450/72/751 1451/73/752 1455/77/754 
f 1456/78/755 1454/76/753 1455/77/754 1457/79/756 
f 1458/81/380 1459/80/306 1457/79/756 1455/77/754 
f 1453/74/312 1458/81/380 1455/77/754 1451/73/752 
f 1460/82/757 1456/78/755 1457/79/756 1461/83/758 
f 1462/84/759 1460/82/757 1461/83/758 1463/85/760 
f 1464/87/378 1465/86/375 1463/85/760 1461/83/758 
f 1459/80/306 1464/87/378 1461/83/758 1457/79/756 
f 1466/88/761 1462/84/759 1463/85/760 1467/89/762 
f 1468/90/763 1466/88/761 1467/89/762 1469/91/764 
f 1470/93/765 1471/92/766 1469/91/764 1467/89/762 
f 1465/86/375 1470/93/765 1467/89/762 1463/85/760 
f 1472/94/767 1468/90/763 1469/91/764 1473/95/768 
f 1474/96/769 1472/94/767 1473/95/768 1475/97/770 
f 1476/99/372 1477/98/286 1475/97/770 1473/95/768 
f 1471/92/766 1476/99/372 1473/95/768 1469/91/764 
f 1478/101/771 1474/100/769 1475/103/770 1479/102/772 
f 1480/104/773 1478/101/771 1479/102/772 1481/105/774 
f 1482/107/368 1483/106/775 1481/105/774 1479/102/772 
f 1477/108/286 1482/107/368 1479/102/772 1475/103/770 
f 1484/109/776 1480/104/773 1481/105/774 1485/110/777 
f 1486/111/778 1484/109/776 1485/110/777 1487/112/779 
f 1488/114/281 1489/113/780 1487/112/779 1485/110/777 
f 1483/106/775 1488/114/281 1485/110/777 1481/105/774 
f 1490/115/781 1486/111/778 1487/112/779 1491/116/782 
f 1492/117/783 1490/115/781 1491/116/782 1493/118/784 
f 1494/120/785 1495/119/786 1493/118/784 1491/116/782 
f 1489/113/780 1494/120/785 1491/116/782 1487/112/779 
f 1496/121/787 1492/117/783 1493/118/784 1497/122/788 
f 1498/123/789 1496/121/787 1497/122/788 1499/124/790 
f 1500/126/362 1501/125/791 1499/124/790 1497/122/788 
f 1495/119/786 1500/126/362 1497/122/788 1493/118/784 
f 1502/127/792 1498/123/789 1499/124/790 1503/128/793 
f 1504/129/794 1502/127/792 1503/128/793 1505/130/795 
f 1506/132/796 1507/131/354 1505/130/795 1503/128/793 
f 1501/125/791 1506/132/796 1503/128/793 1499/124/790 
f 1508/133/797 1504/129/794 1505/130/795 1509/134/798 
f 1510/135/799 1508/133/797 1509/134/798 1511/136/800 
f 1512/138/801 1513/137/248 1511/136/800 1509/134/798 
f 1507/131/354 1512/138/801 1509/134/798 1505/130/795 
f 1514/139/802 1510/135/799 1511/136/800 1515/140/803 
f 1516/141/804 1514/139/802 1515/140/803 1517/142/805 
f 1518/144/249 1519/143/350 1517/142/805 1515/140/803 
f 1513/137/248 1518/144/249 1515/140/803 1511/136/800 
f 1520/145/806 1516/141/804 1517/142/805 1521/146/807 
f 1522/147/808 1520/145/806 1521/146/807 1523/148/809 
f 1524/150/243 1525/149/348 1523/148/809 1521/146/807 
f 1519/143/350 1524/150/243 1521/146/807 1517/142/805 
f 1526/151/810 1522/147/808 1523/148/809 1527/152/811 
f 1528/153/812 1526/151/810 1527/152/811 1529/154/813 
f 1530/156/237 1531/155/230 1529/154/813 1527/152/811 
f 1525/149/348 1530/156/237 1527/152/811 1523/148/809 
f 1532/157/814 1528/153/812 1529/154/813 1533/158/815 
f 1534/159/816 1532/157/814 1533/158/815 1535/160/817 
f 1536/162/347 1537/161/344 1535/160/817 1533/158/815 
f 1531/155/230 1536/162/347 1533/158/815 1529/154/813 
f 1538/163/818 1534/159/816 1535/160/817 1539/164/819 
f 162/165/121 1538/163/818 1539/164/819 163/166/122 
f 163/166/122 1539/164/819 1540/168/225 164/167/123 
f 1537/161/344 1540/168/225 1539/164/819 1535/160/817 
f 1428/50/343 51/51/10 167/170/10 1541/169/389 
f 1429/49/336 1428/50/343 1541/169/389 1542/171/387 
f 1543/173/343 1544/172/336 1542/171/387 1541/169/389 
f 171/174/127 1543/173/343 1541/169/389 167/170/10 
f 1434/57/337 1429/49/336 1542/171/387 1545/175/388 
f 1435/56/330 1434/57/337 1545/175/388 1546/176/386 
f 1547/178/337 1548/177/330 1546/176/386 1545/175/388 
f 1544/172/336 1547/178/337 1545/175/388 1542/171/387 
f 1440/63/331 1435/56/330 1546/176/386 1549/179/385 
f 1441/62/384 1440/63/331 1549/179/385 1550/180/324 
f 1551/182/331 1552/181/384 1550/180/324 1549/179/385 
f 1548/177/330 1551/182/331 1549/179/385 1546/176/386 
f 1446/69/325 1441/62/384 1550/180/324 1553/183/383 
f 1447/68/318 1446/69/325 1553/183/383 1554/184/381 
f 1555/186/325 1556/185/318 1554/184/381 1553/183/383 
f 1552/181/384 1555/186/325 1553/183/383 1550/180/324 
f 1452/75/319 1447/68/318 1554/184/381 1557/187/382 
f 1453/74/312 1452/75/319 1557/187/382 1558/188/312 
f 1559/190/319 1560/189/312 1558/188/312 1557/187/382 
f 1556/185/318 1559/190/319 1557/187/382 1554/184/381 
f 1458/81/380 1453/74/312 1558/188/312 1561/191/313 
f 1459/80/306 1458/81/380 1561/191/313 1562/192/377 
f 1563/194/380 1564/193/306 1562/192/377 1561/191/313 
f 1560/189/312 1563/194/380 1561/191/313 1558/188/312 
f 1464/87/378 1459/80/306 1562/192/377 1565/195/378 
f 1465/86/375 1464/87/378 1565/195/378 1566/196/820 
f 1567/198/378 1568/197/375 1566/196/820 1565/195/378 
f 1564/193/306 1567/198/378 1565/195/378 1562/192/377 
f 1470/93/765 1465/86/375 1566/196/820 1569/199/376 
f 1471/92/766 1470/93/765 1569/199/376 1570/200/371 
f 1571/202/765 1572/201/766 1570/200/371 1569/199/376 
f 1568/197/375 1571/202/765 1569/199/376 1566/196/820 
f 1476/99/372 1471/92/766 1570/200/371 1573/203/821 
f 1477/98/286 1476/99/372 1573/203/821 1574/204/286 
f 1575/206/372 1576/205/367 1574/204/286 1573/203/821 
f 1572/201/766 1575/206/372 1573/203/821 1570/200/371 
f 1482/107/368 1477/108/286 1574/208/286 1577/207/287 
f 1483/106/775 1482/107/368 1577/207/287 1578/209/364 
f 1579/211/368 1580/210/775 1578/209/364 1577/207/287 
f 1576/212/367 1579/211/368 1577/207/287 1574/208/286 
f 1488/114/281 1483/106/775 1578/209/364 1581/213/365 
f 1489/113/780 1488/114/281 1581/213/365 1582/214/274 
f 1583/216/281 1584/215/780 1582/214/274 1581/213/365 
f 1580/210/775 1583/216/281 1581/213/365 1578/209/364 
f 1494/120/785 1489/113/780 1582/214/274 1585/217/785 
f 1495/119/786 1494/120/785 1585/217/785 1586/218/361 
f 1587/220/785 1588/219/786 1586/218/361 1585/217/785 
f 1584/215/780 1587/220/785 1585/217/785 1582/214/274 
f 1500/126/362 1495/119/786 1586/218/361 1589/221/822 
f 1501/125/791 1500/126/362 1589/221/822 1590/222/791 
f 1591/224/362 1592/223/791 1590/222/791 1589/221/822 
f 1588/219/786 1591/224/362 1589/221/822 1586/218/361 
f 1506/132/796 1501/125/791 1590/222/791 1593/225/358 
f 1507/131/354 1506/132/796 1593/225/358 1594/226/354 
f 1595/228/796 1596/227/354 1594/226/354 1593/225/358 
f 1592/223/791 1595/228/796 1593/225/358 1590/222/791 
f 1512/138/801 1507/131/354 1594/226/354 1597/229/255 
f 1513/137/248 1512/138/801 1597/229/255 1598/230/352 
f 1599/232/801 1600/231/248 1598/230/352 1597/229/255 
f 1596/227/354 1599/232/801 1597/229/255 1594/226/354 
f 1518/144/249 1513/137/248 1598/230/352 1601/233/353 
f 1519/143/350 1518/144/249 1601/233/353 1602/234/242 
f 1603/236/249 1604/235/350 1602/234/242 1601/233/353 
f 1600/231/248 1603/236/249 1601/233/353 1598/230/352 
f 1524/150/243 1519/143/350 1602/234/242 1605/237/351 
f 1525/149/348 1524/150/243 1605/237/351 1606/238/236 
f 1607/240/243 1608/239/348 1606/238/236 1605/237/351 
f 1604/235/350 1607/240/243 1605/237/351 1602/234/242 
f 1530/156/237 1525/149/348 1606/238/236 1609/241/349 
f 1531/155/230 1530/156/237 1609/241/349 1610/242/346 
f 1611/244/237 1612/243/230 1610/242/346 1609/241/349 
f 1608/239/348 1611/244/237 1609/241/349 1606/238/236 
f 1536/162/347 1531/155/230 1610/242/346 1613/245/347 
f 1537/161/344 1536/162/347 1613/245/347 1614/246/224 
f 1615/248/347 1616/247/344 1614/246/224 1613/245/347 
f 1612/243/230 1615/248/347 1613/245/347 1610/242/346 
f 1540/168/225 1537/161/344 1614/246/224 1617/249/345 
f 164/167/123 1540/168/225 1617/249/345 245/250/162 
f 245/250/162 1617/249/345 1618/252/225 246/251/163 
f 1616/247/344 1618/252/225 1617/249/345 1614/246/224 
f 1543/173/343 171/174/127 249/254/127 1619/253/389 
f 1544/172/336 1543/173/343 1619/253/389 1620/255/387 
f 1621/257/343 1622/256/336 1620/255/387 1619/253/389 
f 253/258/10 1621/257/343 1619/253/389 249/254/127 
f 1547/178/337 1544/172/336 1620/255/387 1623/259/388 
f 1548/177/330 1547/178/337 1623/259/388 1624/260/386 
f 1625/262/337 1626/261/330 1624/260/386 1623/259/388 
f 1622/256/336 1625/262/337 1623/259/388 1620/255/387 
f 1551/182/331 1548/177/330 1624/260/386 1627/263/385 
f 1552/181/384 1551/182/331 1627/263/385 1628/264/324 
f 1629/266/331 1630/265/384 1628/264/324 1627/263/385 
f 1626/261/330 1629/266/331 1627/263/385 1624/260/386 
f 1555/186/325 1552/181/384 1628/264/324 1631/267/383 
f 1556/185/318 1555/186/325 1631/267/383 1632/268/381 
f 1633/270/325 1634/269/318 1632/268/381 1631/267/383 
f 1630/265/384 1633/270/325 1631/267/383 1628/264/324 
f 1559/190/319 1556/185/318 1632/268/381 1635/271/382 
f 1560/189/312 1559/190/319 1635/271/382 1636/272/379 
f 1637/274/319 1638/273/379 1636/272/379 1635/271/382 
f 1634/269/318 1637/274/319 1635/271/382 1632/268/381 
f 1563/194/380 1560/189/312 1636/272/379 1639/275/313 
f 1564/193/306 1563/194/380 1639/275/313 1640/276/377 
f 1641/278/380 1642/277/306 1640/276/377 1639/275/313 
f 1638/273/379 1641/278/380 1639/275/313 1636/272/379 
f 1567/198/378 1564/193/306 1640/276/377 1643/279/378 
f 1568/197/375 1567/198/378 1643/279/378 1644/280/820 
f 1645/282/378 1646/281/375 1644/280/820 1643/279/378 
f 1642/277/306 1645/282/378 1643/279/378 1640/276/377 
f 1571/202/765 1568/197/375 1644/280/820 1647/283/376 
f 1572/201/766 1571/202/765 1647/283/376 1648/284/766 
f 1649/286/765 1650/285/371 1648/284/766 1647/283/376 
f 1646/281/375 1649/286/765 1647/283/376 1644/280/820 
f 1575/206/372 1572/201/766 1648/284/766 1651/287/821 
f 1576/205/367 1575/206/372 1651/287/821 1652/288/286 
f 1653/290/372 1654/289/367 1652/288/286 1651/287/821 
f 1650/285/371 1653/290/372 1651/287/821 1648/284/766 
f 1579/211/368 1576/212/367 1652/292/286 1655/291/287 
f 1580/210/775 1579/211/368 1655/291/287 1656/293/364 
f 1657/295/368 1658/294/364 1656/293/364 1655/291/287 
f 1654/296/367 1657/295/368 1655/291/287 1652/292/286 
f 1583/216/281 1580/210/775 1656/293/364 1659/297/365 
f 1584/215/780 1583/216/281 1659/297/365 1660/298/274 
f 1661/300/281 1662/299/780 1660/298/274 1659/297/365 
f 1658/294/364 1661/300/281 1659/297/365 1656/293/364 
f 1587/220/785 1584/215/780 1660/298/274 1663/301/363 
f 1588/219/786 1587/220/785 1663/301/363 1664/302/361 
f 1665/304/785 1666/303/786 1664/302/361 1663/301/363 
f 1662/299/780 1665/304/785 1663/301/363 1660/298/274 
f 1591/224/362 1588/219/786 1664/302/361 1667/305/822 
f 1592/223/791 1591/224/362 1667/305/822 1668/306/791 
f 1669/308/362 1670/307/791 1668/306/791 1667/305/822 
f 1666/303/786 1669/308/362 1667/305/822 1664/302/361 
f 1595/228/796 1592/223/791 1668/306/791 1671/309/358 
f 1596/227/354 1595/228/796 1671/309/358 1672/310/354 
f 1673/312/796 1674/311/354 1672/310/354 1671/309/358 
f 1670/307/791 1673/312/796 1671/309/358 1668/306/791 
f 1599/232/801 1596/227/354 1672/310/354 1675/313/255 
f 1600/231/248 1599/232/801 1675/313/255 1676/314/352 
f 1677/316/801 1678/315/248 1676/314/352 1675/313/255 
f 1674/311/354 1677/316/801 1675/313/255 1672/310/354 
f 1603/236/249 1600/231/248 1676/314/352 1679/317/353 
f 1604/235/350 1603/236/249 1679/317/353 1680/318/242 
f 1681/320/249 1682/319/350 1680/318/242 1679/317/353 
f 1678/315/248 1681/320/249 1679/317/353 1676/314/352 
f 1607/240/243 1604/235/350 1680/318/242 1683/321/351 
f 1608/239/348 1607/240/243 1683/321/351 1684/322/236 
f 1685/324/243 1686/323/348 1684/322/236 1683/321/351 
f 1682/319/350 1685/324/243 1683/321/351 1680/318/242 
f 1611/244/237 1608/239/348 1684/322/236 1687/325/349 
f 1612/243/230 1611/244/237 1687/325/349 1688/326/346 
f 1689/328/237 1690/327/230 1688/326/346 1687/325/349 
f 1686/323/348 1689/328/237 1687/325/349 1684/322/236 
f 1615/248/347 1612/243/230 1688/326/346 1691/329/347 
f 1616/247/344 1615/248/347 1691/329/347 1692/330/224 
f 1693/332/347 1694/331/344 1692/330/224 1691/329/347 
f 1690/327/230 1693/332/347 1691/329/347 1688/326/346 
f 1618/252/225 1616/247/344 1692/330/224 1695/333/345 
f 246/251/163 1618/252/225 1695/333/345 327/334/163 
f 327/334/163 1695/333/345 1696/336/225 328/335/163 
f 1694/331/344 1696/336/225 1695/333/345 1692/330/224 
f 1621/257/343 253/258/10 331/338/10 1697/337/389 
f 1622/256/336 1621/257/343 1697/337/389 1698/339/387 
f 1699/341/343 1700/340/336 1698/339/387 1697/337/389 
f 335/342/127 1699/341/343 1697/337/389 331/338/10 
f 1625/262/337 1622/256/336 1698/339/387 1701/343/337 
f 1626/261/330 1625/262/337 1701/343/337 1702/344/386 
f 1703/346/388 1704/345/386 1702/344/386 1701/343/337 
f 1700/340/336 1703/346/388 1701/343/337 1698/339/387 
f 1629/266/331 1626/261/330 1702/344/386 1705/347/385 
f 1630/265/384 1629/266/331 1705/347/385 1706/348/384 
f 1707/350/331 1708/349/324 1706/348/384 1705/347/385 
f 1704/345/386 1707/350/331 1705/347/385 1702/344/386 
f 1633/270/325 1630/265/384 1706/348/384 1709/351/383 
f 1634/269/318 1633/270/325 1709/351/383 1710/352/318 
f 1711/354/325 1712/353/381 1710/352/318 1709/351/383 
f 1708/349/324 1711/354/325 1709/351/383 1706/348/384 
f 1637/274/319 1634/269/318 1710/352/318 1713/355/382 
f 1638/273/379 1637/274/319 1713/355/382 1714/356/379 
f 1715/358/319 1716/357/312 1714/356/379 1713/355/382 
f 1712/353/381 1715/358/319 1713/355/382 1710/352/318 
f 1641/278/380 1638/273/379 1714/356/379 1717/359/313 
f 1642/277/306 1641/278/380 1717/359/313 1718/360/377 
f 1719/362/380 1720/361/377 1718/360/377 1717/359/313 
f 1716/357/312 1719/362/380 1717/359/313 1714/356/379 
f 1645/282/378 1642/277/306 1718/360/377 1721/363/378 
f 1646/281/375 1645/282/378 1721/363/378 1722/364/820 
f 1723/366/823 1724/365/375 1722/364/820 1721/363/378 
f 1720/361/377 1723/366/823 1721/363/378 1718/360/377 
f 1649/286/765 1646/281/375 1722/364/820 1725/367/376 
f 1650/285/371 1649/286/765 1725/367/376 1726/368/766 
f 1727/370/765 1728/369/371 1726/368/766 1725/367/376 
f 1724/365/375 1727/370/765 1725/367/376 1722/364/820 
f 1653/290/372 1650/285/371 1726/368/766 1729/371/372 
f 1654/289/367 1653/290/372 1729/371/372 1730/372/367 
f 1731/374/372 1732/373/286 1730/372/367 1729/371/372 
f 1728/369/371 1731/374/372 1729/371/372 1726/368/766 
f 1657/295/368 1654/296/367 1730/376/367 1733/375/368 
f 1658/294/364 1657/295/368 1733/375/368 1734/377/364 
f 1735/379/287 1736/378/775 1734/377/364 1733/375/368 
f 1732/380/286 1735/379/287 1733/375/368 1730/376/367 
f 1661/300/281 1658/294/364 1734/377/364 1737/381/365 
f 1662/299/780 1661/300/281 1737/381/365 1738/382/274 
f 1739/384/281 1740/383/780 1738/382/274 1737/381/365 
f 1736/378/775 1739/384/281 1737/381/365 1734/377/364 
f 1665/304/785 1662/299/780 1738/382/274 1741/385/363 
f 1666/303/786 1665/304/785 1741/385/363 1742/386/361 
f 1743/388/785 1744/387/786 1742/386/361 1741/385/363 
f 1740/383/780 1743/388/785 1741/385/363 1738/382/274 
f 1669/308/362 1666/303/786 1742/386/361 1745/389/822 
f 1670/307/791 1669/308/362 1745/389/822 1746/390/791 
f 1747/392/362 1748/391/357 1746/390/791 1745/389/822 
f 1744/387/786 1747/392/362 1745/389/822 1742/386/361 
f 1673/312/796 1670/307/791 1746/390/791 1749/393/358 
f 1674/311/354 1673/312/796 1749/393/358 1750/394/354 
f 1751/396/796 1752/395/354 1750/394/354 1749/393/358 
f 1748/391/357 1751/396/796 1749/393/358 1746/390/791 
f 1677/316/801 1674/311/354 1750/394/354 1753/397/255 
f 1678/315/248 1677/316/801 1753/397/255 1754/398/352 
f 1755/400/801 1756/399/248 1754/398/352 1753/397/255 
f 1752/395/354 1755/400/801 1753/397/255 1750/394/354 
f 1681/320/249 1678/315/248 1754/398/352 1757/401/353 
f 1682/319/350 1681/320/249 1757/401/353 1758/402/242 
f 1759/404/249 1760/403/350 1758/402/242 1757/401/353 
f 1756/399/248 1759/404/249 1757/401/353 1754/398/352 
f 1685/324/243 1682/319/350 1758/402/242 1761/405/351 
f 1686/323/348 1685/324/243 1761/405/351 1762/406/348 
f 1763/408/243 1764/407/236 1762/406/348 1761/405/351 
f 1760/403/350 1763/408/243 1761/405/351 1758/402/242 
f 1689/328/237 1686/323/348 1762/406/348 1765/409/349 
f 1690/327/230 1689/328/237 1765/409/349 1766/410/346 
f 1767/412/237 1768/411/230 1766/410/346 1765/409/349 
f 1764/407/236 1767/412/237 1765/409/349 1762/406/348 
f 1693/332/347 1690/327/230 1766/410/346 1769/413/347 
f 1694/331/344 1693/332/347 1769/413/347 1770/414/224 
f 1771/416/231 1772/415/224 1770/414/224 1769/413/347 
f 1768/411/230 1771/416/231 1769/413/347 1766/410/346 
f 1696/336/225 1694/331/344 1770/414/224 1773/417/345 
f 328/335/163 1696/336/225 1773/417/345 409/418/162 
f 409/418/162 1773/417/345 1774/420/225 410/419/162 
f 1772/415/224 1774/420/225 1773/417/345 1770/414/224 
f 1699/341/343 335/342/127 413/422/10 1775/421/389 
f 1700/340/336 1699/341/343 1775/421/389 1776/423/387 
f 1777/425/343 1778/424/387 1776/423/387 1775/421/389 
f 417/426/10 1777/425/343 1775/421/389 413/422/10 
f 1703/346/388 1700/340/336 1776/423/387 1779/427/388 
f 1704/345/386 1703/346/388 1779/427/388 1780/428/330 
f 1781/430/388 1782/429/330 1780/428/330 1779/427/388 
f 1778/424/387 1781/430/388 1779/427/388 1776/423/387 
f 1707/350/331 1704/345/386 1780/428/330 1783/431/385 
f 1708/349/324 1707/350/331 1783/431/385 1784/432/384 
f 1785/434/385 1786/433/384 1784/432/384 1783/431/385 
f 1782/429/330 1785/434/385 1783/431/385 1780/428/330 
f 1711/354/325 1708/349/324 1784/432/384 1787/435/383 
f 1712/353/381 1711/354/325 1787/435/383 1788/436/318 
f 1789/438/325 1790/437/318 1788/436/318 1787/435/383 
f 1786/433/384 1789/438/325 1787/435/383 1784/432/384 
f 1715/358/319 1712/353/381 1788/436/318 1791/439/382 
f 1716/357/312 1715/358/319 1791/439/382 1792/440/379 
f 1793/442/382 1794/441/379 1792/440/379 1791/439/382 
f 1790/437/318 1793/442/382 1791/439/382 1788/436/318 
f 1719/362/380 1716/357/312 1792/440/379 1795/443/313 
f 1720/361/377 1719/362/380 1795/443/313 1796/444/306 
f 1797/446/380 1798/445/306 1796/444/306 1795/443/313 
f 1794/441/379 1797/446/380 1795/443/313 1792/440/379 
f 1723/366/823 1720/361/377 1796/444/306 1799/447/824 
f 1724/365/375 1723/366/823 1799/447/824 1800/448/825 
f 1801/450/826 1802/449/827 1800/448/825 1799/447/824 
f 1798/445/306 1801/450/826 1799/447/824 1796/444/306 
f 1727/370/765 1724/365/375 1800/448/825 1803/451/828 
f 1728/369/371 1727/370/765 1803/451/828 1804/452/829 
f 1805/454/830 1806/453/831 1804/452/829 1803/451/828 
f 1802/449/827 1805/454/830 1803/451/828 1800/448/825 
f 1731/374/372 1728/369/371 1804/452/829 1807/455/372 
f 1732/373/286 1731/374/372 1807/455/372 1808/456/367 
f 1809/458/832 1810/457/367 1808/456/367 1807/455/372 
f 1806/453/831 1809/458/832 1807/455/372 1804/452/829 
f 1735/379/287 1732/380/286 1808/460/367 1811/459/287 
f 1736/378/775 1735/379/287 1811/459/287 1812/461/775 
f 1813/463/368 1814/462/364 1812/461/775 1811/459/287 
f 1810/464/367 1813/463/368 1811/459/287 1808/460/367 
f 1739/384/281 1736/378/775 1812/461/775 1815/465/365 
f 1740/383/780 1739/384/281 1815/465/365 1816/466/274 
f 1817/468/281 1818/467/274 1816/466/274 1815/465/365 
f 1814/462/364 1817/468/281 1815/465/365 1812/461/775 
f 1743/388/785 1740/383/780 1816/466/274 1819/469/833 
f 1744/387/786 1743/388/785 1819/469/833 1820/470/834 
f 1821/472/835 1822/471/836 1820/470/834 1819/469/833 
f 1818/467/274 1821/472/835 1819/469/833 1816/466/274 
f 1747/392/362 1744/387/786 1820/470/834 1823/473/837 
f 1748/391/357 1747/392/362 1823/473/837 1824/474/838 
f 1825/476/839 1826/475/840 1824/474/838 1823/473/837 
f 1822/471/836 1825/476/839 1823/473/837 1820/470/834 
f 1751/396/796 1748/391/357 1824/474/838 1827/477/358 
f 1752/395/354 1751/396/796 1827/477/358 1828/478/354 
f 1829/480/841 1830/479/354 1828/478/354 1827/477/358 
f 1826/475/840 1829/480/841 1827/477/358 1824/474/838 
f 1755/400/801 1752/395/354 1828/478/354 1831/481/255 
f 1756/399/248 1755/400/801 1831/481/255 1832/482/352 
f 1833/484/801 1834/483/248 1832/482/352 1831/481/255 
f 1830/479/354 1833/484/801 1831/481/255 1828/478/354 
f 1759/404/249 1756/399/248 1832/482/352 1835/485/353 
f 1760/403/350 1759/404/249 1835/485/353 1836/486/242 
f 1837/488/249 1838/487/242 1836/486/242 1835/485/353 
f 1834/483/248 1837/488/249 1835/485/353 1832/482/352 
f 1763/408/243 1760/403/350 1836/486/242 1839/489/351 
f 1764/407/236 1763/408/243 1839/489/351 1840/490/348 
f 1841/492/351 1842/491/348 1840/490/348 1839/489/351 
f 1838/487/242 1841/492/351 1839/489/351 1836/486/242 
f 1767/412/237 1764/407/236 1840/490/348 1843/493/349 
f 1768/411/230 1767/412/237 1843/493/349 1844/494/346 
f 1845/496/349 1846/495/346 1844/494/346 1843/493/349 
f 1842/491/348 1845/496/349 1843/493/349 1840/490/348 
f 1771/416/231 1768/411/230 1844/494/346 1847/497/347 
f 1772/415/224 1771/416/231 1847/497/347 1848/498/344 
f 1849/500/347 1850/499/344 1848/498/344 1847/497/347 
f 1846/495/346 1849/500/347 1847/497/347 1844/494/346 
f 1774/420/225 1772/415/224 1848/498/344 1851/501/345 
f 410/502/162 1774/420/225 1851/501/345 491/503/162 
f 491/503/162 1851/501/345 1852/505/225 492/504/162 
f 1850/499/344 1852/505/225 1851/501/345 1848/498/344 
f 1853/507/185 1854/506/185 1855/509/184 496/508/184 
f 1856/510/185 1853/507/185 496/508/184 1857/511/184 
f 1858/513/187 1859/512/187 1857/511/184 496/508/184 
f 1860/514/187 1858/513/187 496/508/184 1861/515/184 
f 1862/517/187 1863/516/187 1861/515/184 496/508/184 
f 1864/518/187 1862/517/187 496/508/184 1865/519/184 
f 1866/521/187 1867/520/187 1865/519/184 496/508/184 
f 1868/522/187 1866/521/187 496/508/184 1869/523/185 
f 1870/525/187 1871/524/187 1869/523/185 496/508/184 
f 1872/526/187 1870/525/187 496/508/184 1873/527/185 
f 1874/529/187 1875/528/187 1873/527/185 496/508/184 
f 1876/530/187 1874/529/187 496/508/184 1877/531/185 
f 1878/533/186 1879/532/186 1877/531/185 496/508/184 
f 1880/534/186 1878/533/186 496/508/184 1881/535/185 
f 1882/537/186 1883/536/186 1881/535/185 496/508/184 
f 1884/538/186 1882/537/186 496/508/184 1885/539/185 
f 1886/541/186 1887/540/186 1885/539/185 496/508/184 
f 1888/542/186 1886/541/186 496/508/184 1889/543/187 
f 1890/545/186 1891/544/186 1889/543/187 496/508/184 
f 534/546/184 1890/545/186 496/508/184 
f 1892/547/184 1893/547/184 1894/548/184 1895/548/184 
f 1896/547/184 1892/547/184 1895/548/184 1897/548/184 
f 542/549/184 541/549/184 1897/548/184 1895/548/184 
f 543/549/184 542/549/184 1895/548/184 1894/548/184 
f 1898/550/184 1899/550/184 1900/551/184 1901/551/184 
f 1902/550/184 1898/550/184 1901/551/184 1903/551/184 
f 1892/547/184 1896/547/184 1903/551/184 1901/551/184 
f 1893/547/184 1892/547/184 1901/551/184 1900/551/184 
f 1904/552/184 1905/552/184 1906/553/184 1907/553/184 
f 1908/552/184 1904/552/184 1907/553/184 1909/553/184 
f 1898/550/184 1902/550/184 1909/553/184 1907/553/184 
f 1899/550/184 1898/550/184 1907/553/184 1906/553/184 
f 1910/554/184 1911/554/184 1912/555/184 1913/555/184 
f 1914/554/184 1910/554/184 1913/555/184 1915/555/184 
f 1904/552/184 1908/552/184 1915/555/184 1913/555/184 
f 1905/552/184 1904/552/184 1913/555/184 1912/555/184 
f 1916/556/184 1917/556/184 1918/557/184 1919/557/184 
f 1920/556/184 1916/556/184 1919/557/184 1921/557/184 
f 1910/554/184 1914/554/184 1921/557/184 1919/557/184 
f 1911/554/184 1910/554/184 1919/557/184 1918/557/184 
f 1922/558/184 1923/558/184 1924/559/184 1925/559/184 
f 1926/558/184 1922/558/184 1925/559/184 1927/559/184 
f 1916/556/184 1920/556/184 1927/559/184 1925/559/184 
f 1917/556/184 1916/556/184 1925/559/184 1924/559/184 
f 1928/560/184 1929/560/184 1930/561/184 1931/561/184 
f 1932/560/184 1928/560/184 1931/561/184 1933/561/184 
f 1922/558/184 1926/558/184 1933/561/184 1931/561/184 
f 1923/558/184 1922/558/184 1931/561/184 1930/561/184 
f 1934/562/842 1935/562/843 1936/563/844 1937/563/845 
f 1938/562/846 1934/562/842 1937/563/845 1939/563/847 
f 1940/564/184 1941/564/184 1939/563/847 1937/563/845 
f 1942/564/184 1940/564/184 1937/563/845 1936/563/844 
f 1943/565/848 1944/565/849 1945/566/850 1946/566/851 
f 1947/565/852 1943/565/848 1946/566/851 1948/566/853 
f 1934/562/842 1938/562/846 1948/566/853 1946/566/851 
f 1935/562/843 1934/562/842 1946/566/851 1945/566/850 
f 1949/567/854 1950/567/855 1951/568/856 1952/568/857 
f 1953/567/858 1949/567/854 1952/568/857 1954/568/859 
f 1943/565/848 1947/565/852 1954/568/859 1952/568/857 
f 1944/565/849 1943/565/848 1952/568/857 1951/568/856 
f 1955/569/860 1956/569/861 1957/570/862 1958/570/863 
f 1959/569/864 1955/569/860 1958/570/863 1960/570/865 
f 1949/567/854 1953/567/858 1960/570/865 1958/570/863 
f 1950/567/855 1949/567/854 1958/570/863 1957/570/862 
f 1961/571/866 1962/571/867 1963/572/868 1964/572/869 
f 1965/571/870 1961/571/866 1964/572/869 1966/572/871 
f 1955/569/860 1959/569/864 1966/572/871 1964/572/869 
f 1956/569/861 1955/569/860 1964/572/869 1963/572/868 
f 1967/573/184 1968/573/184 1969/574/184 1970/574/184 
f 1971/573/184 1967/573/184 1970/574/184 1972/574/184 
f 1973/575/184 1974/575/184 1972/574/184 1970/574/184 
f 1975/575/184 1973/575/184 1970/574/184 1969/574/184 
f 1976/576/184 1977/576/184 1978/577/184 1979/577/184 
f 1980/576/184 1976/576/184 1979/577/184 1981/577/184 
f 1967/573/184 1971/573/184 1981/577/184 1979/577/184 
f 1968/573/184 1967/573/184 1979/577/184 1978/577/184 
f 1982/578/184 1983/578/184 1984/579/184 1985/579/184 
f 1986/578/184 1982/578/184 1985/579/184 1987/579/184 
f 1976/576/184 1980/576/184 1987/579/184 1985/579/184 
f 1977/576/184 1976/576/184 1985/579/184 1984/579/184 
f 1988/580/184 1989/580/184 1990/581/184 1991/581/184 
f 1992/580/184 1988/580/184 1991/581/184 1993/581/184 
f 1982/578/184 1986/578/184 1993/581/184 1991/581/184 
f 1983/578/184 1982/578/184 1991/581/184 1990/581/184 
f 1994/582/184 1995/582/184 1996/583/184 1997/583/184 
f 1998/582/184 1994/582/184 1997/583/184 1999/583/184 
f 1988/580/184 1992/580/184 1999/583/184 1997/583/184 
f 1989/580/184 1988/580/184 1997/583/184 1996/583/184 
f 2000/584/184 2001/584/184 2002/585/184 2003/585/184 
f 2004/584/184 2000/584/184 2003/585/184 2005/585/184 
f 1994/582/184 1998/582/184 2005/585/184 2003/585/184 
f 1995/582/184 1994/582/184 2003/585/184 2002/585/184 
f 2006/586/184 2007/586/184 2008/587/184 2009/587/184 
f 2010/586/184 2006/586/184 2009/587/184 2011/587/184 
f 2000/584/184 2004/584/184 2011/587/184 2009/587/184 
f 2001/584/184 2000/584/184 2009/587/184 2008/587/184 
f 659/588/184 658/588/184 2012/589/184 2013/589/184 
f 662/588/184 659/588/184 2013/589/184 2014/589/184 
f 2006/586/184 2010/586/184 2014/589/184 2013/589/184 
f 2007/586/184 2006/586/184 2013/589/184 2012/589/184 
f 2015/548/872 664/549/218 667/549/221 2016/548/873 
f 2017/547/874 2015/548/872 2016/548/873 2018/547/875 
f 2019/548/124 2020/547/160 2018/547/875 2016/548/873 
f 672/549/123 2019/548/124 2016/548/873 667/549/221 
f 2021/551/876 2017/547/874 2018/547/875 2022/551/877 
f 2023/550/878 2021/551/876 2022/551/877 2024/550/879 
f 2025/551/118 2026/550/111 2024/550/879 2022/551/877 
f 2020/547/160 2025/551/118 2022/551/877 2018/547/875 
f 2027/553/880 2023/550/878 2024/550/879 2028/553/881 
f 2029/552/882 2027/553/880 2028/553/881 2030/552/883 
f 2031/553/112 2032/552/156 2030/552/883 2028/553/881 
f 2026/550/111 2031/553/112 2028/553/881 2024/550/879 
f 2033/555/884 2029/552/882 2030/552/883 2034/555/885 
f 2035/554/886 2033/555/884 2034/555/885 2036/554/887 
f 2037/555/106 2038/554/154 2036/554/887 2034/555/885 
f 2032/552/156 2037/555/106 2034/555/885 2030/552/883 
f 2039/557/888 2035/554/886 2036/554/887 2040/557/889 
f 2041/556/890 2039/557/888 2040/557/889 2042/556/891 
f 2043/557/100 2044/556/93 2042/556/891 2040/557/889 
f 2038/554/154 2043/557/100 2040/557/889 2036/554/887 
f 2045/559/892 2041/556/890 2042/556/891 2046/559/893 
f 2047/558/894 2045/559/892 2046/559/893 2048/558/895 
f 2049/559/151 2050/558/896 2048/558/895 2046/559/893 
f 2044/556/93 2049/559/151 2046/559/893 2042/556/891 
f 2051/561/897 2047/558/894 2048/558/895 2052/561/898 
f 2053/590/899 2051/561/897 2052/561/898 2054/591/900 
f 2055/561/901 2056/592/902 2054/591/900 2052/561/898 
f 2050/558/896 2055/561/901 2052/561/898 2048/558/895 
f 2057/593/903 2053/590/899 2054/591/900 2058/594/904 
f 2059/595/905 2057/593/903 2058/594/904 2060/596/906 
f 2061/598/907 2062/597/908 2060/596/906 2058/594/904 
f 2063/599/909 2061/598/907 2058/594/904 2064/600/910 
f 2054/591/900 2056/592/902 2064/600/910 2058/594/904 
f 2065/566/911 2062/597/908 2061/598/907 2066/566/912 
f 2067/565/913 2065/566/911 2066/566/912 2068/565/914 
f 2069/566/915 2070/565/145 2068/565/914 2066/566/912 
f 2063/599/909 2069/566/915 2066/566/912 2061/598/907 
f 2071/568/916 2067/565/913 2068/565/914 2072/568/917 
f 2073/567/918 2071/568/916 2072/568/917 2074/567/919 
f 2075/568/70 2076/567/920 2074/567/919 2072/568/917 
f 2070/565/145 2075/568/70 2072/568/917 2068/565/914 
f 2077/570/921 2073/567/918 2074/567/919 2078/570/922 
f 2079/569/923 2077/570/921 2078/570/922 2080/569/924 
f 2081/570/143 2082/569/57 2080/569/924 2078/570/922 
f 2076/567/920 2081/570/143 2078/570/922 2074/567/919 
f 2083/572/925 2079/569/923 2080/569/924 2084/572/926 
f 2085/601/927 2083/572/925 2084/572/926 2086/602/928 
f 2087/572/929 2088/603/930 2086/602/928 2084/572/926 
f 2082/569/57 2087/572/929 2084/572/926 2080/569/924 
f 2089/604/931 2085/601/927 2086/602/928 2090/605/932 
f 2091/606/933 2089/604/931 2090/605/932 2092/607/934 
f 2093/609/935 2094/608/936 2092/607/934 2090/605/932 
f 2095/610/937 2093/609/935 2090/605/932 2096/611/938 
f 2086/602/928 2088/603/930 2096/611/938 2090/605/932 
f 2097/577/939 2094/608/936 2093/609/935 2098/577/940 
f 2099/576/941 2097/577/939 2098/577/940 2100/576/942 
f 2101/577/943 2102/576/39 2100/576/942 2098/577/940 
f 2095/610/937 2101/577/943 2098/577/940 2093/609/935 
f 2103/579/944 2099/576/941 2100/576/942 2104/579/945 
f 2105/578/946 2103/579/944 2104/579/945 2106/578/947 
f 2107/579/135 2108/578/33 2106/578/947 2104/579/945 
f 2102/576/39 2107/579/135 2104/579/945 2100/576/942 
f 2109/581/948 2105/578/946 2106/578/947 2110/581/949 
f 2111/580/950 2109/581/948 2110/581/949 2112/580/951 
f 2113/581/34 2114/580/27 2112/580/951 2110/581/949 
f 2108/578/33 2113/581/34 2110/581/949 2106/578/947 
f 2115/583/952 2111/580/950 2112/580/951 2116/583/953 
f 2117/582/954 2115/583/952 2116/583/953 2118/582/955 
f 2119/583/28 2120/582/131 2118/582/955 2116/583/953 
f 2114/580/27 2119/583/28 2116/583/953 2112/580/951 
f 2121/585/956 2117/582/954 2118/582/955 2122/585/957 
f 2123/584/958 2121/585/956 2122/585/957 2124/584/959 
f 2125/585/22 2126/584/15 2124/584/959 2122/585/957 
f 2120/582/131 2125/585/22 2122/585/957 2118/582/955 
f 2127/587/960 2123/584/958 2124/584/959 2128/587/961 
f 2129/586/962 2127/587/960 2128/587/961 2130/586/963 
f 2131/587/16 2132/586/8 2130/586/963 2128/587/961 
f 2126/584/15 2131/587/16 2128/587/961 2124/584/959 
f 2133/589/964 2129/586/962 2130/586/963 2134/589/965 
f 787/588/340 2133/589/964 2134/589/965 788/588/341 
f 788/588/341 2134/589/965 2135/589/125 789/588/342 
f 2132/586/8 2135/589/125 2134/589/965 2130/586/963 
f 2136/547/160 2020/547/160 2019/548/124 2137/548/124 
f 2138/547/117 2136/547/160 2137/548/124 2139/548/161 
f 796/549/162 795/549/162 2139/548/161 2137/548/124 
f 672/549/123 796/549/162 2137/548/124 2019/548/124 
f 2140/550/111 2026/550/111 2025/551/118 2141/551/118 
f 2142/550/158 2140/550/111 2141/551/118 2143/551/159 
f 2136/547/160 2138/547/117 2143/551/159 2141/551/118 
f 2020/547/160 2136/547/160 2141/551/118 2025/551/118 
f 2144/552/105 2032/552/156 2031/553/112 2145/553/157 
f 2146/552/156 2144/552/105 2145/553/157 2147/553/112 
f 2140/550/111 2142/550/158 2147/553/112 2145/553/157 
f 2026/550/111 2140/550/111 2145/553/157 2031/553/112 
f 2148/554/154 2038/554/154 2037/555/106 2149/555/106 
f 2150/554/99 2148/554/154 2149/555/106 2151/555/155 
f 2144/552/105 2146/552/156 2151/555/155 2149/555/106 
f 2032/552/156 2144/552/105 2149/555/106 2037/555/106 
f 2152/556/152 2044/556/93 2043/557/100 2153/557/153 
f 2154/556/93 2152/556/152 2153/557/153 2155/557/153 
f 2148/554/154 2150/554/99 2155/557/153 2153/557/153 
f 2038/554/154 2148/554/154 2153/557/153 2043/557/100 
f 2156/558/87 2050/558/896 2049/559/151 2157/559/151 
f 2158/558/896 2156/558/87 2157/559/151 2159/559/151 
f 2152/556/152 2154/556/93 2159/559/151 2157/559/151 
f 2044/556/93 2152/556/152 2157/559/151 2049/559/151 
f 2160/612/966 2056/592/902 2055/561/901 2161/561/967 
f 2162/612/81 2160/612/966 2161/561/967 2163/561/150 
f 2156/558/87 2158/558/896 2163/561/150 2161/561/967 
f 2050/558/896 2156/558/87 2161/561/967 2055/561/901 
f 2164/613/968 2063/599/909 2064/600/910 2165/614/969 
f 2166/613/147 2164/613/968 2165/614/969 2167/614/82 
f 2160/612/966 2162/612/81 2167/614/82 2165/614/969 
f 2056/592/902 2160/612/966 2165/614/969 2064/600/910 
f 2168/565/145 2070/565/145 2069/566/915 2169/566/76 
f 2170/565/145 2168/565/145 2169/566/76 2171/566/76 
f 2164/613/968 2166/613/147 2171/566/76 2169/566/76 
f 2063/599/909 2164/613/968 2169/566/76 2069/566/915 
f 2172/567/144 2076/567/920 2075/568/70 2173/568/165 
f 2174/567/970 2172/567/144 2173/568/165 2175/568/70 
f 2168/565/145 2170/565/145 2175/568/70 2173/568/165 
f 2070/565/145 2168/565/145 2173/568/165 2075/568/70 
f 2176/569/142 2082/569/57 2081/570/143 2177/570/143 
f 2178/569/57 2176/569/142 2177/570/143 2179/570/64 
f 2172/567/144 2174/567/970 2179/570/64 2177/570/143 
f 2076/567/920 2172/567/144 2177/570/143 2081/570/143 
f 2180/615/971 2088/603/930 2087/572/929 2181/572/972 
f 2182/615/140 2180/615/971 2181/572/972 2183/572/58 
f 2176/569/142 2178/569/57 2183/572/58 2181/572/972 
f 2082/569/57 2176/569/142 2181/572/972 2087/572/929 
f 2184/616/973 2095/610/937 2096/611/938 2185/617/974 
f 2186/616/45 2184/616/973 2185/617/974 2187/617/139 
f 2180/615/971 2182/615/140 2187/617/139 2185/617/974 
f 2088/603/930 2180/615/971 2185/617/974 2096/611/938 
f 2188/576/136 2102/576/39 2101/577/943 2189/577/46 
f 2190/576/136 2188/576/136 2189/577/46 2191/577/46 
f 2184/616/973 2186/616/45 2191/577/46 2189/577/46 
f 2095/610/937 2184/616/973 2189/577/46 2101/577/943 
f 2192/578/164 2108/578/33 2107/579/135 2193/579/40 
f 2194/578/33 2192/578/164 2193/579/40 2195/579/40 
f 2188/576/136 2190/576/136 2195/579/40 2193/579/40 
f 2102/576/39 2188/576/136 2193/579/40 2107/579/135 
f 2196/580/133 2114/580/27 2113/581/34 2197/581/134 
f 2198/580/27 2196/580/133 2197/581/134 2199/581/34 
f 2192/578/164 2194/578/33 2199/581/34 2197/581/134 
f 2108/578/33 2192/578/164 2197/581/134 2113/581/34 
f 2200/582/131 2120/582/131 2119/583/28 2201/583/132 
f 2202/582/21 2200/582/131 2201/583/132 2203/583/28 
f 2196/580/133 2198/580/27 2203/583/28 2201/583/132 
f 2114/580/27 2196/580/133 2201/583/132 2119/583/28 
f 2204/584/15 2126/584/15 2125/585/22 2205/585/130 
f 2206/584/129 2204/584/15 2205/585/130 2207/585/22 
f 2200/582/131 2202/582/21 2207/585/22 2205/585/130 
f 2120/582/131 2200/582/131 2205/585/130 2125/585/22 
f 2208/586/8 2132/586/8 2131/587/16 2209/587/16 
f 2210/586/126 2208/586/8 2209/587/16 2211/587/128 
f 2204/584/15 2206/584/129 2211/587/128 2209/587/16 
f 2126/584/15 2204/584/15 2209/587/16 2131/587/16 
f 869/588/127 789/588/342 2135/589/125 2212/589/9 
f 871/588/10 869/588/127 2212/589/9 2213/589/125 
f 2208/586/8 2210/586/126 2213/589/125 2212/589/9 
f 2132/586/8 2208/586/8 2212/589/9 2135/589/125 
f 2214/547/975 2138/547/117 2139/548/161 2215/548/976 
f 2216/547/977 2214/547/975 2215/548/976 2217/548/978 
f 878/549/395 877/549/394 2217/548/978 2215/548/976 
f 795/549/162 878/549/395 2215/548/976 2139/548/161 
f 2218/550/979 2142/550/158 2143/551/159 2219/551/980 
f 2220/550/981 2218/550/979 2219/551/980 2221/551/982 
f 2214/547/975 2216/547/977 2221/551/982 2219/551/980 
f 2138/547/117 2214/547/975 2219/551/980 2143/551/159 
f 2222/552/983 2146/552/156 2147/553/112 2223/553/984 
f 2224/552/985 2222/552/983 2223/553/984 2225/553/986 
f 2218/550/979 2220/550/981 2225/553/986 2223/553/984 
f 2142/550/158 2218/550/979 2223/553/984 2147/553/112 
f 2226/554/987 2150/554/99 2151/555/155 2227/555/988 
f 2228/554/989 2226/554/987 2227/555/988 2229/555/990 
f 2222/552/983 2224/552/985 2229/555/990 2227/555/988 
f 2146/552/156 2222/552/983 2227/555/988 2151/555/155 
f 2230/556/991 2154/556/93 2155/557/153 2231/557/992 
f 2232/556/993 2230/556/991 2231/557/992 2233/557/994 
f 2226/554/987 2228/554/989 2233/557/994 2231/557/992 
f 2150/554/99 2226/554/987 2231/557/992 2155/557/153 
f 2234/558/995 2158/558/896 2159/559/151 2235/559/996 
f 2236/558/997 2234/558/995 2235/559/996 2237/559/998 
f 2230/556/991 2232/556/993 2237/559/998 2235/559/996 
f 2154/556/93 2230/556/991 2235/559/996 2159/559/151 
f 2238/612/999 2162/612/81 2163/561/150 2239/561/1000 
f 2240/612/1001 2238/612/999 2239/561/1000 2241/561/1002 
f 2234/558/995 2236/558/997 2241/561/1002 2239/561/1000 
f 2158/558/896 2234/558/995 2239/561/1000 2163/561/150 
f 2242/613/1003 2166/613/147 2167/614/82 2243/614/1004 
f 2244/613/1005 2242/613/1003 2243/614/1004 2245/614/1006 
f 2238/612/999 2240/612/1001 2245/614/1006 2243/614/1004 
f 2162/612/81 2238/612/999 2243/614/1004 2167/614/82 
f 2246/565/1007 2170/565/145 2171/566/76 2247/566/1008 
f 2248/565/1009 2246/565/1007 2247/566/1008 2249/566/1010 
f 2242/613/1003 2244/613/1005 2249/566/1010 2247/566/1008 
f 2166/613/147 2242/613/1003 2247/566/1008 2171/566/76 
f 2250/567/1011 2174/567/970 2175/568/70 2251/568/1012 
f 2252/567/1013 2250/567/1011 2251/568/1012 2253/568/1014 
f 2246/565/1007 2248/565/1009 2253/568/1014 2251/568/1012 
f 2170/565/145 2246/565/1007 2251/568/1012 2175/568/70 
f 2254/569/1015 2178/569/57 2179/570/64 2255/570/1016 
f 2256/569/1017 2254/569/1015 2255/570/1016 2257/570/1018 
f 2250/567/1011 2252/567/1013 2257/570/1018 2255/570/1016 
f 2174/567/970 2250/567/1011 2255/570/1016 2179/570/64 
f 2258/615/1019 2182/615/140 2183/572/58 2259/572/1020 
f 2260/615/1021 2258/615/1019 2259/572/1020 2261/572/1022 
f 2254/569/1015 2256/569/1017 2261/572/1022 2259/572/1020 
f 2178/569/57 2254/569/1015 2259/572/1020 2183/572/58 
f 2262/616/1023 2186/616/45 2187/617/139 2263/617/1024 
f 2264/616/1025 2262/616/1023 2263/617/1024 2265/617/1026 
f 2258/615/1019 2260/615/1021 2265/617/1026 2263/617/1024 
f 2182/615/140 2258/615/1019 2263/617/1024 2187/617/139 
f 2266/576/1027 2190/576/136 2191/577/46 2267/577/1028 
f 2268/576/1029 2266/576/1027 2267/577/1028 2269/577/1030 
f 2262/616/1023 2264/616/1025 2269/577/1030 2267/577/1028 
f 2186/616/45 2262/616/1023 2267/577/1028 2191/577/46 
f 2270/578/1031 2194/578/33 2195/579/40 2271/579/1032 
f 2272/578/1033 2270/578/1031 2271/579/1032 2273/579/1034 
f 2266/576/1027 2268/576/1029 2273/579/1034 2271/579/1032 
f 2190/576/136 2266/576/1027 2271/579/1032 2195/579/40 
f 2274/580/1035 2198/580/27 2199/581/34 2275/581/1036 
f 2276/580/1037 2274/580/1035 2275/581/1036 2277/581/1038 
f 2270/578/1031 2272/578/1033 2277/581/1038 2275/581/1036 
f 2194/578/33 2270/578/1031 2275/581/1036 2199/581/34 
f 2278/582/1039 2202/582/21 2203/583/28 2279/583/1040 
f 2280/582/1041 2278/582/1039 2279/583/1040 2281/583/1042 
f 2274/580/1035 2276/580/1037 2281/583/1042 2279/583/1040 
f 2198/580/27 2274/580/1035 2279/583/1040 2203/583/28 
f 2282/584/1043 2206/584/129 2207/585/22 2283/585/1044 
f 2284/584/1045 2282/584/1043 2283/585/1044 2285/585/1046 
f 2278/582/1039 2280/582/1041 2285/585/1046 2283/585/1044 
f 2202/582/21 2278/582/1039 2283/585/1044 2207/585/22 
f 2286/586/1047 2210/586/126 2211/587/128 2287/587/1048 
f 2288/586/1049 2286/586/1047 2287/587/1048 2289/587/1050 
f 2282/584/1043 2284/584/1045 2289/587/1050 2287/587/1048 
f 2206/584/129 2282/584/1043 2287/587/1048 2211/587/128 
f 951/588/468 871/588/10 2213/589/125 2290/589/1051 
f 953/588/470 951/588/468 2290/589/1051 2291/589/1052 
f 2286/586/1047 2288/586/1049 2291/589/1052 2290/589/1051 
f 2210/586/126 2286/586/1047 2290/589/1051 2213/589/125 
f 2217/548/978 877/549/394 956/549/473 2292/548/1053 
f 2216/547/977 2217/548/978 2292/548/1053 2293/547/1054 
f 2294/548/184 2295/547/185 2293/547/1054 2292/548/1053 
f 960/549/185 2294/548/184 2292/548/1053 956/549/473 
f 2221/551/982 2216/547/977 2293/547/1054 2296/551/1055 
f 2220/550/981 2221/551/982 2296/551/1055 2297/550/1056 
f 2298/551/184 2299/550/185 2297/550/1056 2296/551/1055 
f 2295/547/185 2298/551/184 2296/551/1055 2293/547/1054 
f 2225/553/986 2220/550/981 2297/550/1056 2300/553/1057 
f 2224/552/985 2225/553/986 2300/553/1057 2301/552/1058 
f 2302/553/184 2303/552/185 2301/552/1058 2300/553/1057 
f 2299/550/185 2302/553/184 2300/553/1057 2297/550/1056 
f 2229/555/990 2224/552/985 2301/552/1058 2304/555/1059 
f 2228/554/989 2229/555/990 2304/555/1059 2305/554/1060 
f 2306/555/184 2307/554/185 2305/554/1060 2304/555/1059 
f 2303/552/185 2306/555/184 2304/555/1059 2301/552/1058 
f 2233/557/994 2228/554/989 2305/554/1060 2308/557/1061 
f 2232/556/993 2233/557/994 2308/557/1061 2309/556/1062 
f 2310/557/184 2311/556/185 2309/556/1062 2308/557/1061 
f 2307/554/185 2310/557/184 2308/557/1061 2305/554/1060 
f 2237/559/998 2232/556/993 2309/556/1062 2312/559/1063 
f 2236/558/997 2237/559/998 2312/559/1063 2313/558/1064 
f 2314/559/185 2315/558/185 2313/558/1064 2312/559/1063 
f 2311/556/185 2314/559/185 2312/559/1063 2309/556/1062 
f 2241/561/1002 2236/558/997 2313/558/1064 2316/561/1065 
f 2240/612/1001 2241/561/1002 2316/561/1065 2317/612/1066 
f 2318/561/185 2319/612/187 2317/612/1066 2316/561/1065 
f 2315/558/185 2318/561/185 2316/561/1065 2313/558/1064 
f 2245/614/1006 2240/612/1001 2317/612/1066 2320/614/1067 
f 2244/613/1005 2245/614/1006 2320/614/1067 2321/613/1068 
f 2322/614/185 2323/613/187 2321/613/1068 2320/614/1067 
f 2319/612/187 2322/614/185 2320/614/1067 2317/612/1066 
f 2249/566/1010 2244/613/1005 2321/613/1068 2324/566/1069 
f 2248/565/1009 2249/566/1010 2324/566/1069 2325/565/1070 
f 2326/566/185 2327/565/187 2325/565/1070 2324/566/1069 
f 2323/613/187 2326/566/185 2324/566/1069 2321/613/1068 
f 2253/568/1014 2248/565/1009 2325/565/1070 2328/568/1071 
f 2252/567/1013 2253/568/1014 2328/568/1071 2329/567/1072 
f 2330/568/185 2331/567/187 2329/567/1072 2328/568/1071 
f 2327/565/187 2330/568/185 2328/568/1071 2325/565/1070 
f 2257/570/1018 2252/567/1013 2329/567/1072 2332/570/1073 
f 2256/569/1017 2257/570/1018 2332/570/1073 2333/569/1074 
f 2334/570/185 2335/569/187 2333/569/1074 2332/570/1073 
f 2331/567/187 2334/570/185 2332/570/1073 2329/567/1072 
f 2261/572/1022 2256/569/1017 2333/569/1074 2336/572/1075 
f 2260/615/1021 2261/572/1022 2336/572/1075 2337/615/1076 
f 2338/572/185 2339/615/187 2337/615/1076 2336/572/1075 
f 2335/569/187 2338/572/185 2336/572/1075 2333/569/1074 
f 2265/617/1026 2260/615/1021 2337/615/1076 2340/617/1077 
f 2264/616/1025 2265/617/1026 2340/617/1077 2341/616/1078 
f 2342/617/185 2343/616/187 2341/616/1078 2340/617/1077 
f 2339/615/187 2342/617/185 2340/617/1077 2337/615/1076 
f 2269/577/1030 2264/616/1025 2341/616/1078 2344/577/1079 
f 2268/576/1029 2269/577/1030 2344/577/1079 2345/576/1080 
f 2346/577/185 2347/576/187 2345/576/1080 2344/577/1079 
f 2343/616/187 2346/577/185 2344/577/1079 2341/616/1078 
f 2273/579/1034 2268/576/1029 2345/576/1080 2348/579/1081 
f 2272/578/1033 2273/579/1034 2348/579/1081 2349/578/1082 
f 2350/579/185 2351/578/187 2349/578/1082 2348/579/1081 
f 2347/576/187 2350/579/185 2348/579/1081 2345/576/1080 
f 2277/581/1038 2272/578/1033 2349/578/1082 2352/581/1083 
f 2276/580/1037 2277/581/1038 2352/581/1083 2353/580/1084 
f 2354/581/187 2355/580/187 2353/580/1084 2352/581/1083 
f 2351/578/187 2354/581/187 2352/581/1083 2349/578/1082 
f 2281/583/1042 2276/580/1037 2353/580/1084 2356/583/1085 
f 2280/582/1041 2281/583/1042 2356/583/1085 2357/582/1086 
f 2358/583/187 2359/582/186 2357/582/1086 2356/583/1085 
f 2355/580/187 2358/583/187 2356/583/1085 2353/580/1084 
f 2285/585/1046 2280/582/1041 2357/582/1086 2360/585/1087 
f 2284/584/1045 2285/585/1046 2360/585/1087 2361/584/1088 
f 2362/585/187 2363/584/186 2361/584/1088 2360/585/1087 
f 2359/582/186 2362/585/187 2360/585/1087 2357/582/1086 
f 2289/587/1050 2284/584/1045 2361/584/1088 2364/587/1089 
f 2288/586/1049 2289/587/1050 2364/587/1089 2365/586/1090 
f 2366/587/187 2367/586/186 2365/586/1090 2364/587/1089 
f 2363/584/186 2366/587/187 2364/587/1089 2361/584/1088 
f 2291/589/1052 2288/586/1049 2365/586/1090 2368/589/1091 
f 953/588/470 2291/589/1052 2368/589/1091 1034/588/512 
f 1034/588/512 2368/589/1091 2369/589/187 1035/588/184 
f 2367/586/186 2369/589/187 2368/589/1091 2365/586/1090 
f 2370/547/1092 1896/547/184 1897/548/184 2371/548/1093 
f 2017/547/874 2370/547/1092 2371/548/1093 2015/548/872 
f 1039/549/515 664/549/218 2015/548/872 2371/548/1093 
f 541/549/184 1039/549/515 2371/548/1093 1897/548/184 
f 1040/549/516 543/549/184 1894/548/184 2372/548/1094 
f 1042/618/518 1040/549/516 2372/548/1094 2373/619/1095 
f 2374/547/1096 2375/620/1097 2373/619/1095 2372/548/1094 
f 1893/547/184 2374/547/1096 2372/548/1094 1894/548/184 
f 2376/550/1098 1902/550/184 1903/551/184 2377/551/1099 
f 2023/550/878 2376/550/1098 2377/551/1099 2021/551/876 
f 2370/547/1092 2017/547/874 2021/551/876 2377/551/1099 
f 1896/547/184 2370/547/1092 2377/551/1099 1903/551/184 
f 2374/547/1096 1893/547/184 1900/551/184 2378/551/1100 
f 2375/620/1097 2374/547/1096 2378/551/1100 2379/621/1101 
f 2380/550/1102 2381/622/1103 2379/621/1101 2378/551/1100 
f 1899/550/184 2380/550/1102 2378/551/1100 1900/551/184 
f 2382/552/1104 1908/552/184 1909/553/184 2383/553/1105 
f 2029/552/882 2382/552/1104 2383/553/1105 2027/553/880 
f 2376/550/1098 2023/550/878 2027/553/880 2383/553/1105 
f 1902/550/184 2376/550/1098 2383/553/1105 1909/553/184 
f 2380/550/1102 1899/550/184 1906/553/184 2384/553/1106 
f 2381/622/1103 2380/550/1102 2384/553/1106 2385/623/1107 
f 2386/552/1108 2387/624/1109 2385/623/1107 2384/553/1106 
f 1905/552/184 2386/552/1108 2384/553/1106 1906/553/184 
f 2388/554/1110 1914/554/184 1915/555/184 2389/555/1111 
f 2035/554/886 2388/554/1110 2389/555/1111 2033/555/884 
f 2382/552/1104 2029/552/882 2033/555/884 2389/555/1111 
f 1908/552/184 2382/552/1104 2389/555/1111 1915/555/184 
f 2386/552/1108 1905/552/184 1912/555/184 2390/555/1112 
f 2387/624/1109 2386/552/1108 2390/555/1112 2391/625/1113 
f 2392/554/1114 2393/626/1115 2391/625/1113 2390/555/1112 
f 1911/554/184 2392/554/1114 2390/555/1112 1912/555/184 
f 2394/556/1116 1920/556/184 1921/557/184 2395/557/1117 
f 2041/556/890 2394/556/1116 2395/557/1117 2039/557/888 
f 2388/554/1110 2035/554/886 2039/557/888 2395/557/1117 
f 1914/554/184 2388/554/1110 2395/557/1117 1921/557/184 
f 2392/554/1114 1911/554/184 1918/557/184 2396/557/1118 
f 2393/626/1115 2392/554/1114 2396/557/1118 2397/627/1119 
f 2398/556/1120 2399/628/1121 2397/627/1119 2396/557/1118 
f 1917/556/184 2398/556/1120 2396/557/1118 1918/557/184 
f 2400/558/1122 1926/558/184 1927/559/184 2401/559/1123 
f 2047/558/894 2400/558/1122 2401/559/1123 2045/559/892 
f 2394/556/1116 2041/556/890 2045/559/892 2401/559/1123 
f 1920/556/184 2394/556/1116 2401/559/1123 1927/559/184 
f 2398/556/1120 1917/556/184 1924/559/184 2402/559/1124 
f 2399/628/1121 2398/556/1120 2402/559/1124 2403/629/1125 
f 2404/558/1126 2405/630/1127 2403/629/1125 2402/559/1124 
f 1923/558/184 2404/558/1126 2402/559/1124 1924/559/184 
f 2406/560/1128 1932/560/184 1933/561/184 2407/561/1129 
f 2053/590/899 2406/560/1128 2407/561/1129 2051/561/897 
f 2400/558/1122 2047/558/894 2051/561/897 2407/561/1129 
f 1926/558/184 2400/558/1122 2407/561/1129 1933/561/184 
f 2404/558/1126 1923/558/184 1930/561/184 2408/561/1130 
f 2405/630/1127 2404/558/1126 2408/561/1130 2409/631/1131 
f 2410/560/1132 2411/632/1133 2409/631/1131 2408/561/1130 
f 1929/560/184 2410/560/1132 2408/561/1130 1930/561/184 
f 2412/562/1134 1938/562/846 1939/563/847 2413/563/1135 
f 2062/597/908 2412/562/1134 2413/563/1135 2060/596/906 
f 2414/564/1136 2059/595/905 2060/596/906 2413/563/1135 
f 1941/564/184 2414/564/1136 2413/563/1135 1939/563/847 
f 2410/560/1132 1929/560/184 2415/633/184 2416/633/1137 
f 2411/632/1133 2410/560/1132 2416/633/1137 2417/634/1138 
f 2418/564/1139 2419/635/1140 2417/634/1138 2416/633/1137 
f 1942/564/184 2418/564/1139 2416/633/1137 2415/633/184 
f 2420/565/1141 1947/565/852 1948/566/853 2421/566/1142 
f 2067/565/913 2420/565/1141 2421/566/1142 2065/566/911 
f 2412/562/1134 2062/597/908 2065/566/911 2421/566/1142 
f 1938/562/846 2412/562/1134 2421/566/1142 1948/566/853 
f 2422/562/1143 1935/562/843 1945/566/850 2423/566/1144 
f 2424/636/1145 2422/562/1143 2423/566/1144 2425/637/1146 
f 2426/565/1147 2427/638/1148 2425/637/1146 2423/566/1144 
f 1944/565/849 2426/565/1147 2423/566/1144 1945/566/850 
f 2428/567/1149 1953/567/858 1954/568/859 2429/568/1150 
f 2073/567/918 2428/567/1149 2429/568/1150 2071/568/916 
f 2420/565/1141 2067/565/913 2071/568/916 2429/568/1150 
f 1947/565/852 2420/565/1141 2429/568/1150 1954/568/859 
f 2426/565/1147 1944/565/849 1951/568/856 2430/568/1151 
f 2427/638/1148 2426/565/1147 2430/568/1151 2431/568/1152 
f 2432/567/1153 2433/639/1154 2431/568/1152 2430/568/1151 
f 1950/567/855 2432/567/1153 2430/568/1151 1951/568/856 
f 2434/569/1155 1959/569/864 1960/570/865 2435/570/1156 
f 2079/569/923 2434/569/1155 2435/570/1156 2077/570/921 
f 2428/567/1149 2073/567/918 2077/570/921 2435/570/1156 
f 1953/567/858 2428/567/1149 2435/570/1156 1960/570/865 
f 2432/567/1153 1950/567/855 1957/570/862 2436/570/1157 
f 2433/639/1154 2432/567/1153 2436/570/1157 2437/570/1158 
f 2438/569/1159 2439/640/1160 2437/570/1158 2436/570/1157 
f 1956/569/861 2438/569/1159 2436/570/1157 1957/570/862 
f 2440/571/1161 1965/571/870 1966/572/871 2441/572/1162 
f 2085/601/927 2440/571/1161 2441/572/1162 2083/572/925 
f 2434/569/1155 2079/569/923 2083/572/925 2441/572/1162 
f 1959/569/864 2434/569/1155 2441/572/1162 1966/572/871 
f 2438/569/1159 1956/569/861 1963/572/868 2442/572/1163 
f 2439/640/1160 2438/569/1159 2442/572/1163 2443/572/1164 
f 2444/571/1165 2445/641/1166 2443/572/1164 2442/572/1163 
f 1962/571/867 2444/571/1165 2442/572/1163 1963/572/868 
f 2446/573/1167 1971/573/184 1972/574/184 2447/574/1168 
f 2094/608/936 2446/573/1167 2447/574/1168 2092/607/934 
f 2448/575/1169 2091/606/933 2092/607/934 2447/574/1168 
f 1974/575/184 2448/575/1169 2447/574/1168 1972/574/184 
f 2444/571/1165 1962/571/867 2449/642/1170 2450/642/1171 
f 2445/641/1166 2444/571/1165 2450/642/1171 2451/642/1172 
f 2452/575/1173 2453/643/1174 2451/642/1172 2450/642/1171 
f 1975/575/184 2452/575/1173 2450/642/1171 2449/642/1170 
f 2454/576/1175 1980/576/184 1981/577/184 2455/577/1176 
f 2099/576/941 2454/576/1175 2455/577/1176 2097/577/939 
f 2446/573/1167 2094/608/936 2097/577/939 2455/577/1176 
f 1971/573/184 2446/573/1167 2455/577/1176 1981/577/184 
f 2456/573/1177 1968/573/184 1978/577/184 2457/577/1178 
f 2458/644/1179 2456/573/1177 2457/577/1178 2459/577/1180 
f 2460/576/1181 2461/645/1182 2459/577/1180 2457/577/1178 
f 1977/576/184 2460/576/1181 2457/577/1178 1978/577/184 
f 2462/578/1183 1986/578/184 1987/579/184 2463/579/1184 
f 2105/578/946 2462/578/1183 2463/579/1184 2103/579/944 
f 2454/576/1175 2099/576/941 2103/579/944 2463/579/1184 
f 1980/576/184 2454/576/1175 2463/579/1184 1987/579/184 
f 2460/576/1181 1977/576/184 1984/579/184 2464/579/1185 
f 2461/645/1182 2460/576/1181 2464/579/1185 2465/579/1186 
f 2466/578/1187 2467/646/1188 2465/579/1186 2464/579/1185 
f 1983/578/184 2466/578/1187 2464/579/1185 1984/579/184 
f 2468/580/1189 1992/580/184 1993/581/184 2469/581/1190 
f 2111/580/950 2468/580/1189 2469/581/1190 2109/581/948 
f 2462/578/1183 2105/578/946 2109/581/948 2469/581/1190 
f 1986/578/184 2462/578/1183 2469/581/1190 1993/581/184 
f 2466/578/1187 1983/578/184 1990/581/184 2470/581/1191 
f 2467/646/1188 2466/578/1187 2470/581/1191 2471/581/1192 
f 2472/580/1193 2473/647/1194 2471/581/1192 2470/581/1191 
f 1989/580/184 2472/580/1193 2470/581/1191 1990/581/184 
f 2474/582/1195 1998/582/184 1999/583/184 2475/583/1196 
f 2117/582/954 2474/582/1195 2475/583/1196 2115/583/952 
f 2468/580/1189 2111/580/950 2115/583/952 2475/583/1196 
f 1992/580/184 2468/580/1189 2475/583/1196 1999/583/184 
f 2472/580/1193 1989/580/184 1996/583/184 2476/583/1197 
f 2473/647/1194 2472/580/1193 2476/583/1197 2477/583/1198 
f 2478/582/1199 2479/648/1200 2477/583/1198 2476/583/1197 
f 1995/582/184 2478/582/1199 2476/583/1197 1996/583/184 
f 2480/584/1201 2004/584/184 2005/585/184 2481/585/1202 
f 2123/584/958 2480/584/1201 2481/585/1202 2121/585/956 
f 2474/582/1195 2117/582/954 2121/585/956 2481/585/1202 
f 1998/582/184 2474/582/1195 2481/585/1202 2005/585/184 
f 2478/582/1199 1995/582/184 2002/585/184 2482/585/1203 
f 2479/648/1200 2478/582/1199 2482/585/1203 2483/585/1204 
f 2484/584/1205 2485/649/1206 2483/585/1204 2482/585/1203 
f 2001/584/184 2484/584/1205 2482/585/1203 2002/585/184 
f 2486/586/1207 2010/586/184 2011/587/184 2487/587/1208 
f 2129/586/962 2486/586/1207 2487/587/1208 2127/587/960 
f 2480/584/1201 2123/584/958 2127/587/960 2487/587/1208 
f 2004/584/184 2480/584/1201 2487/587/1208 2011/587/184 
f 2484/584/1205 2001/584/184 2008/587/184 2488/587/1209 
f 2485/649/1206 2484/584/1205 2488/587/1209 2489/587/1210 
f 2490/586/1211 2491/650/1212 2489/587/1210 2488/587/1209 
f 2007/586/184 2490/586/1211 2488/587/1209 2008/587/184 
f 1162/588/637 662/588/184 2014/589/184 2492/589/1213 
f 787/588/340 1162/588/637 2492/589/1213 2133/589/964 
f 2486/586/1207 2129/586/962 2133/589/964 2492/589/1213 
f 2010/586/184 2486/586/1207 2492/589/1213 2014/589/184 
f 2490/586/1211 2007/586/184 2012/589/184 2493/589/1214 
f 2491/650/1212 2490/586/1211 2493/589/1214 2494/589/1215 
f 1167/588/642 1166/651/641 2494/589/1215 2493/589/1214 
f 658/588/184 1167/588/642 2493/589/1214 2012/589/184 
f 2495/652/1216 1778/424/387 1777/425/343 2496/653/1217 
f 2375/620/1097 2495/652/1216 2496/653/1217 2373/619/1095 
f 1170/654/645 1042/618/518 2373/619/1095 2496/653/1217 
f 417/426/10 1170/654/645 2496/653/1217 1777/425/343 
f 2497/655/1218 1782/429/330 1781/430/388 2498/656/1219 
f 2381/622/1103 2497/655/1218 2498/656/1219 2379/621/1101 
f 2495/652/1216 2375/620/1097 2379/621/1101 2498/656/1219 
f 1778/424/387 2495/652/1216 2498/656/1219 1781/430/388 
f 2499/657/1220 1786/433/384 1785/434/385 2500/658/1221 
f 2387/624/1109 2499/657/1220 2500/658/1221 2385/623/1107 
f 2497/655/1218 2381/622/1103 2385/623/1107 2500/658/1221 
f 1782/429/330 2497/655/1218 2500/658/1221 1785/434/385 
f 2501/659/1222 1790/437/318 1789/438/325 2502/660/1223 
f 2393/626/1115 2501/659/1222 2502/660/1223 2391/625/1113 
f 2499/657/1220 2387/624/1109 2391/625/1113 2502/660/1223 
f 1786/433/384 2499/657/1220 2502/660/1223 1789/438/325 
f 2503/661/1224 1794/441/379 1793/442/382 2504/662/1225 
f 2399/628/1121 2503/661/1224 2504/662/1225 2397/627/1119 
f 2501/659/1222 2393/626/1115 2397/627/1119 2504/662/1225 
f 1790/437/318 2501/659/1222 2504/662/1225 1793/442/382 
f 2505/663/1226 1798/445/306 1797/446/380 2506/664/1227 
f 2405/630/1127 2505/663/1226 2506/664/1227 2403/629/1125 
f 2503/661/1224 2399/628/1121 2403/629/1125 2506/664/1227 
f 1794/441/379 2503/661/1224 2506/664/1227 1797/446/380 
f 2507/665/1228 1802/449/827 1801/450/826 2508/666/1229 
f 2411/632/1133 2507/665/1228 2508/666/1229 2409/631/1131 
f 2505/663/1226 2405/630/1127 2409/631/1131 2508/666/1229 
f 1798/445/306 2505/663/1226 2508/666/1229 1801/450/826 
f 2509/667/1230 1806/453/831 1805/454/830 2510/668/1231 
f 2424/636/1145 2509/667/1230 2510/668/1231 2511/669/1232 
f 2417/634/1138 2419/635/1140 2511/669/1232 2510/668/1231 
f 2411/632/1133 2417/634/1138 2510/668/1231 2507/665/1228 
f 1805/454/830 1802/449/827 2507/665/1228 2510/668/1231 
f 2512/670/1233 1810/457/367 1809/458/832 2513/671/1234 
f 2427/638/1148 2512/670/1233 2513/671/1234 2425/637/1146 
f 2509/667/1230 2424/636/1145 2425/637/1146 2513/671/1234 
f 1806/453/831 2509/667/1230 2513/671/1234 1809/458/832 
f 2514/672/1235 1814/462/364 1813/463/368 2515/673/1236 
f 2433/674/1154 2514/672/1235 2515/673/1236 2431/675/1152 
f 2512/677/1233 2427/676/1148 2431/675/1152 2515/673/1236 
f 1810/464/367 2512/677/1233 2515/673/1236 1813/463/368 
f 2516/678/1237 1818/467/274 1817/468/281 2517/679/1238 
f 2439/680/1160 2516/678/1237 2517/679/1238 2437/681/1158 
f 2514/672/1235 2433/674/1154 2437/681/1158 2517/679/1238 
f 1814/462/364 2514/672/1235 2517/679/1238 1817/468/281 
f 2518/682/1239 1822/471/836 1821/472/835 2519/683/1240 
f 2445/684/1166 2518/682/1239 2519/683/1240 2443/685/1164 
f 2516/678/1237 2439/680/1160 2443/685/1164 2519/683/1240 
f 1818/467/274 2516/678/1237 2519/683/1240 1821/472/835 
f 2520/686/1241 1826/475/840 1825/476/839 2521/687/1242 
f 2458/688/1179 2520/686/1241 2521/687/1242 2522/689/1243 
f 2451/691/1172 2453/690/1174 2522/689/1243 2521/687/1242 
f 2445/684/1166 2451/691/1172 2521/687/1242 2518/682/1239 
f 1825/476/839 1822/471/836 2518/682/1239 2521/687/1242 
f 2523/692/1244 1830/479/354 1829/480/841 2524/693/1245 
f 2461/694/1182 2523/692/1244 2524/693/1245 2459/695/1180 
f 2520/686/1241 2458/688/1179 2459/695/1180 2524/693/1245 
f 1826/475/840 2520/686/1241 2524/693/1245 1829/480/841 
f 2525/696/1246 1834/483/248 1833/484/801 2526/697/1247 
f 2467/698/1188 2525/696/1246 2526/697/1247 2465/699/1186 
f 2523/692/1244 2461/694/1182 2465/699/1186 2526/697/1247 
f 1830/479/354 2523/692/1244 2526/697/1247 1833/484/801 
f 2527/700/1248 1838/487/242 1837/488/249 2528/701/1249 
f 2473/702/1194 2527/700/1248 2528/701/1249 2471/703/1192 
f 2525/696/1246 2467/698/1188 2471/703/1192 2528/701/1249 
f 1834/483/248 2525/696/1246 2528/701/1249 1837/488/249 
f 2529/704/1250 1842/491/348 1841/492/351 2530/705/1251 
f 2479/706/1200 2529/704/1250 2530/705/1251 2477/707/1198 
f 2527/700/1248 2473/702/1194 2477/707/1198 2530/705/1251 
f 1838/487/242 2527/700/1248 2530/705/1251 1841/492/351 
f 2531/708/1252 1846/495/346 1845/496/349 2532/709/1253 
f 2485/710/1206 2531/708/1252 2532/709/1253 2483/711/1204 
f 2529/704/1250 2479/706/1200 2483/711/1204 2532/709/1253 
f 1842/491/348 2529/704/1250 2532/709/1253 1845/496/349 
f 2533/712/1254 1850/499/344 1849/500/347 2534/713/1255 
f 2491/714/1212 2533/712/1254 2534/713/1255 2489/715/1210 
f 2531/708/1252 2485/710/1206 2489/715/1210 2534/713/1255 
f 1846/495/346 2531/708/1252 2534/713/1255 1849/500/347 
f 1209/716/684 492/504/162 1852/505/225 2535/717/1256 
f 1166/718/641 1209/716/684 2535/717/1256 2494/719/1215 
f 2533/712/1254 2491/714/1212 2494/719/1215 2535/717/1256 
f 1850/499/344 2533/712/1254 2535/717/1256 1852/505/225 
f 2294/548/184 960/549/185 1212/549/187 2536/548/185 
f 2295/547/185 2294/548/184 2536/548/185 2537/547/184 
f 1855/509/184 1854/506/185 2537/547/184 2536/548/185 
f 1214/720/185 1855/509/184 2536/548/185 1212/549/187 
f 2298/551/184 2295/547/185 2537/547/184 2538/551/185 
f 2299/550/185 2298/551/184 2538/551/185 2539/550/184 
f 1853/507/185 1856/510/185 2539/550/184 2538/551/185 
f 1854/506/185 1853/507/185 2538/551/185 2537/547/184 
f 2302/553/184 2299/550/185 2539/550/184 2540/553/185 
f 2303/552/185 2302/553/184 2540/553/185 2541/552/185 
f 1857/511/184 1859/512/187 2541/552/185 2540/553/185 
f 1856/510/185 1857/511/184 2540/553/185 2539/550/184 
f 2306/555/184 2303/552/185 2541/552/185 2542/555/185 
f 2307/554/185 2306/555/184 2542/555/185 2543/554/185 
f 1858/513/187 1860/514/187 2543/554/185 2542/555/185 
f 1859/512/187 1858/513/187 2542/555/185 2541/552/185 
f 2310/557/184 2307/554/185 2543/554/185 2544/557/185 
f 2311/556/185 2310/557/184 2544/557/185 2545/556/185 
f 1861/515/184 1863/516/187 2545/556/185 2544/557/185 
f 1860/514/187 1861/515/184 2544/557/185 2543/554/185 
f 2314/559/185 2311/556/185 2545/556/185 2546/559/185 
f 2315/558/185 2314/559/185 2546/559/185 2547/558/185 
f 1862/517/187 1864/518/187 2547/558/185 2546/559/185 
f 1863/516/187 1862/517/187 2546/559/185 2545/556/185 
f 2318/561/185 2315/558/185 2547/558/185 2548/561/185 
f 2319/612/187 2318/561/185 2548/561/185 2549/612/185 
f 1865/519/184 1867/520/187 2549/612/185 2548/561/185 
f 1864/518/187 1865/519/184 2548/561/185 2547/558/185 
f 2322/614/185 2319/612/187 2549/612/185 2550/614/185 
f 2323/613/187 2322/614/185 2550/614/185 2551/613/185 
f 1866/521/187 1868/522/187 2551/613/185 2550/614/185 
f 1867/520/187 1866/521/187 2550/614/185 2549/612/185 
f 2326/566/185 2323/613/187 2551/613/185 2552/566/187 
f 2327/565/187 2326/566/185 2552/566/187 2553/565/185 
f 1869/523/185 1871/524/187 2553/565/185 2552/566/187 
f 1868/522/187 1869/523/185 2552/566/187 2551/613/185 
f 2330/568/185 2327/565/187 2553/565/185 2554/568/187 
f 2331/567/187 2330/568/185 2554/568/187 2555/567/185 
f 1870/525/187 1872/526/187 2555/567/185 2554/568/187 
f 1871/524/187 1870/525/187 2554/568/187 2553/565/185 
f 2334/570/185 2331/567/187 2555/567/185 2556/570/187 
f 2335/569/187 2334/570/185 2556/570/187 2557/569/185 
f 1873/527/185 1875/528/187 2557/569/185 2556/570/187 
f 1872/526/187 1873/527/185 2556/570/187 2555/567/185 
f 2338/572/185 2335/569/187 2557/569/185 2558/572/187 
f 2339/615/187 2338/572/185 2558/572/187 2559/615/185 
f 1874/529/187 1876/530/187 2559/615/185 2558/572/187 
f 1875/528/187 1874/529/187 2558/572/187 2557/569/185 
f 2342/617/185 2339/615/187 2559/615/185 2560/617/187 
f 2343/616/187 2342/617/185 2560/617/187 2561/616/187 
f 1877/531/185 1879/532/186 2561/616/187 2560/617/187 
f 1876/530/187 1877/531/185 2560/617/187 2559/615/185 
f 2346/577/185 2343/616/187 2561/616/187 2562/577/187 
f 2347/576/187 2346/577/185 2562/577/187 2563/576/187 
f 1878/533/186 1880/534/186 2563/576/187 2562/577/187 
f 1879/532/186 1878/533/186 2562/577/187 2561/616/187 
f 2350/579/185 2347/576/187 2563/576/187 2564/579/187 
f 2351/578/187 2350/579/185 2564/579/187 2565/578/187 
f 1881/535/185 1883/536/186 2565/578/187 2564/579/187 
f 1880/534/186 1881/535/185 2564/579/187 2563/576/187 
f 2354/581/187 2351/578/187 2565/578/187 2566/581/187 
f 2355/580/187 2354/581/187 2566/581/187 2567/580/187 
f 1882/537/186 1884/538/186 2567/580/187 2566/581/187 
f 1883/536/186 1882/537/186 2566/581/187 2565/578/187 
f 2358/583/187 2355/580/187 2567/580/187 2568/583/187 
f 2359/582/186 2358/583/187 2568/583/187 2569/582/187 
f 1885/539/185 1887/540/186 2569/582/187 2568/583/187 
f 1884/538/186 1885/539/185 2568/583/187 2567/580/187 
f 2362/585/187 2359/582/186 2569/582/187 2570/585/187 
f 2363/584/186 2362/585/187 2570/585/187 2571/584/187 
f 1886/541/186 1888/542/186 2571/584/187 2570/585/187 
f 1887/540/186 1886/541/186 2570/585/187 2569/582/187 
f 2366/587/187 2363/584/186 2571/584/187 2572/587/186 
f 2367/586/186 2366/587/187 2572/587/186 2573/586/187 
f 1889/543/187 1891/544/186 2573/586/187 2572/587/186 
f 1888/542/186 1889/543/187 2572/587/186 2571/584/187 
f 2369/589/187 2367/586/186 2573/586/187 2574/589/187 
f 1035/588/184 2369/589/187 2574/589/187 1252/588/187 
f 1252/588/187 2574/589/187 1890/545/186 534/546/184 
f 1891/544/186 1890/545/186 2574/589/187 2573/586/187 
f 1424/44/733 1426/47/735 2575/722/1257 2576/721/1258 
f 43/43/2 1424/44/733 2576/721/1258 1255/723/688 
f 1384/721/1 1256/723/1 1255/723/688 2576/721/1258 
f 2577/722/1 1384/721/1 2576/721/1258 2575/722/1257 
f 1260/725/690 2578/724/1259 1538/724/818 162/726/121 
f 1534/727/816 1538/724/818 2578/724/1259 2579/728/1260 
f 2580/724/1 2581/728/1 2579/728/1260 2578/724/1259 
f 1264/725/1 2580/724/1 2578/724/1259 1260/725/690 
f 1532/729/814 1534/727/816 2579/728/1260 2582/729/1261 
f 1528/730/812 1532/729/814 2582/729/1261 2583/731/1262 
f 2584/729/1 2585/731/1 2583/731/1262 2582/729/1261 
f 2581/728/1 2584/729/1 2582/729/1261 2579/728/1260 
f 1526/732/810 1528/730/812 2583/731/1262 2586/732/1263 
f 1522/733/808 1526/732/810 2586/732/1263 2587/734/1264 
f 2588/732/1 2589/734/1 2587/734/1264 2586/732/1263 
f 2585/731/1 2588/732/1 2586/732/1263 2583/731/1262 
f 1520/735/806 1522/733/808 2587/734/1264 2590/735/1265 
f 1516/736/804 1520/735/806 2590/735/1265 2591/737/1266 
f 2592/735/1 2593/737/1 2591/737/1266 2590/735/1265 
f 2589/734/1 2592/735/1 2590/735/1265 2587/734/1264 
f 1514/738/802 1516/736/804 2591/737/1266 2594/738/1267 
f 1510/739/799 1514/738/802 2594/738/1267 2595/740/1268 
f 2596/738/1 2597/740/1 2595/740/1268 2594/738/1267 
f 2593/737/1 2596/738/1 2594/738/1267 2591/737/1266 
f 1508/741/797 1510/739/799 2595/740/1268 2598/741/1269 
f 1504/742/794 1508/741/797 2598/741/1269 2599/743/1270 
f 2600/741/1 2601/743/1 2599/743/1270 2598/741/1269 
f 2597/740/1 2600/741/1 2598/741/1269 2595/740/1268 
f 1502/744/792 1504/742/794 2599/743/1270 2602/744/1271 
f 1498/745/789 1502/744/792 2602/744/1271 2603/746/1272 
f 2604/744/1 2605/746/1 2603/746/1272 2602/744/1271 
f 2601/743/1 2604/744/1 2602/744/1271 2599/743/1270 
f 1496/747/787 1498/745/789 2603/746/1272 2606/747/1273 
f 1492/748/783 1496/747/787 2606/747/1273 2607/749/1274 
f 2608/747/1 2609/749/1 2607/749/1274 2606/747/1273 
f 2605/746/1 2608/747/1 2606/747/1273 2603/746/1272 
f 1490/750/781 1492/748/783 2607/749/1274 2610/750/1275 
f 1486/751/778 1490/750/781 2610/750/1275 2611/752/1276 
f 2612/750/1 2613/752/1 2611/752/1276 2610/750/1275 
f 2609/749/1 2612/750/1 2610/750/1275 2607/749/1274 
f 1484/753/776 1486/751/778 2611/752/1276 2614/753/1277 
f 1480/754/773 1484/753/776 2614/753/1277 2615/755/1278 
f 2616/753/1 2617/755/1 2615/755/1278 2614/753/1277 
f 2613/752/1 2616/753/1 2614/753/1277 2611/752/1276 
f 1478/756/771 1480/754/773 2615/755/1278 2618/756/1279 
f 1474/96/769 1478/756/771 2618/756/1279 2619/757/1280 
f 2620/756/1 2621/757/1 2619/757/1280 2618/756/1279 
f 2617/755/1 2620/756/1 2618/756/1279 2615/755/1278 
f 1472/94/767 1474/96/769 2619/757/1280 2622/758/1281 
f 1468/90/763 1472/94/767 2622/758/1281 2623/759/1282 
f 2624/758/1 2625/759/1 2623/759/1282 2622/758/1281 
f 2621/757/1 2624/758/1 2622/758/1281 2619/757/1280 
f 1466/88/761 1468/90/763 2623/759/1282 2626/760/1283 
f 1462/84/759 1466/88/761 2626/760/1283 2627/761/1284 
f 2628/760/1 2629/761/1 2627/761/1284 2626/760/1283 
f 2625/759/1 2628/760/1 2626/760/1283 2623/759/1282 
f 1460/82/757 1462/84/759 2627/761/1284 2630/762/1285 
f 1456/78/755 1460/82/757 2630/762/1285 2631/763/1286 
f 2632/762/1 2633/763/1 2631/763/1286 2630/762/1285 
f 2629/761/1 2632/762/1 2630/762/1285 2627/761/1284 
f 1454/76/753 1456/78/755 2631/763/1286 2634/764/1287 
f 1450/72/751 1454/76/753 2634/764/1287 2635/765/1288 
f 2636/764/1 2637/765/1 2635/765/1288 2634/764/1287 
f 2633/763/1 2636/764/1 2634/764/1287 2631/763/1286 
f 1448/70/749 1450/72/751 2635/765/1288 2638/766/1289 
f 1444/66/747 1448/70/749 2638/766/1289 2639/767/1290 
f 2640/766/1 2641/767/1 2639/767/1290 2638/766/1289 
f 2637/765/1 2640/766/1 2638/766/1289 2635/765/1288 
f 1442/64/745 1444/66/747 2639/767/1290 2642/768/1291 
f 1438/60/743 1442/64/745 2642/768/1291 2643/769/1292 
f 2644/768/1 2645/769/1 2643/769/1292 2642/768/1291 
f 2641/767/1 2644/768/1 2642/768/1291 2639/767/1290 
f 1436/58/741 1438/60/743 2643/769/1292 2646/770/1293 
f 1432/54/739 1436/58/741 2646/770/1293 2647/771/1294 
f 2648/770/1 2649/771/1 2647/771/1294 2646/770/1293 
f 2645/769/1 2648/770/1 2646/770/1293 2643/769/1292 
f 1430/52/737 1432/54/739 2647/771/1294 2650/772/1295 
f 1426/47/735 1430/52/737 2650/772/1295 2575/722/1257 
f 2651/772/1 2577/722/1 2575/722/1257 2650/772/1295 
f 2649/771/1 2651/772/1 2650/772/1295 2647/771/1294 
f 1384/721/1 2577/722/1 2652/722/1 2653/721/1 
f 1337/723/1 2653/721/1 1422/41/1 42/42/1 
f 1423/40/1 1422/41/1 2653/721/1 2652/722/1 
f 1339/725/1 2654/724/1 2580/724/1 1264/725/1 
f 2581/728/1 2580/724/1 2654/724/1 2655/728/1 
f 1385/2/1 1387/4/1 2655/728/1 2654/724/1 
f 1/1/1 1385/2/1 2654/724/1 1339/725/1 
f 2584/729/1 2581/728/1 2655/728/1 2656/729/1 
f 2585/731/1 2584/729/1 2656/729/1 2657/731/1 
f 1386/5/1 1388/6/1 2657/731/1 2656/729/1 
f 1387/4/1 1386/5/1 2656/729/1 2655/728/1 
f 2588/732/1 2585/731/1 2657/731/1 2658/732/1 
f 2589/734/1 2588/732/1 2658/732/1 2659/734/1 
f 1389/7/1 1391/8/1 2659/734/1 2658/732/1 
f 1388/6/1 1389/7/1 2658/732/1 2657/731/1 
f 2592/735/1 2589/734/1 2659/734/1 2660/735/1 
f 2593/737/1 2592/735/1 2660/735/1 2661/737/1 
f 1390/9/1 1392/10/1 2661/737/1 2660/735/1 
f 1391/8/1 1390/9/1 2660/735/1 2659/734/1 
f 2596/738/1 2593/737/1 2661/737/1 2662/738/1 
f 2597/740/1 2596/738/1 2662/738/1 2663/740/1 
f 1393/11/1 1395/12/1 2663/740/1 2662/738/1 
f 1392/10/1 1393/11/1 2662/738/1 2661/737/1 
f 2600/741/1 2597/740/1 2663/740/1 2664/741/1 
f 2601/743/1 2600/741/1 2664/741/1 2665/743/1 
f 1394/13/1 1396/14/1 2665/743/1 2664/741/1 
f 1395/12/1 1394/13/1 2664/741/1 2663/740/1 
f 2604/744/1 2601/743/1 2665/743/1 2666/744/1 
f 2605/746/1 2604/744/1 2666/744/1 2667/746/1 
f 1397/15/1 1399/16/1 2667/746/1 2666/744/1 
f 1396/14/1 1397/15/1 2666/744/1 2665/743/1 
f 2608/747/1 2605/746/1 2667/746/1 2668/747/1 
f 2609/749/1 2608/747/1 2668/747/1 2669/749/1 
f 1398/17/1 1400/18/1 2669/749/1 2668/747/1 
f 1399/16/1 1398/17/1 2668/747/1 2667/746/1 
f 2612/750/1 2609/749/1 2669/749/1 2670/750/1 
f 2613/752/1 2612/750/1 2670/750/1 2671/752/1 
f 1401/19/1 1403/20/1 2671/752/1 2670/750/1 
f 1400/18/1 1401/19/1 2670/750/1 2669/749/1 
f 2616/753/1 2613/752/1 2671/752/1 2672/753/1 
f 2617/755/1 2616/753/1 2672/753/1 2673/755/1 
f 1402/21/1 1404/22/1 2673/755/1 2672/753/1 
f 1403/20/1 1402/21/1 2672/753/1 2671/752/1 
f 2620/756/1 2617/755/1 2673/755/1 2674/756/1 
f 2621/757/1 2620/756/1 2674/756/1 2675/757/1 
f 1405/23/1 1407/24/1 2675/757/1 2674/756/1 
f 1404/22/1 1405/23/1 2674/756/1 2673/755/1 
f 2624/758/1 2621/757/1 2675/757/1 2676/758/1 
f 2625/759/1 2624/758/1 2676/758/1 2677/759/1 
f 1406/25/1 1408/26/1 2677/759/1 2676/758/1 
f 1407/24/1 1406/25/1 2676/758/1 2675/757/1 
f 2628/760/1 2625/759/1 2677/759/1 2678/760/1 
f 2629/761/1 2628/760/1 2678/760/1 2679/761/1 
f 1409/27/1 1411/28/1 2679/761/1 2678/760/1 
f 1408/26/1 1409/27/1 2678/760/1 2677/759/1 
f 2632/762/1 2629/761/1 2679/761/1 2680/762/1 
f 2633/763/1 2632/762/1 2680/762/1 2681/763/1 
f 1410/29/1 1412/30/1 2681/763/1 2680/762/1 
f 1411/28/1 1410/29/1 2680/762/1 2679/761/1 
f 2636/764/1 2633/763/1 2681/763/1 2682/764/1 
f 2637/765/1 2636/764/1 2682/764/1 2683/765/1 
f 1413/31/1 1415/32/1 2683/765/1 2682/764/1 
f 1412/30/1 1413/31/1 2682/764/1 2681/763/1 
f 2640/766/1 2637/765/1 2683/765/1 2684/766/1 
f 2641/767/1 2640/766/1 2684/766/1 2685/767/1 
f 1414/33/1 1416/34/1 2685/767/1 2684/766/1 
f 1415/32/1 1414/33/1 2684/766/1 2683/765/1 
f 2644/768/1 2641/767/1 2685/767/1 2686/768/1 
f 2645/769/1 2644/768/1 2686/768/1 2687/769/1 
f 1417/35/1 1419/36/1 2687/769/1 2686/768/1 
f 1416/34/1 1417/35/1 2686/768/1 2685/767/1 
f 2648/770/1 2645/769/1 2687/769/1 2688/770/1 
f 2649/771/1 2648/770/1 2688/770/1 2689/771/1 
f 1418/37/1 1420/38/1 2689/771/1 2688/770/1 
f 1419/36/1 1418/37/1 2688/770/1 2687/769/1 
f 2651/772/1 2649/771/1 2689/771/1 2690/772/1 
f 2577/722/1 2651/772/1 2690/772/1 2652/722/1 
f 1421/39/1 1423/40/1 2652/722/1 2690/772/1 
f 1420/38/1 1421/39/1 2690/772/1 2689/771/1 
f 2691/642/1296 1974/575/184 1973/575/184 2692/642/1297 
f 1965/571/870 2691/642/1296 2692/642/1297 1961/571/866 
f 2449/642/1170 1962/571/867 1961/571/866 2692/642/1297 
f 1975/575/184 2449/642/1170 2692/642/1297 1973/575/184 
f 2089/604/931 2091/606/933 2448/575/1169 2693/642/1298 
f 2085/601/927 2089/604/931 2693/642/1298 2440/571/1161 
f 2691/642/1296 1965/571/870 2440/571/1161 2693/642/1298 
f 1974/575/184 2691/642/1296 2693/642/1298 2448/575/1169 
f 2522/574/1243 2453/643/1174 2452/575/1173 2694/574/1299 
f 2458/644/1179 2522/574/1243 2694/574/1299 2456/573/1177 
f 1969/574/184 1968/573/184 2456/573/1177 2694/574/1299 
f 1975/575/184 1969/574/184 2694/574/1299 2452/575/1173 
f 2695/633/184 1941/564/184 1940/564/184 2696/633/184 
f 1932/560/184 2695/633/184 2696/633/184 1928/560/184 
f 2415/633/184 1929/560/184 1928/560/184 2696/633/184 
f 1942/564/184 2415/633/184 2696/633/184 1940/564/184 
f 2057/593/903 2059/595/905 2414/564/1136 2697/633/1300 
f 2053/590/899 2057/593/903 2697/633/1300 2406/560/1128 
f 2695/633/184 1932/560/184 2406/560/1128 2697/633/1300 
f 1941/564/184 2695/633/184 2697/633/1300 2414/564/1136 
f 2511/669/1232 2419/635/1140 2418/564/1139 2698/563/1301 
f 2424/636/1145 2511/669/1232 2698/563/1301 2422/562/1143 
f 1936/563/844 1935/562/843 2422/562/1143 2698/563/1301 
f 1942/564/184 1936/563/844 2698/563/1301 2418/564/1139 
f 1214/720/185 496/508/184 1855/509/184 
f 2653/721/1 1337/723/1 1384/721/1 
# 2691 polygons - 10 triangles

